"order_id","date","actual","Baseline","Logistic","Ridge","LASSO","ElasticNet"
"ORD-023739",2026-03-01,0,0.0969127712246978,0.0567277226946863,0.0885424654860684,0.0967499161367133,0.0966485158433126
"ORD-023742",2026-03-01,0,0.0969127712246978,0.088085821987381,0.0953416933124762,0.0967499161367133,0.0966485158433126
"ORD-023774",2026-03-01,0,0.0969127712246978,0.17079568652319,0.115257465379949,0.0967499161367133,0.0966485158433126
"ORD-023801",2026-03-01,0,0.0969127712246978,0.130643365698879,0.105570220122194,0.0967499161367133,0.0966485158433126
"ORD-023812",2026-03-01,0,0.0969127712246978,0.060472810073351,0.0893426086901247,0.0967499161367133,0.0966485158433126
"ORD-023827",2026-03-01,0,0.0969127712246978,0.117800634436719,0.102347825604471,0.0967499161367133,0.0966485158433126
"ORD-023838",2026-03-01,0,0.0969127712246978,0.076948395118036,0.0929366428945419,0.0967499161367133,0.0966485158433126
"ORD-023841",2026-03-01,0,0.0969127712246978,0.127353919456125,0.104627238137692,0.0967499161367133,0.0966485158433126
"ORD-023868",2026-03-01,0,0.0969127712246978,0.156923345583975,0.112444062881647,0.0995408243258331,0.102132575198061
"ORD-023882",2026-03-01,0,0.0969127712246978,0.127412408301279,0.105118526274322,0.0967499161367133,0.0966485158433126
"ORD-023906",2026-03-01,0,0.0969127712246978,0.0598678190431321,0.0890964155750757,0.0967499161367133,0.0966485158433126
"ORD-023935",2026-03-01,0,0.0969127712246978,0.100102138611348,0.0982378486506552,0.0967499161367133,0.0966485158433126
"ORD-023983",2026-03-01,0,0.0969127712246978,0.14508253094439,0.108586595665809,0.0967499161367133,0.0966485158433126
"ORD-023992",2026-03-01,0,0.0969127712246978,0.060472810073351,0.0893426086901247,0.0967499161367133,0.0966485158433126
"ORD-023997",2026-03-01,0,0.0969127712246978,0.0756005171646925,0.0926000682815908,0.0967499161367133,0.0966485158433126
"ORD-023738",2026-03-01,0,0.0969127712246978,0.119815573364142,0.103040231105562,0.0967499161367133,0.0966485158433126
"ORD-023754",2026-03-01,0,0.0969127712246978,0.14508253094439,0.108586595665809,0.0967499161367133,0.0966485158433126
"ORD-023760",2026-03-01,0,0.0969127712246978,0.0854353776264856,0.0947421409428775,0.0967499161367133,0.0966485158433126
"ORD-023763",2026-03-01,1,0.0969127712246978,0.103008503667635,0.0988182718983181,0.0967499161367133,0.0966485158433126
"ORD-023775",2026-03-01,0,0.0969127712246978,0.076948395118036,0.0929366428945419,0.0967499161367133,0.0966485158433126
"ORD-023776",2026-03-01,0,0.0969127712246978,0.0705710645779117,0.0915987555723924,0.0967499161367133,0.0966485158433126
"ORD-023802",2026-03-01,0,0.0969127712246978,0.0854353776264856,0.0947421409428775,0.0967499161367133,0.0966485158433126
"ORD-023815",2026-03-01,0,0.0969127712246978,0.100443771783996,0.0982964911478507,0.0967499161367133,0.0966485158433126
"ORD-023824",2026-03-01,0,0.0969127712246978,0.0885973441953713,0.0957065245304617,0.0967499161367133,0.0966485158433126
"ORD-023836",2026-03-01,0,0.0969127712246978,0.119815573364142,0.103040231105562,0.0967499161367133,0.0966485158433126
"ORD-023842",2026-03-01,0,0.0969127712246978,0.0570796504322294,0.0885193419907879,0.0967499161367133,0.0966485158433126
"ORD-023854",2026-03-01,0,0.0969127712246978,0.0717400171937041,0.0916911387002861,0.0967499161367133,0.0966485158433126
"ORD-023870",2026-03-01,0,0.0969127712246978,0.076948395118036,0.0929366428945419,0.0967499161367133,0.0966485158433126
"ORD-023937",2026-03-01,0,0.0969127712246978,0.134684950390445,0.106650207141568,0.0967499161367133,0.0966485158433126
"ORD-023945",2026-03-01,0,0.0969127712246978,0.115084804542026,0.101517092635499,0.0967499161367133,0.0966485158433126
"ORD-023966",2026-03-01,0,0.0969127712246978,0.0567277226946863,0.0885424654860684,0.0967499161367133,0.0966485158433126
"ORD-023969",2026-03-01,0,0.0969127712246978,0.0495271045910037,0.0869506765187342,0.0967499161367133,0.0966485158433126
"ORD-023988",2026-03-01,0,0.0969127712246978,0.102318870390794,0.0989066497198825,0.0967499161367133,0.0966485158433126
"ORD-023994",2026-03-01,0,0.0969127712246978,0.0689142250636833,0.0912641375454745,0.0967499161367133,0.0966485158433126
"ORD-023744",2026-03-01,0,0.0969127712246978,0.134684950390445,0.106650207141568,0.0967499161367133,0.0966485158433126
"ORD-023748",2026-03-01,0,0.0969127712246978,0.119815573364142,0.103040231105562,0.0967499161367133,0.0966485158433126
"ORD-023769",2026-03-01,0,0.0969127712246978,0.124532550845764,0.104115725627511,0.0967499161367133,0.0966485158433126
"ORD-023770",2026-03-01,0,0.0969127712246978,0.130643365698879,0.105570220122194,0.0967499161367133,0.0966485158433126
"ORD-023772",2026-03-01,0,0.0969127712246978,0.108254457169189,0.0998241968221176,0.0967499161367133,0.0966485158433126
"ORD-023779",2026-03-01,0,0.0969127712246978,0.100443771783996,0.0982964911478507,0.0967499161367133,0.0966485158433126
"ORD-023803",2026-03-01,0,0.0969127712246978,0.115258889027376,0.101747283992693,0.0967499161367133,0.0966485158433126
"ORD-023808",2026-03-01,0,0.0969127712246978,0.0935085931181605,0.0965781724337625,0.0967499161367133,0.0966485158433126
"ORD-023810",2026-03-01,0,0.0969127712246978,0.17079568652319,0.115257465379949,0.0967499161367133,0.0966485158433126
"ORD-023818",2026-03-01,0,0.0969127712246978,0.0753527456006604,0.0928669108903198,0.0967499161367133,0.0966485158433126
"ORD-023819",2026-03-01,0,0.0969127712246978,0.092325892200898,0.09645606498279,0.0967499161367133,0.0966485158433126
"ORD-023821",2026-03-01,0,0.0969127712246978,0.0756005171646925,0.0926000682815908,0.0967499161367133,0.0966485158433126
"ORD-023835",2026-03-01,0,0.0969127712246978,0.115084804542026,0.101517092635499,0.0967499161367133,0.0966485158433126
"ORD-023849",2026-03-01,0,0.0969127712246978,0.118373464210423,0.102441446517456,0.0967499161367133,0.0966485158433126
"ORD-023851",2026-03-01,0,0.0969127712246978,0.0925744833591042,0.0965186115297025,0.0967499161367133,0.0966485158433126
"ORD-023879",2026-03-01,0,0.0969127712246978,0.115084804542026,0.101517092635499,0.0967499161367133,0.0966485158433126
"ORD-023887",2026-03-01,0,0.0969127712246978,0.148031570971137,0.109625559753705,0.100541500134285,0.102408918308548
"ORD-023896",2026-03-01,0,0.0969127712246978,0.088085821987381,0.0953416933124762,0.0967499161367133,0.0966485158433126
"ORD-023903",2026-03-01,1,0.0969127712246978,0.0765230338077349,0.0927983562488461,0.0967499161367133,0.0966485158433126
"ORD-023907",2026-03-01,0,0.0969127712246978,0.0570796504322294,0.0885193419907879,0.0967499161367133,0.0966485158433126
"ORD-023923",2026-03-01,0,0.0969127712246978,0.0798740032273706,0.093387255682577,0.0967499161367133,0.0966485158433126
"ORD-023924",2026-03-01,0,0.0969127712246978,0.069024468886829,0.0911689534791041,0.0967499161367133,0.0966485158433126
"ORD-023936",2026-03-01,0,0.0969127712246978,0.117800634436719,0.102347825604471,0.0967499161367133,0.0966485158433126
"ORD-023954",2026-03-01,0,0.0969127712246978,0.100102138611348,0.0982378486506552,0.0967499161367133,0.0966485158433126
"ORD-023956",2026-03-01,0,0.0969127712246978,0.0489373650235771,0.0868088147935686,0.0967499161367133,0.0966485158433126
"ORD-023965",2026-03-01,0,0.0969127712246978,0.117800634436719,0.102347825604471,0.0967499161367133,0.0966485158433126
"ORD-023973",2026-03-01,0,0.0969127712246978,0.061018485915638,0.089305743226081,0.0967499161367133,0.0956981529605399
"ORD-023981",2026-03-01,0,0.0969127712246978,0.061018485915638,0.089305743226081,0.0967499161367133,0.0956981529605399
"ORD-023991",2026-03-01,0,0.0969127712246978,0.0717400171937041,0.0916911387002861,0.0967499161367133,0.0966485158433126
"ORD-024000",2026-03-01,1,0.0969127712246978,0.0717400171937041,0.0916911387002861,0.0967499161367133,0.0966485158433126
"ORD-024001",2026-03-01,0,0.0969127712246978,0.134684950390445,0.106650207141568,0.0967499161367133,0.0966485158433126
"ORD-023773",2026-03-01,0,0.0969127712246978,0.0773237065209032,0.0931748571698182,0.0967499161367133,0.0966485158433126
"ORD-023778",2026-03-01,0,0.0969127712246978,0.117800634436719,0.102347825604471,0.0967499161367133,0.0966485158433126
"ORD-023786",2026-03-01,0,0.0969127712246978,0.0900607547698487,0.0958164585038812,0.0967499161367133,0.0966485158433126
"ORD-023804",2026-03-01,0,0.0969127712246978,0.0956223157369509,0.0984869630703236,0.0967499161367133,0.0966485158433126
"ORD-023830",2026-03-01,0,0.0969127712246978,0.0983031502497004,0.097682688915898,0.0967499161367133,0.0966485158433126
"ORD-023840",2026-03-01,1,0.0969127712246978,0.102318870390794,0.0989066497198825,0.0967499161367133,0.0966485158433126
"ORD-023858",2026-03-01,0,0.0969127712246978,0.122916216431808,0.103769410061854,0.0967499161367133,0.0966485158433126
"ORD-023880",2026-03-01,0,0.0969127712246978,0.115258889027376,0.101747283992693,0.0967499161367133,0.0966485158433126
"ORD-023886",2026-03-01,0,0.0969127712246978,0.113309960272497,0.101255340706022,0.0967499161367133,0.0966485158433126
"ORD-023901",2026-03-01,0,0.0969127712246978,0.105084908731276,0.0994371458537886,0.0967499161367133,0.0966485158433126
"ORD-023914",2026-03-01,0,0.0969127712246978,0.115258889027376,0.101747283992693,0.0967499161367133,0.0966485158433126
"ORD-023915",2026-03-01,0,0.0969127712246978,0.069024468886829,0.0911689534791041,0.0967499161367133,0.0966485158433126
"ORD-023942",2026-03-01,0,0.0969127712246978,0.120488514794694,0.102438297750883,0.0967499161367133,0.0966485158433126
"ORD-023976",2026-03-01,0,0.0969127712246978,0.112390272296576,0.101055189596196,0.0967499161367133,0.0966485158433126
"ORD-023978",2026-03-01,0,0.0969127712246978,0.0925744833591042,0.0965186115297025,0.0967499161367133,0.0966485158433126
"ORD-023757",2026-03-01,0,0.0969127712246978,0.122916216431808,0.103769410061854,0.0967499161367133,0.0966485158433126
"ORD-023762",2026-03-01,0,0.0969127712246978,0.134136913752262,0.106850762996403,0.0967499161367133,0.0966485158433126
"ORD-023783",2026-03-01,1,0.0969127712246978,0.092423928057842,0.0964299433108496,0.0967499161367133,0.0966485158433126
"ORD-023787",2026-03-01,0,0.0969127712246978,0.0966217585779758,0.0975436538211482,0.0967499161367133,0.0966485158433126
"ORD-023793",2026-03-01,0,0.0969127712246978,0.100476983784029,0.0982056620746813,0.0967499161367133,0.0966485158433126
"ORD-023794",2026-03-01,0,0.0969127712246978,0.061018485915638,0.089305743226081,0.0967499161367133,0.0956981529605399
"ORD-023807",2026-03-01,0,0.0969127712246978,0.12443844403872,0.104071570410469,0.0967499161367133,0.0966485158433126
"ORD-023820",2026-03-01,0,0.0969127712246978,0.0983031502497004,0.097682688915898,0.0967499161367133,0.0966485158433126
"ORD-023822",2026-03-01,0,0.0969127712246978,0.109830641570731,0.100562082345835,0.0967499161367133,0.0966485158433126
"ORD-023832",2026-03-01,0,0.0969127712246978,0.0983031502497004,0.097682688915898,0.0967499161367133,0.0966485158433126
"ORD-023859",2026-03-01,0,0.0969127712246978,0.115084804542026,0.101517092635499,0.0967499161367133,0.0966485158433126
"ORD-023863",2026-03-01,0,0.0969127712246978,0.156923345583975,0.112444062881647,0.0995408243258331,0.102132575198061
"ORD-023875",2026-03-01,0,0.0969127712246978,0.106167530853699,0.0995046800282888,0.0967499161367133,0.0966485158433126
"ORD-023893",2026-03-01,0,0.0969127712246978,0.12443844403872,0.104071570410469,0.0967499161367133,0.0966485158433126
"ORD-023902",2026-03-01,0,0.0969127712246978,0.0756005171646925,0.0926000682815908,0.0967499161367133,0.0966485158433126
"ORD-023905",2026-03-01,0,0.0969127712246978,0.0847972036262043,0.0946129649438602,0.0967499161367133,0.0966485158433126
"ORD-023910",2026-03-01,0,0.0969127712246978,0.105084908731276,0.0994371458537886,0.0967499161367133,0.0966485158433126
"ORD-023913",2026-03-01,0,0.0969127712246978,0.0925744833591042,0.0965186115297025,0.0967499161367133,0.0966485158433126
"ORD-023917",2026-03-01,1,0.0969127712246978,0.105357156622338,0.0995867802632453,0.0967499161367133,0.0966485158433126
"ORD-023919",2026-03-01,1,0.0969127712246978,0.113309960272497,0.101255340706022,0.0967499161367133,0.0966485158433126
"ORD-023929",2026-03-01,1,0.0969127712246978,0.115084804542026,0.101517092635499,0.0967499161367133,0.0966485158433126
"ORD-023952",2026-03-01,0,0.0969127712246978,0.060472810073351,0.0893426086901247,0.0967499161367133,0.0966485158433126
"ORD-023957",2026-03-01,0,0.0969127712246978,0.061018485915638,0.089305743226081,0.0967499161367133,0.0956981529605399
"ORD-023972",2026-03-01,0,0.0969127712246978,0.100476983784029,0.0982056620746813,0.0967499161367133,0.0966485158433126
"ORD-023975",2026-03-01,1,0.0969127712246978,0.100443771783996,0.0982964911478507,0.0967499161367133,0.0966485158433126
"ORD-023745",2026-03-01,0,0.0969127712246978,0.132318423261021,0.105058253540168,0.0967499161367133,0.0966485158433126
"ORD-023752",2026-03-01,0,0.0969127712246978,0.168427322745296,0.113826963988398,0.0995408243258331,0.102132575198061
"ORD-023755",2026-03-01,0,0.0969127712246978,0.107974065966761,0.099465613533567,0.0967499161367133,0.0966485158433126
"ORD-023789",2026-03-01,0,0.0969127712246978,0.12415828023701,0.103013898920711,0.0967499161367133,0.0966485158433126
"ORD-023865",2026-03-01,0,0.0969127712246978,0.109001770022252,0.0997550430596102,0.0967499161367133,0.0966485158433126
"ORD-023940",2026-03-01,0,0.0969127712246978,0.121070644454476,0.102235619255212,0.0967499161367133,0.0966485158433126
"ORD-023946",2026-03-01,0,0.0969127712246978,0.143916771223372,0.107316954290695,0.0967499161367133,0.0966485158433126
"ORD-023947",2026-03-01,1,0.0969127712246978,0.155878958870677,0.109927931273603,0.0967499161367133,0.0966485158433126
"ORD-023948",2026-03-01,0,0.0969127712246978,0.0618006793395399,0.0896377196818334,0.0967499161367133,0.0966485158433126
"ORD-023967",2026-03-01,0,0.0969127712246978,0.137271668857936,0.106152610915807,0.0967499161367133,0.0966485158433126
"ORD-023982",2026-03-01,0,0.0969127712246978,0.103182347944406,0.0997174970732359,0.0967499161367133,0.0966485158433126
"ORD-023741",2026-03-01,0,0.0969127712246978,0.129015491058078,0.104321072174643,0.0967499161367133,0.0966485158433126
"ORD-023747",2026-03-01,0,0.0969127712246978,0.0999201728450281,0.0977272181969077,0.0967499161367133,0.0966485158433126
"ORD-023780",2026-03-01,0,0.0969127712246978,0.10092015985193,0.0977874441996539,0.0967499161367133,0.0966485158433126
"ORD-023797",2026-03-01,0,0.0969127712246978,0.117915101222509,0.101597111006101,0.0967499161367133,0.0966485158433126
"ORD-023814",2026-03-01,0,0.0969127712246978,0.132318423261021,0.105058253540168,0.0967499161367133,0.0966485158433126
"ORD-023920",2026-03-01,0,0.0969127712246978,0.137271668857936,0.106152610915807,0.0967499161367133,0.0966485158433126
"ORD-023931",2026-03-01,0,0.0969127712246978,0.0863077745682634,0.0945607554042045,0.0967499161367133,0.0966485158433126
"ORD-023941",2026-03-01,0,0.0969127712246978,0.0960137352340053,0.0968264476919912,0.0967499161367133,0.0966485158433126
"ORD-023963",2026-03-01,0,0.0969127712246978,0.0999201728450281,0.0977272181969077,0.0967499161367133,0.0966485158433126
"ORD-023968",2026-03-01,0,0.0969127712246978,0.0972283543172714,0.0970172169440322,0.0967499161367133,0.0966485158433126
"ORD-024004",2026-03-01,0,0.0969127712246978,0.0748398300816789,0.0922933000889556,0.0967499161367133,0.0966485158433126
"ORD-024005",2026-03-01,0,0.0969127712246978,0.127478688364479,0.103715705055726,0.0967499161367133,0.0966485158433126
"ORD-023743",2026-03-01,0,0.0969127712246978,0.133939308885111,0.105363725595891,0.0967499161367133,0.0966485158433126
"ORD-023750",2026-03-01,0,0.0969127712246978,0.0761504027261654,0.0926435027686266,0.0967499161367133,0.0966485158433126
"ORD-023761",2026-03-01,0,0.0969127712246978,0.121070644454476,0.102235619255212,0.0967499161367133,0.0966485158433126
"ORD-023777",2026-03-01,0,0.0969127712246978,0.0654550037631262,0.0904703553548102,0.0967499161367133,0.0966485158433126
"ORD-023784",2026-03-01,0,0.0969127712246978,0.137271668857936,0.106152610915807,0.0967499161367133,0.0966485158433126
"ORD-023856",2026-03-01,0,0.0969127712246978,0.0915880609323565,0.0958002393437481,0.0967499161367133,0.0966485158433126
"ORD-023894",2026-03-01,0,0.0969127712246978,0.117016241771883,0.101560977261622,0.0967499161367133,0.0966485158433126
"ORD-023895",2026-03-01,0,0.0969127712246978,0.113590170463343,0.100829518885959,0.0967499161367133,0.0966485158433126
"ORD-023926",2026-03-01,0,0.0969127712246978,0.0648036070812886,0.0902213624944076,0.0967499161367133,0.0966485158433126
"ORD-023932",2026-03-01,1,0.0969127712246978,0.0997589844799344,0.0976375596625507,0.0967499161367133,0.0966485158433126
"ORD-023953",2026-03-01,0,0.0969127712246978,0.132318423261021,0.105058253540168,0.0967499161367133,0.0966485158433126
"ORD-023977",2026-03-01,0,0.0969127712246978,0.11445576890137,0.100746508759395,0.0967499161367133,0.0966485158433126
"ORD-024002",2026-03-01,0,0.0969127712246978,0.1042516994309,0.0987636929576781,0.0967499161367133,0.0966485158433126
"ORD-023782",2026-03-01,0,0.0969127712246978,0.110343744249302,0.100141844965772,0.0967499161367133,0.0966485158433126
"ORD-023795",2026-03-01,0,0.0969127712246978,0.0951126732028078,0.09653713729352,0.0967499161367133,0.0966485158433126
"ORD-023796",2026-03-01,0,0.0969127712246978,0.13557972209966,0.10586358490635,0.0967499161367133,0.0966485158433126
"ORD-023811",2026-03-01,0,0.0969127712246978,0.132318423261021,0.105058253540168,0.0967499161367133,0.0966485158433126
"ORD-023813",2026-03-01,0,0.0969127712246978,0.103182347944406,0.0997174970732359,0.0967499161367133,0.0966485158433126
"ORD-023823",2026-03-01,0,0.0969127712246978,0.0530228191309449,0.0879076655109121,0.0967499161367133,0.0966485158433126
"ORD-023825",2026-03-01,0,0.0969127712246978,0.133939308885111,0.105363725595891,0.0967499161367133,0.0966485158433126
"ORD-023837",2026-03-01,1,0.0969127712246978,0.137104779290582,0.106422136410295,0.0967499161367133,0.0966485158433126
"ORD-023845",2026-03-01,0,0.0969127712246978,0.113590170463343,0.100829518885959,0.0967499161367133,0.0966485158433126
"ORD-023846",2026-03-01,0,0.0969127712246978,0.168427322745296,0.113826963988398,0.0995408243258331,0.102132575198061
"ORD-023847",2026-03-01,1,0.0969127712246978,0.132318423261021,0.105058253540168,0.0967499161367133,0.0966485158433126
"ORD-023852",2026-03-01,0,0.0969127712246978,0.134039500782001,0.105408364544212,0.0967499161367133,0.0966485158433126
"ORD-023872",2026-03-01,0,0.0969127712246978,0.132318423261021,0.105058253540168,0.0967499161367133,0.0966485158433126
"ORD-023873",2026-03-01,0,0.0969127712246978,0.107974065966761,0.099465613533567,0.0967499161367133,0.0966485158433126
"ORD-023878",2026-03-01,0,0.0969127712246978,0.110343744249302,0.100141844965772,0.0967499161367133,0.0966485158433126
"ORD-023884",2026-03-01,0,0.0969127712246978,0.0972283543172714,0.0970172169440322,0.0967499161367133,0.0966485158433126
"ORD-023911",2026-03-01,0,0.0969127712246978,0.0530228191309449,0.0879076655109121,0.0967499161367133,0.0966485158433126
"ORD-023951",2026-03-01,0,0.0969127712246978,0.137104779290582,0.106422136410295,0.0967499161367133,0.0966485158433126
"ORD-023964",2026-03-01,0,0.0969127712246978,0.11329934231855,0.100678225982843,0.0967499161367133,0.0966485158433126
"ORD-023980",2026-03-01,0,0.0969127712246978,0.1042516994309,0.0987636929576781,0.0967499161367133,0.0966485158433126
"ORD-023735",2026-03-01,0,0.0969127712246978,0.0745367101745687,0.0924136777357755,0.0967499161367133,0.0966485158433126
"ORD-023756",2026-03-01,0,0.0969127712246978,0.0827111510641808,0.0939652228648973,0.0967499161367133,0.0966485158433126
"ORD-023781",2026-03-01,0,0.0969127712246978,0.0915880609323565,0.0958002393437481,0.0967499161367133,0.0966485158433126
"ORD-023785",2026-03-01,0,0.0969127712246978,0.15900663738729,0.110978131562557,0.100541500134285,0.102408918308548
"ORD-023805",2026-03-01,0,0.0969127712246978,0.13557972209966,0.10586358490635,0.0967499161367133,0.0966485158433126
"ORD-023834",2026-03-01,0,0.0969127712246978,0.168427322745296,0.113826963988398,0.0995408243258331,0.102132575198061
"ORD-023874",2026-03-01,1,0.0969127712246978,0.137042539924475,0.105925476817863,0.0967499161367133,0.0966485158433126
"ORD-023888",2026-03-01,0,0.0969127712246978,0.0997589844799344,0.0976375596625507,0.0967499161367133,0.0966485158433126
"ORD-023900",2026-03-01,0,0.0969127712246978,0.110343744249302,0.100141844965772,0.0967499161367133,0.0966485158433126
"ORD-023922",2026-03-01,1,0.0969127712246978,0.108339330437033,0.0995249080488397,0.0967499161367133,0.0966485158433126
"ORD-023949",2026-03-01,0,0.0969127712246978,0.0972283543172714,0.0970172169440322,0.0967499161367133,0.0966485158433126
"ORD-023961",2026-03-01,0,0.0969127712246978,0.168427322745296,0.113826963988398,0.0995408243258331,0.102132575198061
"ORD-023767",2026-03-01,0,0.0969127712246978,0.0721765229391307,0.0920766413912637,0.0967499161367133,0.0966485158433126
"ORD-023788",2026-03-01,0,0.0969127712246978,0.070753397035404,0.0917523486507716,0.0967499161367133,0.0966485158433126
"ORD-023799",2026-03-01,0,0.0969127712246978,0.128937379373086,0.105225214059687,0.0967499161367133,0.0966485158433126
"ORD-023850",2026-03-01,0,0.0969127712246978,0.107612673373052,0.100067624096288,0.0967499161367133,0.0966485158433126
"ORD-023857",2026-03-01,0,0.0969127712246978,0.108718173739369,0.100135538856886,0.0967499161367133,0.0966485158433126
"ORD-023860",2026-03-01,0,0.0969127712246978,0.104787890201361,0.0995341361267246,0.0967499161367133,0.0966485158433126
"ORD-023881",2026-03-01,1,0.0969127712246978,0.0986404689051297,0.0977648274502394,0.0967499161367133,0.0966485158433126
"ORD-023892",2026-03-01,0,0.0969127712246978,0.0735315921394585,0.0922775360879379,0.0967499161367133,0.0966485158433126
"ORD-023898",2026-03-01,0,0.0969127712246978,0.125812603592038,0.104424171793305,0.0967499161367133,0.0966485158433126
"ORD-023979",2026-03-01,0,0.0969127712246978,0.133694079957911,0.106234997679251,0.0967499161367133,0.0966485158433126
"ORD-023984",2026-03-01,0,0.0969127712246978,0.115044529168968,0.101616639218093,0.0967499161367133,0.0966485158433126
"ORD-023993",2026-03-01,0,0.0969127712246978,0.127461490184787,0.104772417078339,0.0967499161367133,0.0966485158433126
"ORD-023749",2026-03-01,0,0.0969127712246978,0.130339336659908,0.105286776702239,0.0967499161367133,0.0966485158433126
"ORD-023751",2026-03-01,1,0.0969127712246978,0.151417604507257,0.110312724357393,0.100541500134285,0.102408918308548
"ORD-023759",2026-03-01,0,0.0969127712246978,0.160474457519551,0.113146649571114,0.0995408243258331,0.102132575198061
"ORD-023790",2026-03-01,0,0.0969127712246978,0.095787700681379,0.0971924798074371,0.0967499161367133,0.0966485158433126
"ORD-023791",2026-03-01,1,0.0969127712246978,0.0986404689051297,0.0977648274502394,0.0967499161367133,0.0966485158433126
"ORD-023792",2026-03-01,0,0.0969127712246978,0.0922643805731869,0.0964264379586213,0.0967499161367133,0.0966485158433126
"ORD-023809",2026-03-01,0,0.0969127712246978,0.111166404701088,0.100945622532929,0.0967499161367133,0.0966485158433126
"ORD-023839",2026-03-01,0,0.0969127712246978,0.0774804538914044,0.0931916821954513,0.0967499161367133,0.0966485158433126
"ORD-023844",2026-03-01,0,0.0969127712246978,0.137815080443638,0.107320969393056,0.0967499161367133,0.0966485158433126
"ORD-023864",2026-03-01,0,0.0969127712246978,0.151417604507257,0.110312724357393,0.100541500134285,0.102408918308548
"ORD-023866",2026-03-01,0,0.0969127712246978,0.0945791811086244,0.0970696791173183,0.0967499161367133,0.0966485158433126
"ORD-023889",2026-03-01,0,0.0969127712246978,0.133694079957911,0.106234997679251,0.0967499161367133,0.0966485158433126
"ORD-023890",2026-03-01,0,0.0969127712246978,0.115044529168968,0.101616639218093,0.0967499161367133,0.0966485158433126
"ORD-023950",2026-03-01,0,0.0969127712246978,0.0613825132612069,0.0896678569568912,0.0967499161367133,0.0966485158433126
"ORD-023955",2026-03-01,0,0.0969127712246978,0.107890680530659,0.100218101677402,0.0967499161367133,0.0966485158433126
"ORD-023960",2026-03-01,0,0.0969127712246978,0.130339336659908,0.105286776702239,0.0967499161367133,0.0966485158433126
"ORD-023962",2026-03-01,0,0.0969127712246978,0.0945791811086244,0.0970696791173183,0.0967499161367133,0.0966485158433126
"ORD-023985",2026-03-01,0,0.0969127712246978,0.0922643805731869,0.0964264379586213,0.0967499161367133,0.0966485158433126
"ORD-023987",2026-03-01,0,0.0969127712246978,0.107890680530659,0.100218101677402,0.0967499161367133,0.0966485158433126
"ORD-023990",2026-03-01,0,0.0969127712246978,0.0625603554678768,0.089878394710306,0.0967499161367133,0.0956981529605399
"ORD-023764",2026-03-01,0,0.0969127712246978,0.0907687347987213,0.0963158786820106,0.0967499161367133,0.0966485158433126
"ORD-023765",2026-03-01,0,0.0969127712246978,0.0735315921394585,0.0922775360879379,0.0967499161367133,0.0966485158433126
"ORD-023766",2026-03-01,0,0.0969127712246978,0.0501902756208606,0.0873669913303244,0.0967499161367133,0.0966485158433126
"ORD-023828",2026-03-01,0,0.0969127712246978,0.0706406013488393,0.0918480802497173,0.0967499161367133,0.0966485158433126
"ORD-023829",2026-03-01,0,0.0969127712246978,0.0735315921394585,0.0922775360879379,0.0967499161367133,0.0966485158433126
"ORD-023831",2026-03-01,1,0.0969127712246978,0.137815080443638,0.107320969393056,0.0967499161367133,0.0966485158433126
"ORD-023843",2026-03-01,0,0.0969127712246978,0.128937379373086,0.105225214059687,0.0967499161367133,0.0966485158433126
"ORD-023861",2026-03-01,0,0.0969127712246978,0.160474457519551,0.113146649571114,0.0995408243258331,0.102132575198061
"ORD-023867",2026-03-01,1,0.0969127712246978,0.0788589898400108,0.0935301855080011,0.0967499161367133,0.0966485158433126
"ORD-023925",2026-03-01,0,0.0969127712246978,0.0902459172973572,0.0959489710817426,0.0967499161367133,0.0966485158433126
"ORD-023928",2026-03-01,1,0.0969127712246978,0.0721765229391307,0.0920766413912637,0.0967499161367133,0.0966485158433126
"ORD-023959",2026-03-01,0,0.0969127712246978,0.107612673373052,0.100067624096288,0.0967499161367133,0.0966485158433126
"ORD-023971",2026-03-01,0,0.0969127712246978,0.111166404701088,0.100945622532929,0.0967499161367133,0.0966485158433126
"ORD-023974",2026-03-01,0,0.0969127712246978,0.103505623739729,0.0991494228869526,0.0967499161367133,0.0966485158433126
"ORD-023986",2026-03-01,0,0.0969127712246978,0.0501902756208606,0.0873669913303244,0.0967499161367133,0.0966485158433126
"ORD-024006",2026-03-01,0,0.0969127712246978,0.0922643805731869,0.0964264379586213,0.0967499161367133,0.0966485158433126
"ORD-023736",2026-03-01,0,0.0969127712246978,0.0979473749679626,0.0991120797495676,0.0967499161367133,0.0966485158433126
"ORD-023737",2026-03-01,0,0.0969127712246978,0.125812603592038,0.104424171793305,0.0967499161367133,0.0966485158433126
"ORD-023740",2026-03-01,0,0.0969127712246978,0.130558953743526,0.105512702872512,0.0967499161367133,0.0966485158433126
"ORD-023746",2026-03-01,0,0.0969127712246978,0.121177595651492,0.103088792907219,0.0967499161367133,0.0966485158433126
"ORD-023862",2026-03-01,0,0.0969127712246978,0.0868843370472683,0.0952160896218612,0.0967499161367133,0.0966485158433126
"ORD-023877",2026-03-01,1,0.0969127712246978,0.117821442655849,0.102159262698226,0.0967499161367133,0.0966485158433126
"ORD-023883",2026-03-01,0,0.0969127712246978,0.0902459172973572,0.0959489710817426,0.0967499161367133,0.0966485158433126
"ORD-023885",2026-03-01,0,0.0969127712246978,0.102872729532318,0.0989205315195249,0.0967499161367133,0.0966485158433126
"ORD-023891",2026-03-01,0,0.0969127712246978,0.0625603554678768,0.089878394710306,0.0967499161367133,0.0956981529605399
"ORD-023904",2026-03-01,0,0.0969127712246978,0.128937379373086,0.105225214059687,0.0967499161367133,0.0966485158433126
"ORD-023927",2026-03-01,0,0.0969127712246978,0.128937379373086,0.105225214059687,0.0967499161367133,0.0966485158433126
"ORD-023930",2026-03-01,0,0.0969127712246978,0.078423964321002,0.0933911066217901,0.0967499161367133,0.0966485158433126
"ORD-023938",2026-03-01,0,0.0969127712246978,0.102906652796619,0.0988291890138486,0.0967499161367133,0.0966485158433126
"ORD-023958",2026-03-01,0,0.0969127712246978,0.0708702318482203,0.0917654862745917,0.0967499161367133,0.0966485158433126
"ORD-023970",2026-03-01,0,0.0969127712246978,0.11799911475467,0.102390744244693,0.0967499161367133,0.0966485158433126
"ORD-023995",2026-03-01,0,0.0969127712246978,0.0723357219370543,0.0921846220999879,0.0967499161367133,0.0966485158433126
"ORD-023999",2026-03-01,0,0.0969127712246978,0.10549220914652,0.0994452594940695,0.0967499161367133,0.0966485158433126
"ORD-024003",2026-03-01,0,0.0969127712246978,0.107890680530659,0.100218101677402,0.0967499161367133,0.0966485158433126
"ORD-023771",2026-03-01,1,0.0969127712246978,0.0962210858058422,0.097683987488089,0.0967499161367133,0.0966485158433126
"ORD-023826",2026-03-01,0,0.0969127712246978,0.0826919736765313,0.0949963088632599,0.0967499161367133,0.0966485158433126
"ORD-023908",2026-03-01,0,0.0969127712246978,0.0962210858058422,0.097683987488089,0.0967499161367133,0.0966485158433126
"ORD-023916",2026-03-01,0,0.0969127712246978,0.0653349060945617,0.0910591536381613,0.0967499161367133,0.0956981529605399
"ORD-023918",2026-03-01,0,0.0969127712246978,0.134234217227662,0.106583977538707,0.0967499161367133,0.0966485158433126
"ORD-023996",2026-03-01,0,0.0969127712246978,0.122725968553852,0.103483014556104,0.0967499161367133,0.0966485158433126
"ORD-023753",2026-03-01,0,0.0969127712246978,0.132607586220648,0.106081120285323,0.0967499161367133,0.0966485158433126
"ORD-023758",2026-03-01,0,0.0969127712246978,0.135912012997864,0.106874735257197,0.0967499161367133,0.0966485158433126
"ORD-023800",2026-03-01,0,0.0969127712246978,0.116669784291419,0.102244609698205,0.0967499161367133,0.0966485158433126
"ORD-023806",2026-03-01,0,0.0969127712246978,0.102120374539683,0.10040076239134,0.0967499161367133,0.0966485158433126
"ORD-023816",2026-03-01,0,0.0969127712246978,0.0805961296924706,0.0946829711733484,0.0967499161367133,0.0966485158433126
"ORD-023817",2026-03-01,0,0.0969127712246978,0.0767528786506104,0.093486575728689,0.0967499161367133,0.0966485158433126
"ORD-023833",2026-03-01,0,0.0969127712246978,0.102120374539683,0.10040076239134,0.0967499161367133,0.0966485158433126
"ORD-023871",2026-03-01,0,0.0969127712246978,0.117169141408734,0.102511620161274,0.0967499161367133,0.0966485158433126
"ORD-023897",2026-03-01,0,0.0969127712246978,0.119400246905116,0.102784950596954,0.0967499161367133,0.0966485158433126
"ORD-023909",2026-03-01,0,0.0969127712246978,0.102120374539683,0.10040076239134,0.0967499161367133,0.0966485158433126
"ORD-023921",2026-03-01,1,0.0969127712246978,0.166818744636952,0.114594601602817,0.0995408243258331,0.102132575198061
"ORD-023939",2026-03-01,0,0.0969127712246978,0.135912012997864,0.106874735257197,0.0967499161367133,0.0966485158433126
"ORD-023943",2026-03-01,0,0.0969127712246978,0.135912012997864,0.106874735257197,0.0967499161367133,0.0966485158433126
"ORD-023944",2026-03-01,0,0.0969127712246978,0.119849165251009,0.102934166006595,0.0967499161367133,0.0966485158433126
"ORD-023989",2026-03-01,0,0.0969127712246978,0.109947473179536,0.100737789813636,0.0967499161367133,0.0966485158433126
"ORD-023768",2026-03-01,0,0.0969127712246978,0.080859634603382,0.0944114534178287,0.0967499161367133,0.0966485158433126
"ORD-023798",2026-03-01,0,0.0969127712246978,0.164699115251133,0.113893624897554,0.0989612395558877,0.101471725540576
"ORD-023848",2026-03-01,0,0.0969127712246978,0.104962242867238,0.0995825859433016,0.0967499161367133,0.0966485158433126
"ORD-023853",2026-03-01,0,0.0969127712246978,0.102120374539683,0.10040076239134,0.0967499161367133,0.0966485158433126
"ORD-023855",2026-03-01,1,0.0969127712246978,0.103179986298026,0.0994411446793095,0.0967499161367133,0.0966485158433126
"ORD-023869",2026-03-01,0,0.0969127712246978,0.102839630920169,0.0990379184916828,0.0967499161367133,0.0966485158433126
"ORD-023876",2026-03-01,0,0.0969127712246978,0.0822929298932873,0.0947539243842653,0.0967499161367133,0.0966485158433126
"ORD-023899",2026-03-01,0,0.0969127712246978,0.102839630920169,0.0990379184916828,0.0967499161367133,0.0966485158433126
"ORD-023912",2026-03-01,0,0.0969127712246978,0.134234217227662,0.106583977538707,0.0967499161367133,0.0966485158433126
"ORD-023933",2026-03-01,0,0.0969127712246978,0.119400246905116,0.102784950596954,0.0967499161367133,0.0966485158433126
"ORD-023934",2026-03-01,0,0.0969127712246978,0.117169141408734,0.102511620161274,0.0967499161367133,0.0966485158433126
"ORD-023998",2026-03-01,0,0.0969127712246978,0.0941250375432967,0.0972009635590898,0.0967499161367133,0.0966485158433126
"ORD-024019",2026-03-02,0,0.0969127712246978,0.0803311721869084,0.0928836243309295,0.0967499161367133,0.0966485158433126
"ORD-024042",2026-03-02,0,0.0969127712246978,0.0813523971876776,0.0932465419576332,0.0967499161367133,0.0966485158433126
"ORD-024054",2026-03-02,0,0.0969127712246978,0.0961978315646146,0.0965977509472058,0.0967499161367133,0.0966485158433126
"ORD-024062",2026-03-02,0,0.0969127712246978,0.0803311721869084,0.0928836243309295,0.0967499161367133,0.0966485158433126
"ORD-024085",2026-03-02,0,0.0969127712246978,0.0838262363593031,0.0938918063757176,0.0967499161367133,0.0966485158433126
"ORD-024087",2026-03-02,0,0.0969127712246978,0.0734414033650383,0.0909813652492636,0.0967499161367133,0.0966485158433126
"ORD-024114",2026-03-02,0,0.0969127712246978,0.0734414033650383,0.0909813652492636,0.0967499161367133,0.0966485158433126
"ORD-024128",2026-03-02,0,0.0969127712246978,0.0631830597148482,0.0880121544047458,0.0967499161367133,0.0966485158433126
"ORD-024150",2026-03-02,0,0.0969127712246978,0.0874749021416831,0.0948172079876226,0.0967499161367133,0.0966485158433126
"ORD-024154",2026-03-02,0,0.0969127712246978,0.0819136106112881,0.0931626988176923,0.0967499161367133,0.0966485158433126
"ORD-024158",2026-03-02,0,0.0969127712246978,0.118939074556306,0.103422447027059,0.100541500134285,0.102408918308548
"ORD-024171",2026-03-02,0,0.0969127712246978,0.0555816308091625,0.0862150342386698,0.0967499161367133,0.0966485158433126
"ORD-024195",2026-03-02,0,0.0969127712246978,0.0819136106112881,0.0931626988176923,0.0967499161367133,0.0966485158433126
"ORD-024214",2026-03-02,0,0.0969127712246978,0.0813523971876776,0.0932465419576332,0.0967499161367133,0.0966485158433126
"ORD-024219",2026-03-02,0,0.0969127712246978,0.0819136106112881,0.0931626988176923,0.0967499161367133,0.0966485158433126
"ORD-024013",2026-03-02,0,0.0969127712246978,0.0780879699984766,0.0920854665333939,0.0967499161367133,0.0966485158433126
"ORD-024022",2026-03-02,0,0.0969127712246978,0.0895446166233885,0.0952114026176146,0.0967499161367133,0.0966485158433126
"ORD-024025",2026-03-02,0,0.0969127712246978,0.0714063238631375,0.0903154677740246,0.0967499161367133,0.0966485158433126
"ORD-024026",2026-03-02,0,0.0969127712246978,0.0917698485289752,0.0957234671218967,0.0967499161367133,0.0966485158433126
"ORD-024036",2026-03-02,0,0.0969127712246978,0.116490361061156,0.102435508678512,0.0967499161367133,0.0966485158433126
"ORD-024048",2026-03-02,0,0.0969127712246978,0.0903178702605511,0.0954750661097533,0.0967499161367133,0.0966485158433126
"ORD-024070",2026-03-02,0,0.0969127712246978,0.0813523971876776,0.0932465419576332,0.0967499161367133,0.0966485158433126
"ORD-024091",2026-03-02,1,0.0969127712246978,0.0604862971087222,0.0874538807038997,0.0967499161367133,0.0966485158433126
"ORD-024095",2026-03-02,0,0.0969127712246978,0.0741982395539582,0.0910378534683821,0.0967499161367133,0.0966485158433126
"ORD-024107",2026-03-02,0,0.0969127712246978,0.0597446024181646,0.0872659141020723,0.0967499161367133,0.0966485158433126
"ORD-024118",2026-03-02,1,0.0969127712246978,0.0864421232746102,0.0945782295585687,0.0967499161367133,0.0966485158433126
"ORD-024137",2026-03-02,1,0.0969127712246978,0.0981907455232642,0.0978612442359172,0.0967499161367133,0.0966485158433126
"ORD-024156",2026-03-02,0,0.0969127712246978,0.0770144858871481,0.0918734375916974,0.0967499161367133,0.0966485158433126
"ORD-024157",2026-03-02,0,0.0969127712246978,0.0917698485289752,0.0957234671218967,0.0967499161367133,0.0966485158433126
"ORD-024159",2026-03-02,0,0.0969127712246978,0.104548805539809,0.0995709152859391,0.0967499161367133,0.0966485158433126
"ORD-024163",2026-03-02,0,0.0969127712246978,0.0803311721869084,0.0928836243309295,0.0967499161367133,0.0966485158433126
"ORD-024176",2026-03-02,0,0.0969127712246978,0.0704890975676855,0.090136561033736,0.0967499161367133,0.0966485158433126
"ORD-024190",2026-03-02,0,0.0969127712246978,0.047626207572836,0.084178690398494,0.0967499161367133,0.0966485158433126
"ORD-024203",2026-03-02,0,0.0969127712246978,0.0543781527522474,0.0859996451042329,0.0967499161367133,0.0966485158433126
"ORD-024205",2026-03-02,0,0.0969127712246978,0.0732400436160043,0.0909220458734375,0.0967499161367133,0.0966485158433126
"ORD-024220",2026-03-02,0,0.0969127712246978,0.104548805539809,0.0995709152859391,0.0967499161367133,0.0966485158433126
"ORD-024009",2026-03-02,0,0.0969127712246978,0.070222639366794,0.0902112155982936,0.0967499161367133,0.0966485158433126
"ORD-024016",2026-03-02,0,0.0969127712246978,0.0956458027126023,0.0971690802923953,0.0967499161367133,0.0966485158433126
"ORD-024021",2026-03-02,0,0.0969127712246978,0.0780879699984766,0.0920854665333939,0.0967499161367133,0.0966485158433126
"ORD-024027",2026-03-02,1,0.0969127712246978,0.0759120135938359,0.0928483978813658,0.0967499161367133,0.0966485158433126
"ORD-024031",2026-03-02,0,0.0969127712246978,0.0895446166233885,0.0952114026176146,0.0967499161367133,0.0966485158433126
"ORD-024034",2026-03-02,0,0.0969127712246978,0.0704890975676855,0.090136561033736,0.0967499161367133,0.0966485158433126
"ORD-024043",2026-03-02,0,0.0969127712246978,0.0944633816881885,0.0966007395078223,0.0967499161367133,0.0966485158433126
"ORD-024046",2026-03-02,0,0.0969127712246978,0.0608283882114032,0.087584971998197,0.0967499161367133,0.0966485158433126
"ORD-024057",2026-03-02,0,0.0969127712246978,0.0597446024181646,0.0872659141020723,0.0967499161367133,0.0966485158433126
"ORD-024072",2026-03-02,0,0.0969127712246978,0.0480618922119629,0.0841437588408115,0.0967499161367133,0.0956981529605399
"ORD-024074",2026-03-02,0,0.0969127712246978,0.0813523971876776,0.0932465419576332,0.0967499161367133,0.0966485158433126
"ORD-024075",2026-03-02,0,0.0969127712246978,0.0864421232746102,0.0945782295585687,0.0967499161367133,0.0966485158433126
"ORD-024077",2026-03-02,0,0.0969127712246978,0.0895446166233885,0.0952114026176146,0.0967499161367133,0.0966485158433126
"ORD-024082",2026-03-02,0,0.0969127712246978,0.0838262363593031,0.0938918063757176,0.0967499161367133,0.0966485158433126
"ORD-024139",2026-03-02,0,0.0969127712246978,0.104548805539809,0.0995709152859391,0.0967499161367133,0.0966485158433126
"ORD-024177",2026-03-02,1,0.0969127712246978,0.0798273624755367,0.0926677099104669,0.0967499161367133,0.0966485158433126
"ORD-024189",2026-03-02,0,0.0969127712246978,0.0798273624755367,0.0926677099104669,0.0967499161367133,0.0966485158433126
"ORD-024212",2026-03-02,0,0.0969127712246978,0.0566441621028706,0.0864043570496622,0.0967499161367133,0.0966485158433126
"ORD-024215",2026-03-02,0,0.0969127712246978,0.0566441621028706,0.0864043570496622,0.0967499161367133,0.0966485158433126
"ORD-024216",2026-03-02,0,0.0969127712246978,0.107167111784537,0.0999824994370148,0.0967499161367133,0.0966485158433126
"ORD-024217",2026-03-02,0,0.0969127712246978,0.0919123284514003,0.0959419241662581,0.0967499161367133,0.0966485158433126
"ORD-024218",2026-03-02,0,0.0969127712246978,0.047626207572836,0.084178690398494,0.0967499161367133,0.0966485158433126
"ORD-024024",2026-03-02,0,0.0969127712246978,0.0704890975676855,0.090136561033736,0.0967499161367133,0.0966485158433126
"ORD-024035",2026-03-02,0,0.0969127712246978,0.0981907455232642,0.0978612442359172,0.0967499161367133,0.0966485158433126
"ORD-024049",2026-03-02,0,0.0969127712246978,0.0861884825362114,0.0941170651686652,0.0967499161367133,0.0966485158433126
"ORD-024092",2026-03-02,1,0.0969127712246978,0.13795379651289,0.108774605940092,0.0967499161367133,0.0966485158433126
"ORD-024097",2026-03-02,0,0.0969127712246978,0.101839422831514,0.098675608836036,0.0967499161367133,0.0966485158433126
"ORD-024100",2026-03-02,0,0.0969127712246978,0.0798543627443787,0.0925815479841537,0.0967499161367133,0.0966485158433126
"ORD-024103",2026-03-02,1,0.0969127712246978,0.0780879699984766,0.0920854665333939,0.0967499161367133,0.0966485158433126
"ORD-024113",2026-03-02,0,0.0969127712246978,0.0836044261142901,0.0937498380224783,0.0967499161367133,0.0966485158433126
"ORD-024129",2026-03-02,1,0.0969127712246978,0.0871293023850821,0.0946121405748047,0.0967499161367133,0.0966485158433126
"ORD-024146",2026-03-02,0,0.0969127712246978,0.13795379651289,0.108774605940092,0.0967499161367133,0.0966485158433126
"ORD-024147",2026-03-02,0,0.0969127712246978,0.0945386144180045,0.0967611362625439,0.0967499161367133,0.0966485158433126
"ORD-024198",2026-03-02,0,0.0969127712246978,0.0480618922119629,0.0841437588408115,0.0967499161367133,0.0956981529605399
"ORD-024201",2026-03-02,0,0.0969127712246978,0.102016651790711,0.098888916607813,0.0967499161367133,0.0966485158433126
"ORD-024020",2026-03-02,0,0.0969127712246978,0.047143289494221,0.0839454153003407,0.0967499161367133,0.0966485158433126
"ORD-024055",2026-03-02,0,0.0969127712246978,0.044638911394436,0.0834205582215986,0.0967499161367133,0.0966485158433126
"ORD-024096",2026-03-02,0,0.0969127712246978,0.0604862971087222,0.0874538807038997,0.0967499161367133,0.0966485158433126
"ORD-024108",2026-03-02,0,0.0969127712246978,0.0864421232746102,0.0945782295585687,0.0967499161367133,0.0966485158433126
"ORD-024124",2026-03-02,0,0.0969127712246978,0.100708517353391,0.0986174857547576,0.0967499161367133,0.0966485158433126
"ORD-024142",2026-03-02,0,0.0969127712246978,0.0566441621028706,0.0864043570496622,0.0967499161367133,0.0966485158433126
"ORD-024152",2026-03-02,0,0.0969127712246978,0.070222639366794,0.0902112155982936,0.0967499161367133,0.0966485158433126
"ORD-024153",2026-03-02,0,0.0969127712246978,0.124660221562456,0.105445265233408,0.0989612395558877,0.101471725540576
"ORD-024180",2026-03-02,0,0.0969127712246978,0.0944633816881885,0.0966007395078223,0.0967499161367133,0.0966485158433126
"ORD-024017",2026-03-02,0,0.0969127712246978,0.077215269546741,0.0914542613138849,0.0967499161367133,0.0966485158433126
"ORD-024038",2026-03-02,1,0.0969127712246978,0.108622373870728,0.0998494699346457,0.0967499161367133,0.0966485158433126
"ORD-024041",2026-03-02,0,0.0969127712246978,0.0754986521516898,0.0909989352424591,0.0967499161367133,0.0966485158433126
"ORD-024069",2026-03-02,0,0.0969127712246978,0.0884958693712936,0.0943336703758059,0.0967499161367133,0.0966485158433126
"ORD-024081",2026-03-02,0,0.0969127712246978,0.115523299053194,0.101229621043856,0.0967499161367133,0.0966485158433126
"ORD-024105",2026-03-02,0,0.0969127712246978,0.0759431667965727,0.0913488266176573,0.0967499161367133,0.0966485158433126
"ORD-024119",2026-03-02,0,0.0969127712246978,0.0516081415813263,0.0852473561755172,0.0967499161367133,0.0966485158433126
"ORD-024136",2026-03-02,0,0.0969127712246978,0.116288064121664,0.10185034466888,0.0967499161367133,0.0966485158433126
"ORD-024138",2026-03-02,0,0.0969127712246978,0.0878938764196082,0.0944184576253868,0.0967499161367133,0.0966485158433126
"ORD-024145",2026-03-02,0,0.0969127712246978,0.0791854426954461,0.0920677137150411,0.0967499161367133,0.0966485158433126
"ORD-024170",2026-03-02,0,0.0969127712246978,0.0940451898185155,0.0957548985239479,0.0967499161367133,0.0966485158433126
"ORD-024008",2026-03-02,0,0.0969127712246978,0.0791854426954461,0.0920677137150411,0.0967499161367133,0.0966485158433126
"ORD-024029",2026-03-02,0,0.0969127712246978,0.0613315148203863,0.0874985785801703,0.0967499161367133,0.0966485158433126
"ORD-024040",2026-03-02,0,0.0969127712246978,0.0859597353938357,0.0937768470408755,0.0967499161367133,0.0966485158433126
"ORD-024050",2026-03-02,0,0.0969127712246978,0.0613315148203863,0.0874985785801703,0.0967499161367133,0.0966485158433126
"ORD-024083",2026-03-02,0,0.0969127712246978,0.0644564818430806,0.0886258344886505,0.0967499161367133,0.0966485158433126
"ORD-024086",2026-03-02,0,0.0969127712246978,0.0990586608935259,0.0969231851263058,0.0967499161367133,0.0966485158433126
"ORD-024117",2026-03-02,0,0.0969127712246978,0.0944580666353035,0.096006773603666,0.0967499161367133,0.0966485158433126
"ORD-024134",2026-03-02,0,0.0969127712246978,0.0966755028961657,0.0964053870369005,0.0967499161367133,0.0966485158433126
"ORD-024148",2026-03-02,0,0.0969127712246978,0.0658378241656828,0.0886926933098443,0.0967499161367133,0.0966485158433126
"ORD-024162",2026-03-02,0,0.0969127712246978,0.0654695245298455,0.0885601049766705,0.0967499161367133,0.0966485158433126
"ORD-024011",2026-03-02,0,0.0969127712246978,0.0826460509963818,0.0927307200874782,0.0967499161367133,0.0966485158433126
"ORD-024056",2026-03-02,0,0.0969127712246978,0.116288064121664,0.10185034466888,0.0967499161367133,0.0966485158433126
"ORD-024067",2026-03-02,0,0.0969127712246978,0.0843910728246198,0.0932442904636347,0.0967499161367133,0.0966485158433126
"ORD-024093",2026-03-02,0,0.0969127712246978,0.0862867004212353,0.0937459701182881,0.0967499161367133,0.0966485158433126
"ORD-024125",2026-03-02,0,0.0969127712246978,0.0510870134984274,0.0850113945019012,0.0967499161367133,0.0966485158433126
"ORD-024130",2026-03-02,0,0.0969127712246978,0.0603211402908496,0.0874100131425404,0.0967499161367133,0.0966485158433126
"ORD-024164",2026-03-02,0,0.0969127712246978,0.093351274872274,0.0957651141775523,0.0967499161367133,0.0966485158433126
"ORD-024183",2026-03-02,0,0.0969127712246978,0.115523299053194,0.101229621043856,0.0967499161367133,0.0966485158433126
"ORD-024200",2026-03-02,1,0.0969127712246978,0.0829257516116572,0.0931109208022183,0.0967499161367133,0.0966485158433126
"ORD-024209",2026-03-02,0,0.0969127712246978,0.0829257516116572,0.0931109208022183,0.0967499161367133,0.0966485158433126
"ORD-024015",2026-03-02,0,0.0969127712246978,0.0820551104187277,0.0940158285224332,0.0967499161367133,0.0966485158433126
"ORD-024032",2026-03-02,0,0.0969127712246978,0.108622373870728,0.0998494699346457,0.0967499161367133,0.0966485158433126
"ORD-024039",2026-03-02,1,0.0969127712246978,0.0483837721595563,0.0844804871858605,0.0967499161367133,0.0966485158433126
"ORD-024047",2026-03-02,0,0.0969127712246978,0.0826460509963818,0.0927307200874782,0.0967499161367133,0.0966485158433126
"ORD-024063",2026-03-02,0,0.0969127712246978,0.0867982942639026,0.0940514519712742,0.0967499161367133,0.0966485158433126
"ORD-024065",2026-03-02,0,0.0969127712246978,0.0588896969788587,0.0870892299470534,0.0967499161367133,0.0966485158433126
"ORD-024076",2026-03-02,1,0.0969127712246978,0.0966983533075939,0.0964799398705857,0.0967499161367133,0.0966485158433126
"ORD-024090",2026-03-02,1,0.0969127712246978,0.0905470283589745,0.0950709814027767,0.0967499161367133,0.0966485158433126
"ORD-024101",2026-03-02,0,0.0969127712246978,0.0658378241656828,0.0886926933098443,0.0967499161367133,0.0966485158433126
"ORD-024110",2026-03-02,0,0.0969127712246978,0.0903091873922021,0.0949274168774353,0.0967499161367133,0.0966485158433126
"ORD-024112",2026-03-02,0,0.0969127712246978,0.0754986521516898,0.0909989352424591,0.0967499161367133,0.0966485158433126
"ORD-024161",2026-03-02,0,0.0969127712246978,0.109831294334196,0.099908238640856,0.0967499161367133,0.0966485158433126
"ORD-024169",2026-03-02,0,0.0969127712246978,0.109831294334196,0.099908238640856,0.0967499161367133,0.0966485158433126
"ORD-024179",2026-03-02,0,0.0969127712246978,0.112726610954841,0.100813478096723,0.0967499161367133,0.0966485158433126
"ORD-024181",2026-03-02,0,0.0969127712246978,0.0903091873922021,0.0949274168774353,0.0967499161367133,0.0966485158433126
"ORD-024018",2026-03-02,0,0.0969127712246978,0.108622373870728,0.0998494699346457,0.0967499161367133,0.0966485158433126
"ORD-024078",2026-03-02,0,0.0969127712246978,0.135966165764775,0.107414797006702,0.0995408243258331,0.102132575198061
"ORD-024094",2026-03-02,0,0.0969127712246978,0.11002072769662,0.100123915001065,0.0967499161367133,0.0966485158433126
"ORD-024099",2026-03-02,0,0.0969127712246978,0.0990586608935259,0.0969231851263058,0.0967499161367133,0.0966485158433126
"ORD-024121",2026-03-02,0,0.0969127712246978,0.0905470283589745,0.0950709814027767,0.0967499161367133,0.0966485158433126
"ORD-024126",2026-03-02,0,0.0969127712246978,0.0791854426954461,0.0920677137150411,0.0967499161367133,0.0966485158433126
"ORD-024131",2026-03-02,0,0.0969127712246978,0.072642531828041,0.0903000867890446,0.0967499161367133,0.0966485158433126
"ORD-024132",2026-03-02,0,0.0969127712246978,0.103207479922088,0.0983849451618022,0.0967499161367133,0.0966485158433126
"ORD-024174",2026-03-02,0,0.0969127712246978,0.0683722941304455,0.0891247507187578,0.0967499161367133,0.0966485158433126
"ORD-024184",2026-03-02,1,0.0969127712246978,0.077215269546741,0.0914542613138849,0.0967499161367133,0.0966485158433126
"ORD-024185",2026-03-02,0,0.0969127712246978,0.0903091873922021,0.0949274168774353,0.0967499161367133,0.0966485158433126
"ORD-024208",2026-03-02,0,0.0969127712246978,0.0878938764196082,0.0944184576253868,0.0967499161367133,0.0966485158433126
"ORD-024014",2026-03-02,0,0.0969127712246978,0.101848947522918,0.0987712863455025,0.0967499161367133,0.0966485158433126
"ORD-024064",2026-03-02,0,0.0969127712246978,0.107065217294616,0.100202147317909,0.0967499161367133,0.0966485158433126
"ORD-024104",2026-03-02,1,0.0969127712246978,0.103143143178441,0.0992433396872851,0.0967499161367133,0.0966485158433126
"ORD-024140",2026-03-02,1,0.0969127712246978,0.103143143178441,0.0992433396872851,0.0967499161367133,0.0966485158433126
"ORD-024155",2026-03-02,0,0.0969127712246978,0.0612563823015496,0.087826747093173,0.0967499161367133,0.0966485158433126
"ORD-024165",2026-03-02,0,0.0969127712246978,0.0789265812978021,0.09246088216668,0.0967499161367133,0.0966485158433126
"ORD-024186",2026-03-02,0,0.0969127712246978,0.0777990443066565,0.0934414349727617,0.0967499161367133,0.0966485158433126
"ORD-024187",2026-03-02,0,0.0969127712246978,0.0792952919505705,0.0926144314772843,0.0967499161367133,0.0966485158433126
"ORD-024194",2026-03-02,0,0.0969127712246978,0.0760461748400336,0.0916204942961208,0.0967499161367133,0.0966485158433126
"ORD-024196",2026-03-02,0,0.0969127712246978,0.0856649494056746,0.0943480339302011,0.0967499161367133,0.0966485158433126
"ORD-024007",2026-03-02,0,0.0969127712246978,0.0492935503893943,0.0846863883489521,0.0967499161367133,0.0956981529605399
"ORD-024059",2026-03-02,0,0.0969127712246978,0.0558526592998085,0.0864623736746532,0.0967499161367133,0.0966485158433126
"ORD-024060",2026-03-02,0,0.0969127712246978,0.0626747881649325,0.0883747926069582,0.0967499161367133,0.0966485158433126
"ORD-024073",2026-03-02,0,0.0969127712246978,0.0557621930178246,0.0865531118563425,0.0967499161367133,0.0966485158433126
"ORD-024098",2026-03-02,0,0.0969127712246978,0.129307722454259,0.106768189109418,0.0995408243258331,0.102132575198061
"ORD-024106",2026-03-02,1,0.0969127712246978,0.0620156070088743,0.088015805213128,0.0967499161367133,0.0966485158433126
"ORD-024111",2026-03-02,0,0.0969127712246978,0.056994455969731,0.0867697555723259,0.0967499161367133,0.0966485158433126
"ORD-024115",2026-03-02,1,0.0969127712246978,0.101927959728372,0.0988134407946051,0.0967499161367133,0.0966485158433126
"ORD-024116",2026-03-02,0,0.0969127712246978,0.0818307147472243,0.0931730557231484,0.0967499161367133,0.0966485158433126
"ORD-024160",2026-03-02,0,0.0969127712246978,0.0818307147472243,0.0931730557231484,0.0967499161367133,0.0966485158433126
"ORD-024167",2026-03-02,0,0.0969127712246978,0.046074439096105,0.0839369147566299,0.0967499161367133,0.0966485158433126
"ORD-024182",2026-03-02,0,0.0969127712246978,0.0722518646423277,0.0907140092735604,0.0967499161367133,0.0966485158433126
"ORD-024192",2026-03-02,0,0.0969127712246978,0.0715561493936708,0.0904411335422489,0.0967499161367133,0.0966485158433126
"ORD-024197",2026-03-02,0,0.0969127712246978,0.0825376259587831,0.0933262850742562,0.0967499161367133,0.0966485158433126
"ORD-024204",2026-03-02,0,0.0969127712246978,0.103143143178441,0.0992433396872851,0.0967499161367133,0.0966485158433126
"ORD-024207",2026-03-02,0,0.0969127712246978,0.0620156070088743,0.088015805213128,0.0967499161367133,0.0966485158433126
"ORD-024210",2026-03-02,0,0.0969127712246978,0.0979713711641893,0.0977867394368055,0.0967499161367133,0.0966485158433126
"ORD-024213",2026-03-02,0,0.0969127712246978,0.110470075510695,0.101233434225284,0.0967499161367133,0.0966485158433126
"ORD-024010",2026-03-02,0,0.0969127712246978,0.0722518646423277,0.0907140092735604,0.0967499161367133,0.0966485158433126
"ORD-024023",2026-03-02,0,0.0969127712246978,0.0457870697258856,0.0839589514689533,0.0967499161367133,0.0966485158433126
"ORD-024028",2026-03-02,0,0.0969127712246978,0.12759172602464,0.106109349293274,0.0989612395558877,0.101471725540576
"ORD-024045",2026-03-02,0,0.0969127712246978,0.0647758524070905,0.0885773178472714,0.0967499161367133,0.0966485158433126
"ORD-024051",2026-03-02,0,0.0969127712246978,0.0825376259587831,0.0933262850742562,0.0967499161367133,0.0966485158433126
"ORD-024052",2026-03-02,0,0.0969127712246978,0.0559463699861691,0.086474825966897,0.0967499161367133,0.0966485158433126
"ORD-024068",2026-03-02,1,0.0969127712246978,0.100571311283169,0.0984828232115665,0.0967499161367133,0.0966485158433126
"ORD-024071",2026-03-02,0,0.0969127712246978,0.0488472735959451,0.0847215243361338,0.0967499161367133,0.0966485158433126
"ORD-024123",2026-03-02,0,0.0969127712246978,0.046074439096105,0.0839369147566299,0.0967499161367133,0.0966485158433126
"ORD-024127",2026-03-02,0,0.0969127712246978,0.0760461748400336,0.0916204942961208,0.0967499161367133,0.0966485158433126
"ORD-024144",2026-03-02,0,0.0969127712246978,0.110470075510695,0.101233434225284,0.0967499161367133,0.0966485158433126
"ORD-024166",2026-03-02,0,0.0969127712246978,0.0941565710212986,0.0965526170591316,0.0967499161367133,0.0966485158433126
"ORD-024168",2026-03-02,0,0.0969127712246978,0.0865668534805279,0.0944124741141628,0.0967499161367133,0.0966485158433126
"ORD-024175",2026-03-02,0,0.0969127712246978,0.0792952919505705,0.0926144314772843,0.0967499161367133,0.0966485158433126
"ORD-024188",2026-03-02,0,0.0969127712246978,0.0892276692344605,0.095170996171773,0.0967499161367133,0.0966485158433126
"ORD-024191",2026-03-02,0,0.0969127712246978,0.110470075510695,0.101233434225284,0.0967499161367133,0.0966485158433126
"ORD-024193",2026-03-02,0,0.0969127712246978,0.0483526028136969,0.0844868837174689,0.0967499161367133,0.0966485158433126
"ORD-024206",2026-03-02,0,0.0969127712246978,0.121754754269731,0.104075273728402,0.100541500134285,0.102408918308548
"ORD-024058",2026-03-02,0,0.0969127712246978,0.0492935503893943,0.0846863883489521,0.0967499161367133,0.0956981529605399
"ORD-024061",2026-03-02,0,0.0969127712246978,0.0786283949092281,0.0925414911090172,0.0967499161367133,0.0966485158433126
"ORD-024079",2026-03-02,0,0.0969127712246978,0.075066049633654,0.0915040201466756,0.0967499161367133,0.0966485158433126
"ORD-024080",2026-03-02,0,0.0969127712246978,0.0818307147472243,0.0931730557231484,0.0967499161367133,0.0966485158433126
"ORD-024102",2026-03-02,0,0.0969127712246978,0.08926823749506,0.0952152605503905,0.0967499161367133,0.0966485158433126
"ORD-024109",2026-03-02,0,0.0969127712246978,0.091736886657573,0.0958179384001045,0.0967499161367133,0.0966485158433126
"ORD-024120",2026-03-02,0,0.0969127712246978,0.0940109723009067,0.0963329176538691,0.0967499161367133,0.0966485158433126
"ORD-024122",2026-03-02,0,0.0969127712246978,0.0892276692344605,0.095170996171773,0.0967499161367133,0.0966485158433126
"ORD-024135",2026-03-02,0,0.0969127712246978,0.091736886657573,0.0958179384001045,0.0967499161367133,0.0966485158433126
"ORD-024149",2026-03-02,0,0.0969127712246978,0.0941565710212986,0.0965526170591316,0.0967499161367133,0.0966485158433126
"ORD-024033",2026-03-02,0,0.0969127712246978,0.0853820647820327,0.0943926085243905,0.0967499161367133,0.0966485158433126
"ORD-024053",2026-03-02,0,0.0969127712246978,0.0510467664778026,0.0858409257376929,0.0967499161367133,0.0966485158433126
"ORD-024141",2026-03-02,0,0.0969127712246978,0.0647676672360156,0.089174492285878,0.0967499161367133,0.0966485158433126
"ORD-024151",2026-03-02,0,0.0969127712246978,0.134617423038198,0.108144468788374,0.0995408243258331,0.102132575198061
"ORD-024211",2026-03-02,1,0.0969127712246978,0.0515120499118454,0.085805369030368,0.0967499161367133,0.0956981529605399
"ORD-024012",2026-03-02,0,0.0969127712246978,0.0953051861304529,0.0969267736376942,0.0967499161367133,0.0966485158433126
"ORD-024037",2026-03-02,0,0.0969127712246978,0.0953051861304529,0.0969267736376942,0.0967499161367133,0.0966485158433126
"ORD-024044",2026-03-02,0,0.0969127712246978,0.107511122729431,0.100533538552289,0.0967499161367133,0.0966485158433126
"ORD-024088",2026-03-02,0,0.0969127712246978,0.0853820647820327,0.0943926085243905,0.0967499161367133,0.0966485158433126
"ORD-024143",2026-03-02,0,0.0969127712246978,0.102145277315119,0.0990600844872186,0.0967499161367133,0.0966485158433126
"ORD-024199",2026-03-02,0,0.0969127712246978,0.0823632014703835,0.0936720761481035,0.0967499161367133,0.0966485158433126
"ORD-024202",2026-03-02,0,0.0969127712246978,0.104843109145021,0.0997642301340171,0.0967499161367133,0.0966485158433126
"ORD-024030",2026-03-02,0,0.0969127712246978,0.10870918376982,0.100592664889198,0.0967499161367133,0.0966485158433126
"ORD-024066",2026-03-02,0,0.0969127712246978,0.108896918513794,0.100809653271671,0.0967499161367133,0.0966485158433126
"ORD-024084",2026-03-02,0,0.0969127712246978,0.104843109145021,0.0997642301340171,0.0967499161367133,0.0966485158433126
"ORD-024089",2026-03-02,0,0.0969127712246978,0.0934765261343933,0.0966673431001135,0.0967499161367133,0.0966485158433126
"ORD-024133",2026-03-02,0,0.0969127712246978,0.0584458785211012,0.0876151756870802,0.0967499161367133,0.0966485158433126
"ORD-024172",2026-03-02,0,0.0969127712246978,0.108760176999217,0.101067146696305,0.0967499161367133,0.0966485158433126
"ORD-024173",2026-03-02,0,0.0969127712246978,0.0956959934833296,0.0971434151149875,0.0967499161367133,0.0966485158433126
"ORD-024178",2026-03-02,1,0.0969127712246978,0.0850582085704315,0.0944236762381302,0.0967499161367133,0.0966485158433126
"ORD-024221",2026-03-03,1,0.0969127712246978,0.0968613460070641,0.0975197394690478,0.0967499161367133,0.0966485158433126
"ORD-024237",2026-03-03,0,0.0969127712246978,0.109274177604694,0.100408146198375,0.0967499161367133,0.0966485158433126
"ORD-024245",2026-03-03,0,0.0969127712246978,0.104956418720098,0.0994988236940025,0.0967499161367133,0.0966485158433126
"ORD-024272",2026-03-03,0,0.0969127712246978,0.0704814518779755,0.0916560663256339,0.0967499161367133,0.0966485158433126
"ORD-024286",2026-03-03,0,0.0969127712246978,0.0691081928373918,0.0912021623231123,0.0967499161367133,0.0966485158433126
"ORD-024292",2026-03-03,0,0.0969127712246978,0.134525708224592,0.106715828854786,0.0967499161367133,0.0966485158433126
"ORD-024294",2026-03-03,0,0.0969127712246978,0.112253970275614,0.101117758370093,0.0967499161367133,0.0966485158433126
"ORD-024309",2026-03-03,0,0.0969127712246978,0.125828976146645,0.104630505576411,0.0967499161367133,0.0966485158433126
"ORD-024312",2026-03-03,0,0.0969127712246978,0.0755050367824602,0.0926579416249094,0.0967499161367133,0.0966485158433126
"ORD-024357",2026-03-03,0,0.0969127712246978,0.114945657892143,0.10157991508221,0.0967499161367133,0.0966485158433126
"ORD-024366",2026-03-03,0,0.0969127712246978,0.0973049889440747,0.0976807857530283,0.0967499161367133,0.0966485158433126
"ORD-024367",2026-03-03,0,0.0969127712246978,0.0609402079544073,0.0893617604387527,0.0967499161367133,0.0956981529605399
"ORD-024372",2026-03-03,0,0.0969127712246978,0.0797735913754175,0.0934455703388865,0.0967499161367133,0.0966485158433126
"ORD-024402",2026-03-03,0,0.0969127712246978,0.0924597097483252,0.0965786732306329,0.0967499161367133,0.0966485158433126
"ORD-024413",2026-03-03,0,0.0969127712246978,0.125828976146645,0.104630505576411,0.0967499161367133,0.0966485158433126
"ORD-024416",2026-03-03,0,0.0969127712246978,0.115119559277373,0.101810232748547,0.0967499161367133,0.0966485158433126
"ORD-024447",2026-03-03,0,0.0969127712246978,0.0570061186634892,0.0885749139076978,0.0967499161367133,0.0966485158433126
"ORD-024235",2026-03-03,0,0.0969127712246978,0.105228372868827,0.0996485406471735,0.0967499161367133,0.0966485158433126
"ORD-024242",2026-03-03,0,0.0969127712246978,0.115119559277373,0.101810232748547,0.0967499161367133,0.0966485158433126
"ORD-024253",2026-03-03,0,0.0969127712246978,0.104956418720098,0.0994988236940025,0.0967499161367133,0.0966485158433126
"ORD-024297",2026-03-03,1,0.0969127712246978,0.0570061186634892,0.0885749139076978,0.0967499161367133,0.0966485158433126
"ORD-024298",2026-03-03,0,0.0969127712246978,0.120343723153716,0.102501625236751,0.0967499161367133,0.0966485158433126
"ORD-024320",2026-03-03,1,0.0969127712246978,0.0764264846513998,0.0928563408368353,0.0967499161367133,0.0966485158433126
"ORD-024345",2026-03-03,0,0.0969127712246978,0.0999790605058279,0.0982988638005932,0.0967499161367133,0.0966485158433126
"ORD-024352",2026-03-03,0,0.0969127712246978,0.147859245086044,0.109692787404952,0.100541500134285,0.102408918308548
"ORD-024370",2026-03-03,0,0.0969127712246978,0.0965025007966158,0.0976042844771225,0.0967499161367133,0.0966485158433126
"ORD-024390",2026-03-03,0,0.0969127712246978,0.100320320458528,0.0983575387477074,0.0967499161367133,0.0966485158433126
"ORD-024408",2026-03-03,0,0.0969127712246978,0.133978219222153,0.106916493342567,0.0967499161367133,0.0966485158433126
"ORD-024415",2026-03-03,0,0.0969127712246978,0.124383586747897,0.104179969738241,0.0967499161367133,0.0966485158433126
"ORD-024424",2026-03-03,0,0.0969127712246978,0.0924597097483252,0.0965786732306329,0.0967499161367133,0.0966485158433126
"ORD-024440",2026-03-03,0,0.0969127712246978,0.112253970275614,0.101117758370093,0.0967499161367133,0.0966485158433126
"ORD-024454",2026-03-03,0,0.0969127712246978,0.0973049889440747,0.0976807857530283,0.0967499161367133,0.0966485158433126
"ORD-024457",2026-03-03,1,0.0969127712246978,0.147859245086044,0.109692787404952,0.100541500134285,0.102408918308548
"ORD-024229",2026-03-03,0,0.0969127712246978,0.0961818098379165,0.0972077026324316,0.0967499161367133,0.0966485158433126
"ORD-024246",2026-03-03,0,0.0969127712246978,0.0999790605058279,0.0982988638005932,0.0967499161367133,0.0966485158433126
"ORD-024264",2026-03-03,0,0.0969127712246978,0.118230872565249,0.10250477572759,0.0967499161367133,0.0966485158433126
"ORD-024287",2026-03-03,1,0.0969127712246978,0.124383586747897,0.104179969738241,0.0967499161367133,0.0966485158433126
"ORD-024305",2026-03-03,0,0.0969127712246978,0.100353496192831,0.0982666594121118,0.0967499161367133,0.0966485158433126
"ORD-024318",2026-03-03,0,0.0969127712246978,0.101202783217216,0.0984273563184383,0.0967499161367133,0.0966485158433126
"ORD-024321",2026-03-03,0,0.0969127712246978,0.0689366744238004,0.0912260223230601,0.0967499161367133,0.0966485158433126
"ORD-024322",2026-03-03,0,0.0969127712246978,0.147859245086044,0.109692787404952,0.100541500134285,0.102408918308548
"ORD-024325",2026-03-03,0,0.0969127712246978,0.109225607966425,0.100361735493268,0.0967499161367133,0.0966485158433126
"ORD-024343",2026-03-03,0,0.0969127712246978,0.0704814518779755,0.0916560663256339,0.0967499161367133,0.0966485158433126
"ORD-024353",2026-03-03,0,0.0969127712246978,0.112253970275614,0.101117758370093,0.0967499161367133,0.0966485158433126
"ORD-024354",2026-03-03,0,0.0969127712246978,0.07685135394525,0.0929947050328351,0.0967499161367133,0.0966485158433126
"ORD-024392",2026-03-03,1,0.0969127712246978,0.117658640729002,0.102411103541913,0.0967499161367133,0.0966485158433126
"ORD-024395",2026-03-03,0,0.0969127712246978,0.0961818098379165,0.0972077026324316,0.0967499161367133,0.0966485158433126
"ORD-024419",2026-03-03,0,0.0969127712246978,0.0609402079544073,0.0893617604387527,0.0967499161367133,0.0956981529605399
"ORD-024421",2026-03-03,0,0.0969127712246978,0.068826560456758,0.0913212599846638,0.0967499161367133,0.0966485158433126
"ORD-024422",2026-03-03,0,0.0969127712246978,0.0570061186634892,0.0885749139076978,0.0967499161367133,0.0966485158433126
"ORD-024427",2026-03-03,0,0.0969127712246978,0.124383586747897,0.104179969738241,0.0967499161367133,0.0966485158433126
"ORD-024430",2026-03-03,0,0.0969127712246978,0.0609402079544073,0.0893617604387527,0.0967499161367133,0.0956981529605399
"ORD-024452",2026-03-03,0,0.0969127712246978,0.125828976146645,0.104630505576411,0.0967499161367133,0.0966485158433126
"ORD-024225",2026-03-03,1,0.0969127712246978,0.0764264846513998,0.0928563408368353,0.0967499161367133,0.0966485158433126
"ORD-024261",2026-03-03,0,0.0969127712246978,0.127202070833937,0.104691760991126,0.0967499161367133,0.0966485158433126
"ORD-024301",2026-03-03,0,0.0969127712246978,0.114945657892143,0.10157991508221,0.0967499161367133,0.0966485158433126
"ORD-024306",2026-03-03,0,0.0969127712246978,0.0752575526678486,0.0929249339266265,0.0967499161367133,0.0966485158433126
"ORD-024310",2026-03-03,0,0.0969127712246978,0.112253970275614,0.101117758370093,0.0967499161367133,0.0966485158433126
"ORD-024313",2026-03-03,0,0.0969127712246978,0.124383586747897,0.104179969738241,0.0967499161367133,0.0966485158433126
"ORD-024327",2026-03-03,0,0.0969127712246978,0.0922113954736546,0.0965160919200562,0.0967499161367133,0.0966485158433126
"ORD-024350",2026-03-03,0,0.0969127712246978,0.0968613460070641,0.0975197394690478,0.0967499161367133,0.0966485158433126
"ORD-024363",2026-03-03,0,0.0969127712246978,0.127417176235345,0.104916560087008,0.0967499161367133,0.0966485158433126
"ORD-024384",2026-03-03,0,0.0969127712246978,0.117658640729002,0.102411103541913,0.0967499161367133,0.0966485158433126
"ORD-024453",2026-03-03,0,0.0969127712246978,0.154727197341759,0.111822949956593,0.0989612395558877,0.101471725540576
"ORD-024224",2026-03-03,0,0.0969127712246978,0.0888161623993207,0.0956873663857687,0.0967499161367133,0.0966485158433126
"ORD-024231",2026-03-03,1,0.0969127712246978,0.127417176235345,0.104916560087008,0.0967499161367133,0.0966485158433126
"ORD-024236",2026-03-03,0,0.0969127712246978,0.0981820427194743,0.0977433966324874,0.0967499161367133,0.0966485158433126
"ORD-024241",2026-03-03,0,0.0969127712246978,0.0764264846513998,0.0928563408368353,0.0967499161367133,0.0966485158433126
"ORD-024247",2026-03-03,0,0.0969127712246978,0.0704814518779755,0.0916560663256339,0.0967499161367133,0.0966485158433126
"ORD-024282",2026-03-03,0,0.0969127712246978,0.147859245086044,0.109692787404952,0.100541500134285,0.102408918308548
"ORD-024289",2026-03-03,0,0.0969127712246978,0.105228372868827,0.0996485406471735,0.0967499161367133,0.0966485158433126
"ORD-024291",2026-03-03,0,0.0969127712246978,0.125828976146645,0.104630505576411,0.0967499161367133,0.0966485158433126
"ORD-024336",2026-03-03,0,0.0969127712246978,0.108433090191647,0.100372388074115,0.0967499161367133,0.0966485158433126
"ORD-024338",2026-03-03,0,0.0969127712246978,0.133659144334832,0.106068954575339,0.0967499161367133,0.0966485158433126
"ORD-024340",2026-03-03,0,0.0969127712246978,0.0716490345602948,0.0917485014170892,0.0967499161367133,0.0966485158433126
"ORD-024355",2026-03-03,0,0.0969127712246978,0.114945657892143,0.10157991508221,0.0967499161367133,0.0966485158433126
"ORD-024356",2026-03-03,0,0.0969127712246978,0.134525708224592,0.106715828854786,0.0967499161367133,0.0966485158433126
"ORD-024358",2026-03-03,0,0.0969127712246978,0.127260500110897,0.105183316509916,0.0967499161367133,0.0966485158433126
"ORD-024362",2026-03-03,0,0.0969127712246978,0.0922113954736546,0.0965160919200562,0.0967499161367133,0.0966485158433126
"ORD-024373",2026-03-03,1,0.0969127712246978,0.125828976146645,0.104630505576411,0.0967499161367133,0.0966485158433126
"ORD-024397",2026-03-03,0,0.0969127712246978,0.130488181434138,0.105635255897342,0.0967499161367133,0.0966485158433126
"ORD-024414",2026-03-03,0,0.0969127712246978,0.0933927805935218,0.0966382672339109,0.0967499161367133,0.0966485158433126
"ORD-024435",2026-03-03,1,0.0969127712246978,0.084691172343639,0.0946719650570014,0.0967499161367133,0.0966485158433126
"ORD-024444",2026-03-03,0,0.0969127712246978,0.144913054153199,0.10865326392558,0.0967499161367133,0.0966485158433126
"ORD-024274",2026-03-03,0,0.0969127712246978,0.0659582059328098,0.0904897248287807,0.0967499161367133,0.0956981529605399
"ORD-024290",2026-03-03,0,0.0969127712246978,0.10378100034724,0.0984239980930643,0.0967499161367133,0.0966485158433126
"ORD-024304",2026-03-03,0,0.0969127712246978,0.135419587578819,0.105928780003176,0.0967499161367133,0.0966485158433126
"ORD-024317",2026-03-03,1,0.0969127712246978,0.113452599257104,0.100891963616691,0.0967499161367133,0.0966485158433126
"ORD-024351",2026-03-03,0,0.0969127712246978,0.065371430619703,0.0905270304573955,0.0967499161367133,0.0966485158433126
"ORD-024361",2026-03-03,0,0.0969127712246978,0.0585744635787768,0.0891054148233539,0.0967499161367133,0.0966485158433126
"ORD-024378",2026-03-03,0,0.0969127712246978,0.124009700420233,0.103077541378973,0.0967499161367133,0.0966485158433126
"ORD-024380",2026-03-03,0,0.0969127712246978,0.0830636330827553,0.0941637843160353,0.0967499161367133,0.0966485158433126
"ORD-024383",2026-03-03,0,0.0969127712246978,0.103055916351737,0.0997793295399965,0.0967499161367133,0.0966485158433126
"ORD-024400",2026-03-03,0,0.0969127712246978,0.110209615999478,0.100203911273766,0.0967499161367133,0.0966485158433126
"ORD-024403",2026-03-03,0,0.0969127712246978,0.14408758171439,0.108239703731845,0.0967499161367133,0.0966485158433126
"ORD-024404",2026-03-03,0,0.0969127712246978,0.168235942314396,0.113896438556775,0.0995408243258331,0.102132575198061
"ORD-024405",2026-03-03,0,0.0969127712246978,0.11654352213795,0.101132142269913,0.0967499161367133,0.0966485158433126
"ORD-024423",2026-03-03,0,0.0969127712246978,0.118224394810378,0.10187860172629,0.0967499161367133,0.0966485158433126
"ORD-024425",2026-03-03,1,0.0969127712246978,0.168235942314396,0.113896438556775,0.0995408243258331,0.102132575198061
"ORD-024433",2026-03-03,0,0.0969127712246978,0.0617214638949896,0.0896939246186459,0.0967499161367133,0.0966485158433126
"ORD-024277",2026-03-03,0,0.0969127712246978,0.0971084283121457,0.0970775555793744,0.0967499161367133,0.0966485158433126
"ORD-024339",2026-03-03,0,0.0969127712246978,0.117772987959203,0.101659977368266,0.0967499161367133,0.0966485158433126
"ORD-024341",2026-03-03,0,0.0969127712246978,0.166101895642121,0.113199186518157,0.0989612395558877,0.101471725540576
"ORD-024342",2026-03-03,1,0.0969127712246978,0.117772987959203,0.101659977368266,0.0967499161367133,0.0966485158433126
"ORD-024349",2026-03-03,0,0.0969127712246978,0.103055916351737,0.0997793295399965,0.0967499161367133,0.0966485158433126
"ORD-024386",2026-03-03,0,0.0969127712246978,0.132161551765401,0.105123010990402,0.0967499161367133,0.0966485158433126
"ORD-024393",2026-03-03,0,0.0969127712246978,0.14374842723105,0.107382936939513,0.0967499161367133,0.0966485158433126
"ORD-024431",2026-03-03,0,0.0969127712246978,0.158823917001943,0.111046085226539,0.100541500134285,0.102408918308548
"ORD-024450",2026-03-03,1,0.0969127712246978,0.0762213344895964,0.0928100389692748,0.0967499161367133,0.0966485158433126
"ORD-024222",2026-03-03,0,0.0969127712246978,0.0971084283121457,0.0970775555793744,0.0967499161367133,0.0966485158433126
"ORD-024232",2026-03-03,0,0.0969127712246978,0.100796188624286,0.0978482099595717,0.0967499161367133,0.0966485158433126
"ORD-024238",2026-03-03,0,0.0969127712246978,0.113452599257104,0.100891963616691,0.0967499161367133,0.0966485158433126
"ORD-024250",2026-03-03,0,0.0969127712246978,0.117772987959203,0.101659977368266,0.0967499161367133,0.0966485158433126
"ORD-024251",2026-03-03,0,0.0969127712246978,0.0774760775281078,0.0929035188124298,0.0967499161367133,0.0966485158433126
"ORD-024265",2026-03-03,0,0.0969127712246978,0.109150765825892,0.0996572278995786,0.0967499161367133,0.0966485158433126
"ORD-024267",2026-03-03,0,0.0969127712246978,0.052954219998865,0.0879628904797339,0.0967499161367133,0.0966485158433126
"ORD-024296",2026-03-03,0,0.0969127712246978,0.108242812462936,0.0994947446402424,0.0967499161367133,0.0966485158433126
"ORD-024302",2026-03-03,0,0.0969127712246978,0.0745608444330961,0.09237513122583,0.0967499161367133,0.0966485158433126
"ORD-024314",2026-03-03,0,0.0969127712246978,0.108242812462936,0.0994947446402424,0.0967499161367133,0.0966485158433126
"ORD-024323",2026-03-03,0,0.0969127712246978,0.136880951244295,0.105990705512034,0.0967499161367133,0.0966485158433126
"ORD-024332",2026-03-03,0,0.0969127712246978,0.0585744635787768,0.0891054148233539,0.0967499161367133,0.0966485158433126
"ORD-024335",2026-03-03,0,0.0969127712246978,0.137109852934225,0.106217962861993,0.0967499161367133,0.0966485158433126
"ORD-024346",2026-03-03,0,0.0969127712246978,0.108242812462936,0.0994947446402424,0.0967499161367133,0.0966485158433126
"ORD-024376",2026-03-03,0,0.0969127712246978,0.0830636330827553,0.0941637843160353,0.0967499161367133,0.0966485158433126
"ORD-024377",2026-03-03,0,0.0969127712246978,0.0958951482569693,0.0968866804111311,0.0967499161367133,0.0966485158433126
"ORD-024398",2026-03-03,0,0.0969127712246978,0.127326712682194,0.10377973092869,0.0967499161367133,0.0966485158433126
"ORD-024432",2026-03-03,0,0.0969127712246978,0.12382424869663,0.102844685045793,0.0967499161367133,0.0966485158433126
"ORD-024434",2026-03-03,0,0.0969127712246978,0.065371430619703,0.0905270304573955,0.0967499161367133,0.0966485158433126
"ORD-024459",2026-03-03,0,0.0969127712246978,0.0774760775281078,0.0929035188124298,0.0967499161367133,0.0966485158433126
"ORD-024240",2026-03-03,0,0.0969127712246978,0.136943128868998,0.10648763451951,0.0967499161367133,0.0966485158433126
"ORD-024243",2026-03-03,0,0.0969127712246978,0.144669480629801,0.108036856222062,0.0967499161367133,0.0966485158433126
"ORD-024252",2026-03-03,0,0.0969127712246978,0.108207342307982,0.0995866343055744,0.0967499161367133,0.0966485158433126
"ORD-024258",2026-03-03,0,0.0969127712246978,0.110945860128054,0.100114503074122,0.0967499161367133,0.0966485158433126
"ORD-024266",2026-03-03,0,0.0969127712246978,0.0745608444330961,0.09237513122583,0.0967499161367133,0.0966485158433126
"ORD-024270",2026-03-03,0,0.0969127712246978,0.14374842723105,0.107382936939513,0.0967499161367133,0.0966485158433126
"ORD-024279",2026-03-03,0,0.0969127712246978,0.133780812016441,0.105428649156065,0.0967499161367133,0.0966485158433126
"ORD-024280",2026-03-03,0,0.0969127712246978,0.135419587578819,0.105928780003176,0.0967499161367133,0.0966485158433126
"ORD-024334",2026-03-03,0,0.0969127712246978,0.132161551765401,0.105123010990402,0.0967499161367133,0.0966485158433126
"ORD-024337",2026-03-03,0,0.0969127712246978,0.120925249447254,0.102298835725494,0.0967499161367133,0.0966485158433126
"ORD-024348",2026-03-03,0,0.0969127712246978,0.133880903679428,0.105473312367434,0.0967499161367133,0.0966485158433126
"ORD-024368",2026-03-03,0,0.0969127712246978,0.120925249447254,0.102298835725494,0.0967499161367133,0.0966485158433126
"ORD-024418",2026-03-03,0,0.0969127712246978,0.124009700420233,0.103077541378973,0.0967499161367133,0.0966485158433126
"ORD-024259",2026-03-03,0,0.0969127712246978,0.132161551765401,0.105123010990402,0.0967499161367133,0.0966485158433126
"ORD-024271",2026-03-03,0,0.0969127712246978,0.0921577525435953,0.0959905994019113,0.0967499161367133,0.0966485158433126
"ORD-024281",2026-03-03,0,0.0969127712246978,0.0955425233687241,0.0969663298688195,0.0967499161367133,0.0966485158433126
"ORD-024295",2026-03-03,1,0.0969127712246978,0.108869073390442,0.0998168962264777,0.0967499161367133,0.0966485158433126
"ORD-024391",2026-03-03,0,0.0969127712246978,0.124009700420233,0.103077541378973,0.0967499161367133,0.0966485158433126
"ORD-024401",2026-03-03,0,0.0969127712246978,0.0826074927630998,0.0940238609974149,0.0967499161367133,0.0966485158433126
"ORD-024412",2026-03-03,0,0.0969127712246978,0.100796188624286,0.0978482099595717,0.0967499161367133,0.0966485158433126
"ORD-024420",2026-03-03,0,0.0969127712246978,0.086200032355663,0.0946197263622807,0.0967499161367133,0.0966485158433126
"ORD-024441",2026-03-03,0,0.0969127712246978,0.0971084283121457,0.0970775555793744,0.0967499161367133,0.0966485158433126
"ORD-024456",2026-03-03,0,0.0969127712246978,0.108207342307982,0.0995866343055744,0.0967499161367133,0.0966485158433126
"ORD-024226",2026-03-03,0,0.0969127712246978,0.111031401267632,0.101008131090474,0.0967499161367133,0.0966485158433126
"ORD-024228",2026-03-03,0,0.0969127712246978,0.127213631629926,0.104792593645201,0.0967499161367133,0.0966485158433126
"ORD-024248",2026-03-03,0,0.0969127712246978,0.0901337438787767,0.0960087159747725,0.0967499161367133,0.0966485158433126
"ORD-024269",2026-03-03,1,0.0969127712246978,0.136769202362519,0.106736497896807,0.0967499161367133,0.0966485158433126
"ORD-024273",2026-03-03,0,0.0969127712246978,0.0791431334272475,0.093828292661135,0.0967499161367133,0.0966485158433126
"ORD-024303",2026-03-03,0,0.0969127712246978,0.114905424892057,0.101679516296336,0.0967499161367133,0.0966485158433126
"ORD-024324",2026-03-03,0,0.0969127712246978,0.114905424892057,0.101679516296336,0.0967499161367133,0.0966485158433126
"ORD-024329",2026-03-03,0,0.0969127712246978,0.0956693633352147,0.0972529157055343,0.0967499161367133,0.0966485158433126
"ORD-024360",2026-03-03,0,0.0969127712246978,0.115869807970131,0.101959073118353,0.0967499161367133,0.0966485158433126
"ORD-024375",2026-03-03,0,0.0969127712246978,0.100562421014267,0.0983643086981925,0.0967499161367133,0.0966485158433126
"ORD-024429",2026-03-03,0,0.0969127712246978,0.111031401267632,0.101008131090474,0.0967499161367133,0.0966485158433126
"ORD-024449",2026-03-03,0,0.0969127712246978,0.0988466225870616,0.0982244090418142,0.0967499161367133,0.0966485158433126
"ORD-024451",2026-03-03,0,0.0969127712246978,0.107481463807316,0.100129649522023,0.0967499161367133,0.0966485158433126
"ORD-024223",2026-03-03,0,0.0969127712246978,0.0985189912099931,0.0978255806798365,0.0967499161367133,0.0966485158433126
"ORD-024233",2026-03-03,1,0.0969127712246978,0.111840527397018,0.100997418612619,0.0967499161367133,0.0966485158433126
"ORD-024256",2026-03-03,0,0.0969127712246978,0.136769202362519,0.106736497896807,0.0967499161367133,0.0966485158433126
"ORD-024275",2026-03-03,0,0.0969127712246978,0.092149952384296,0.0964864484271665,0.0967499161367133,0.0966485158433126
"ORD-024278",2026-03-03,1,0.0969127712246978,0.0619223452509717,0.0899718351082516,0.0967499161367133,0.0966485158433126
"ORD-024299",2026-03-03,0,0.0969127712246978,0.05072843709745,0.0875646767582528,0.0967499161367133,0.0966485158433126
"ORD-024326",2026-03-03,0,0.0969127712246978,0.0783252201816163,0.0934494234349138,0.0967499161367133,0.0966485158433126
"ORD-024330",2026-03-03,0,0.0969127712246978,0.0901337438787767,0.0960087159747725,0.0967499161367133,0.0966485158433126
"ORD-024347",2026-03-03,0,0.0969127712246978,0.103378841691719,0.0992109419221252,0.0967499161367133,0.0966485158433126
"ORD-024379",2026-03-03,0,0.0969127712246978,0.115869807970131,0.101959073118353,0.0967499161367133,0.0966485158433126
"ORD-024394",2026-03-03,0,0.0969127712246978,0.0956693633352147,0.0972529157055343,0.0967499161367133,0.0966485158433126
"ORD-024409",2026-03-03,0,0.0969127712246978,0.0773827979801242,0.093249887289092,0.0967499161367133,0.0966485158433126
"ORD-024426",2026-03-03,0,0.0969127712246978,0.087427586626502,0.0954054114176172,0.0967499161367133,0.0966485158433126
"ORD-024438",2026-03-03,0,0.0969127712246978,0.0624802311260606,0.0899347356476714,0.0967499161367133,0.0956981529605399
"ORD-024439",2026-03-03,0,0.0969127712246978,0.117856913765637,0.102454045688577,0.0967499161367133,0.0966485158433126
"ORD-024443",2026-03-03,0,0.0969127712246978,0.128783921365937,0.105290062315838,0.0967499161367133,0.0966485158433126
"ORD-024445",2026-03-03,0,0.0969127712246978,0.120448152262978,0.103058280204864,0.0967499161367133,0.0966485158433126
"ORD-024455",2026-03-03,0,0.0969127712246978,0.0817481219314056,0.0940420262516985,0.0967499161367133,0.0966485158433126
"ORD-024458",2026-03-03,0,0.0969127712246978,0.107481463807316,0.100129649522023,0.0967499161367133,0.0966485158433126
"ORD-024227",2026-03-03,0,0.0969127712246978,0.121032089891994,0.103152476314344,0.0967499161367133,0.0966485158433126
"ORD-024249",2026-03-03,0,0.0969127712246978,0.117856913765637,0.102454045688577,0.0967499161367133,0.0966485158433126
"ORD-024254",2026-03-03,0,0.0969127712246978,0.0817481219314056,0.0940420262516985,0.0967499161367133,0.0966485158433126
"ORD-024255",2026-03-03,0,0.0969127712246978,0.0783252201816163,0.0934494234349138,0.0967499161367133,0.0966485158433126
"ORD-024268",2026-03-03,0,0.0969127712246978,0.103647980738591,0.0990521362305745,0.0967499161367133,0.0966485158433126
"ORD-024276",2026-03-03,0,0.0969127712246978,0.094715923782819,0.0971929834470408,0.0967499161367133,0.0966485158433126
"ORD-024288",2026-03-03,0,0.0969127712246978,0.110714353967888,0.100519095136229,0.0967499161367133,0.0966485158433126
"ORD-024359",2026-03-03,0,0.0969127712246978,0.158237939189356,0.112522147745241,0.0989612395558877,0.101471725540576
"ORD-024369",2026-03-03,0,0.0969127712246978,0.103647980738591,0.0990521362305745,0.0967499161367133,0.0966485158433126
"ORD-024382",2026-03-03,0,0.0969127712246978,0.127213631629926,0.104792593645201,0.0967499161367133,0.0966485158433126
"ORD-024411",2026-03-03,0,0.0969127712246978,0.102746633856801,0.0989819241395215,0.0967499161367133,0.0966485158433126
"ORD-024446",2026-03-03,0,0.0969127712246978,0.0901337438787767,0.0960087159747725,0.0967499161367133,0.0966485158433126
"ORD-024230",2026-03-03,0,0.0969127712246978,0.125662328094737,0.104488584031296,0.0967499161367133,0.0966485158433126
"ORD-024234",2026-03-03,0,0.0969127712246978,0.137094526787594,0.10758872866796,0.0967499161367133,0.0966485158433126
"ORD-024239",2026-03-03,0,0.0969127712246978,0.114905424892057,0.101679516296336,0.0967499161367133,0.0966485158433126
"ORD-024260",2026-03-03,0,0.0969127712246978,0.16029037189208,0.113215761957095,0.0995408243258331,0.102132575198061
"ORD-024262",2026-03-03,0,0.0969127712246978,0.0992132272553766,0.0981393852984015,0.0967499161367133,0.0966485158433126
"ORD-024316",2026-03-03,0,0.0969127712246978,0.0901337438787767,0.0960087159747725,0.0967499161367133,0.0966485158433126
"ORD-024331",2026-03-03,0,0.0969127712246978,0.102780520303658,0.0988905311658304,0.0967499161367133,0.0966485158433126
"ORD-024385",2026-03-03,0,0.0969127712246978,0.130403854706923,0.105577707397063,0.0967499161367133,0.0966485158433126
"ORD-024388",2026-03-03,0,0.0969127712246978,0.102746633856801,0.0989819241395215,0.0967499161367133,0.0966485158433126
"ORD-024389",2026-03-03,0,0.0969127712246978,0.122502087811599,0.103754936542676,0.0967499161367133,0.0966485158433126
"ORD-024406",2026-03-03,0,0.0969127712246978,0.0978266581930171,0.0991735781653038,0.0967499161367133,0.0966485158433126
"ORD-024410",2026-03-03,0,0.0969127712246978,0.0909923804939826,0.0962966115484964,0.0967499161367133,0.0966485158433126
"ORD-024417",2026-03-03,1,0.0969127712246978,0.0584529116890015,0.0891433378409667,0.0967499161367133,0.0966485158433126
"ORD-024436",2026-03-03,0,0.0969127712246978,0.0705509070521802,0.0919055312158669,0.0967499161367133,0.0966485158433126
"ORD-024257",2026-03-03,0,0.0969127712246978,0.103053557266609,0.0995028247258205,0.0967499161367133,0.0966485158433126
"ORD-024283",2026-03-03,0,0.0969127712246978,0.126051168075728,0.104487600221536,0.0967499161367133,0.0966485158433126
"ORD-024308",2026-03-03,0,0.0969127712246978,0.0949002396162646,0.0975526507376406,0.0967499161367133,0.0966485158433126
"ORD-024311",2026-03-03,1,0.0969127712246978,0.132549672845637,0.106191364639024,0.0967499161367133,0.0966485158433126
"ORD-024371",2026-03-03,0,0.0969127712246978,0.142335203882942,0.108112418509004,0.0967499161367133,0.0966485158433126
"ORD-024374",2026-03-03,1,0.0969127712246978,0.107099826954905,0.100269102817743,0.0967499161367133,0.0966485158433126
"ORD-024381",2026-03-03,0,0.0969127712246978,0.164511133034438,0.113963134920219,0.0989612395558877,0.101471725540576
"ORD-024396",2026-03-03,0,0.0969127712246978,0.119705037349523,0.102997764861777,0.0967499161367133,0.0966485158433126
"ORD-024407",2026-03-03,1,0.0969127712246978,0.10775560351055,0.100500766597508,0.0967499161367133,0.0966485158433126
"ORD-024437",2026-03-03,0,0.0969127712246978,0.0754135152231981,0.0934508872467405,0.0967499161367133,0.0966485158433126
"ORD-024448",2026-03-03,0,0.0969127712246978,0.0752480919640407,0.0933415758019372,0.0967499161367133,0.0966485158433126
"ORD-024284",2026-03-03,0,0.0969127712246978,0.132450424235885,0.106146433445511,0.0967499161367133,0.0966485158433126
"ORD-024328",2026-03-03,0,0.0969127712246978,0.0985029097590088,0.0983957732985938,0.0967499161367133,0.0966485158433126
"ORD-024333",2026-03-03,0,0.0969127712246978,0.13407542540539,0.106649563365867,0.0967499161367133,0.0966485158433126
"ORD-024364",2026-03-03,0,0.0969127712246978,0.107099826954905,0.100269102817743,0.0967499161367133,0.0966485158433126
"ORD-024244",2026-03-03,0,0.0969127712246978,0.0945508905970596,0.0976327884949937,0.0967499161367133,0.0966485158433126
"ORD-024263",2026-03-03,0,0.0969127712246978,0.10199509621405,0.100462971256507,0.0967499161367133,0.0966485158433126
"ORD-024285",2026-03-03,0,0.0969127712246978,0.0821897487674864,0.0948130031937898,0.0967499161367133,0.0966485158433126
"ORD-024293",2026-03-03,0,0.0969127712246978,0.0911977079493164,0.0966510695108167,0.0967499161367133,0.0966485158433126
"ORD-024300",2026-03-03,0,0.0969127712246978,0.119705037349523,0.102997764861777,0.0967499161367133,0.0966485158433126
"ORD-024307",2026-03-03,0,0.0969127712246978,0.13407542540539,0.106649563365867,0.0967499161367133,0.0966485158433126
"ORD-024315",2026-03-03,0,0.0969127712246978,0.112298158399012,0.101582368365874,0.0967499161367133,0.0966485158433126
"ORD-024319",2026-03-03,0,0.0969127712246978,0.096102269955026,0.0977446959242903,0.0967499161367133,0.0966485158433126
"ORD-024344",2026-03-03,0,0.0969127712246978,0.0945508905970596,0.0976327884949937,0.0967499161367133,0.0966485158433126
"ORD-024365",2026-03-03,0,0.0969127712246978,0.116580365843291,0.102355039351008,0.0967499161367133,0.0966485158433126
"ORD-024387",2026-03-03,0,0.0969127712246978,0.157289708736744,0.111797334826609,0.100541500134285,0.102408918308548
"ORD-024399",2026-03-03,1,0.0969127712246978,0.116528973629727,0.102307831094133,0.0967499161367133,0.0966485158433126
"ORD-024428",2026-03-03,1,0.0969127712246978,0.06402642735405,0.0909030130500956,0.0967499161367133,0.0966485158433126
"ORD-024442",2026-03-03,0,0.0969127712246978,0.119705037349523,0.102997764861777,0.0967499161367133,0.0966485158433126
"ORD-024487",2026-03-04,0,0.0969127712246978,0.0853948352069775,0.0943451962622613,0.0967499161367133,0.0966485158433126
"ORD-024496",2026-03-04,1,0.0969127712246978,0.0834608801120222,0.0935825672346242,0.0967499161367133,0.0966485158433126
"ORD-024505",2026-03-04,0,0.0969127712246978,0.099507211698842,0.0983755813955915,0.0967499161367133,0.0966485158433126
"ORD-024528",2026-03-04,1,0.0969127712246978,0.0933288402303567,0.0963632532753788,0.0967499161367133,0.0966485158433126
"ORD-024539",2026-03-04,0,0.0969127712246978,0.0689480992184041,0.0896426800549222,0.0967499161367133,0.0966485158433126
"ORD-024549",2026-03-04,0,0.0969127712246978,0.0693569394575517,0.0899878728693976,0.0967499161367133,0.0966485158433126
"ORD-024555",2026-03-04,0,0.0969127712246978,0.0793514903901194,0.0926543391305708,0.0967499161367133,0.0966485158433126
"ORD-024575",2026-03-04,0,0.0969127712246978,0.0588030523764102,0.0873015513093899,0.0967499161367133,0.0966485158433126
"ORD-024613",2026-03-04,0,0.0969127712246978,0.0723400395193385,0.0906971187288743,0.0967499161367133,0.0966485158433126
"ORD-024614",2026-03-04,0,0.0969127712246978,0.0828077682955662,0.0936602894182111,0.0967499161367133,0.0966485158433126
"ORD-024629",2026-03-04,0,0.0969127712246978,0.0603693943795475,0.0875928248680648,0.0967499161367133,0.0966485158433126
"ORD-024651",2026-03-04,0,0.0969127712246978,0.0788799971468321,0.092352932548285,0.0967499161367133,0.0966485158433126
"ORD-024660",2026-03-04,0,0.0969127712246978,0.0559357862112671,0.086189546370548,0.0967499161367133,0.0966485158433126
"ORD-024670",2026-03-04,0,0.0969127712246978,0.12487788069705,0.105842366672151,0.0995408243258331,0.102132575198061
"ORD-024471",2026-03-04,0,0.0969127712246978,0.0465478661497516,0.0837361575104372,0.0967499161367133,0.0966485158433126
"ORD-024498",2026-03-04,0,0.0969127712246978,0.100673766502778,0.0988989950083653,0.0967499161367133,0.0966485158433126
"ORD-024499",2026-03-04,0,0.0969127712246978,0.000000389305315650256,0.0723424734432136,0.0967499161367133,0.0966485158433126
"ORD-024503",2026-03-04,0,0.0969127712246978,0.117548730235208,0.103170105347718,0.100541500134285,0.102408918308548
"ORD-024515",2026-03-04,0,0.0969127712246978,0.074981831758872,0.0926191907596622,0.0967499161367133,0.0966485158433126
"ORD-024522",2026-03-04,0,0.0969127712246978,0.0950446451519243,0.0963602712782525,0.0967499161367133,0.0966485158433126
"ORD-024535",2026-03-04,0,0.0969127712246978,0.0793514903901194,0.0926543391305708,0.0967499161367133,0.0966485158433126
"ORD-024537",2026-03-04,1,0.0969127712246978,0.0970162331931739,0.0976209940019101,0.0967499161367133,0.0966485158433126
"ORD-024550",2026-03-04,0,0.0969127712246978,0.0793514903901194,0.0926543391305708,0.0967499161367133,0.0966485158433126
"ORD-024552",2026-03-04,0,0.0969127712246978,0.0474554446645002,0.0839340519255264,0.0967499161367133,0.0956981529605399
"ORD-024578",2026-03-04,1,0.0969127712246978,0.117548730235208,0.103170105347718,0.100541500134285,0.102408918308548
"ORD-024593",2026-03-04,0,0.0969127712246978,0.0788532980965618,0.0924389033856296,0.0967499161367133,0.0966485158433126
"ORD-024616",2026-03-04,1,0.0969127712246978,0.0470249859458934,0.0839689044069709,0.0967499161367133,0.0966485158433126
"ORD-024624",2026-03-04,0,0.0969127712246978,0.0696203587467779,0.0899133848664564,0.0967499161367133,0.0966485158433126
"ORD-024628",2026-03-04,0,0.0969127712246978,0.0693569394575517,0.0899878728693976,0.0967499161367133,0.0966485158433126
"ORD-024667",2026-03-04,0,0.0969127712246978,0.0825884100551148,0.0935186349985981,0.0967499161367133,0.0966485158433126
"ORD-024674",2026-03-04,0,0.0969127712246978,0.0983301684936628,0.0979490326797845,0.0967499161367133,0.0966485158433126
"ORD-024676",2026-03-04,0,0.0969127712246978,0.099507211698842,0.0983755813955915,0.0967499161367133,0.0966485158433126
"ORD-024467",2026-03-04,0,0.0969127712246978,0.074981831758872,0.0926191907596622,0.0967499161367133,0.0966485158433126
"ORD-024468",2026-03-04,0,0.0969127712246978,0.0548857695357758,0.0860006499299135,0.0967499161367133,0.0966485158433126
"ORD-024488",2026-03-04,0,0.0969127712246978,0.0983301684936628,0.0979490326797845,0.0967499161367133,0.0966485158433126
"ORD-024489",2026-03-04,0,0.0969127712246978,0.0828077682955662,0.0936602894182111,0.0967499161367133,0.0966485158433126
"ORD-024493",2026-03-04,0,0.0969127712246978,0.0705271384596353,0.0900918924989966,0.0967499161367133,0.0966485158433126
"ORD-024532",2026-03-04,0,0.0969127712246978,0.0693569394575517,0.0899878728693976,0.0967499161367133,0.0966485158433126
"ORD-024567",2026-03-04,0,0.0969127712246978,0.0834608801120222,0.0935825672346242,0.0967499161367133,0.0966485158433126
"ORD-024586",2026-03-04,0,0.0969127712246978,0.0597329149836392,0.0872367099424033,0.0967499161367133,0.0966485158433126
"ORD-024590",2026-03-04,0,0.0969127712246978,0.0795636268454116,0.0925049507367788,0.0967499161367133,0.0966485158433126
"ORD-024591",2026-03-04,0,0.0969127712246978,0.0705271384596353,0.0900918924989966,0.0967499161367133,0.0966485158433126
"ORD-024598",2026-03-04,0,0.0969127712246978,0.0693569394575517,0.0899878728693976,0.0967499161367133,0.0966485158433126
"ORD-024605",2026-03-04,0,0.0969127712246978,0.0982536400905268,0.0979072069294899,0.0967499161367133,0.0966485158433126
"ORD-024612",2026-03-04,0,0.0969127712246978,0.0853948352069775,0.0943451962622613,0.0967499161367133,0.0966485158433126
"ORD-024618",2026-03-04,0,0.0969127712246978,0.0983301684936628,0.0979490326797845,0.0967499161367133,0.0966485158433126
"ORD-024623",2026-03-04,0,0.0969127712246978,0.12487788069705,0.105842366672151,0.0995408243258331,0.102132575198061
"ORD-024630",2026-03-04,0,0.0969127712246978,0.100801491067106,0.0986464193060618,0.0967499161367133,0.0966485158433126
"ORD-024653",2026-03-04,0,0.0969127712246978,0.0732873918814349,0.0908126684526944,0.0967499161367133,0.0966485158433126
"ORD-024664",2026-03-04,0,0.0969127712246978,0.0970162331931739,0.0976209940019101,0.0967499161367133,0.0966485158433126
"ORD-024482",2026-03-04,0,0.0969127712246978,0.0725391185510863,0.0907563060079429,0.0967499161367133,0.0966485158433126
"ORD-024526",2026-03-04,0,0.0969127712246978,0.0548857695357758,0.0860006499299135,0.0967499161367133,0.0966485158433126
"ORD-024554",2026-03-04,0,0.0969127712246978,0.0755260235414062,0.0913512481198329,0.0967499161367133,0.0966485158433126
"ORD-024564",2026-03-04,0,0.0969127712246978,0.0860352192751095,0.0943351162749889,0.0967499161367133,0.0966485158433126
"ORD-024565",2026-03-04,0,0.0969127712246978,0.0440736554926431,0.0832124899387611,0.0967499161367133,0.0966485158433126
"ORD-024579",2026-03-04,0,0.0969127712246978,0.062398319135981,0.0877937306803908,0.0967499161367133,0.0966485158433126
"ORD-024582",2026-03-04,0,0.0969127712246978,0.0723400395193385,0.0906971187288743,0.0967499161367133,0.0966485158433126
"ORD-024600",2026-03-04,0,0.0969127712246978,0.0803613492771081,0.0930164527506285,0.0967499161367133,0.0966485158433126
"ORD-024610",2026-03-04,0,0.0969127712246978,0.106606561437268,0.100350213629671,0.0967499161367133,0.0966485158433126
"ORD-024627",2026-03-04,0,0.0969127712246978,0.099507211698842,0.0983755813955915,0.0967499161367133,0.0966485158433126
"ORD-024645",2026-03-04,0,0.0969127712246978,0.0788532980965618,0.0924389033856296,0.0967499161367133,0.0966485158433126
"ORD-024646",2026-03-04,0,0.0969127712246978,0.136375583394019,0.108510785940659,0.0967499161367133,0.0966485158433126
"ORD-024652",2026-03-04,0,0.0969127712246978,0.0724185466667006,0.0906724001519968,0.0967499161367133,0.0966485158433126
"ORD-024654",2026-03-04,0,0.0969127712246978,0.0788532980965618,0.0924389033856296,0.0967499161367133,0.0966485158433126
"ORD-024476",2026-03-04,0,0.0969127712246978,0.0884633801634283,0.0949769728830699,0.0967499161367133,0.0966485158433126
"ORD-024478",2026-03-04,0,0.0969127712246978,0.12487788069705,0.105842366672151,0.0995408243258331,0.102132575198061
"ORD-024551",2026-03-04,0,0.0969127712246978,0.055009091640438,0.0861021809017549,0.0967499161367133,0.0966485158433126
"ORD-024561",2026-03-04,0,0.0969127712246978,0.0793514903901194,0.0926543391305708,0.0967499161367133,0.0966485158433126
"ORD-024563",2026-03-04,0,0.0969127712246978,0.117548730235208,0.103170105347718,0.100541500134285,0.102408918308548
"ORD-024570",2026-03-04,0,0.0969127712246978,0.0788799971468321,0.092352932548285,0.0967499161367133,0.0966485158433126
"ORD-024594",2026-03-04,1,0.0969127712246978,0.0864162850665318,0.0945836473780128,0.0967499161367133,0.0966485158433126
"ORD-024599",2026-03-04,0,0.0969127712246978,0.0760719070753575,0.0916463941223765,0.0967499161367133,0.0966485158433126
"ORD-024604",2026-03-04,0,0.0969127712246978,0.074981831758872,0.0926191907596622,0.0967499161367133,0.0966485158433126
"ORD-024611",2026-03-04,0,0.0969127712246978,0.0588030523764102,0.0873015513093899,0.0967499161367133,0.0966485158433126
"ORD-024617",2026-03-04,0,0.0969127712246978,0.099507211698842,0.0983755813955915,0.0967499161367133,0.0966485158433126
"ORD-024625",2026-03-04,1,0.0969127712246978,0.0860352192751095,0.0943351162749889,0.0967499161367133,0.0966485158433126
"ORD-024631",2026-03-04,0,0.0969127712246978,0.117548730235208,0.103170105347718,0.100541500134285,0.102408918308548
"ORD-024635",2026-03-04,0,0.0969127712246978,0.0600710176329897,0.0873675068696067,0.0967499161367133,0.0966485158433126
"ORD-024638",2026-03-04,0,0.0969127712246978,0.100801491067106,0.0986464193060618,0.0967499161367133,0.0966485158433126
"ORD-024641",2026-03-04,0,0.0969127712246978,0.0693569394575517,0.0899878728693976,0.0967499161367133,0.0966485158433126
"ORD-024648",2026-03-04,1,0.0969127712246978,0.0944985419242935,0.0969303467490733,0.0967499161367133,0.0966485158433126
"ORD-024678",2026-03-04,0,0.0969127712246978,0.0440736554926431,0.0832124899387611,0.0967499161367133,0.0966485158433126
"ORD-024492",2026-03-04,1,0.0969127712246978,0.0852124667167825,0.0936017165037907,0.0967499161367133,0.0966485158433126
"ORD-024500",2026-03-04,0,0.0969127712246978,0.108534300775589,0.0996635181956594,0.0967499161367133,0.0966485158433126
"ORD-024538",2026-03-04,0,0.0969127712246978,0.111399705488387,0.100566788053169,0.0967499161367133,0.0966485158433126
"ORD-024568",2026-03-04,1,0.0969127712246978,0.104673715179854,0.0988418945316824,0.0967499161367133,0.0966485158433126
"ORD-024576",2026-03-04,1,0.0969127712246978,0.0978748936937963,0.0966849910222847,0.0967499161367133,0.0966485158433126
"ORD-024577",2026-03-04,0,0.0969127712246978,0.0874260803589883,0.0941011770279994,0.0967499161367133,0.0966485158433126
"ORD-024584",2026-03-04,0,0.0969127712246978,0.0894548771915635,0.0948368611738101,0.0967499161367133,0.0966485158433126
"ORD-024592",2026-03-04,0,0.0969127712246978,0.108534300775589,0.0996635181956594,0.0967499161367133,0.0966485158433126
"ORD-024595",2026-03-04,1,0.0969127712246978,0.0929572293402857,0.0955636811219863,0.0967499161367133,0.0966485158433126
"ORD-024597",2026-03-04,0,0.0969127712246978,0.0874260803589883,0.0941011770279994,0.0967499161367133,0.0966485158433126
"ORD-024639",2026-03-04,0,0.0969127712246978,0.0978748936937963,0.0966849910222847,0.0967499161367133,0.0966485158433126
"ORD-024497",2026-03-04,1,0.0969127712246978,0.0581549702323629,0.0868728785040829,0.0967499161367133,0.0966485158433126
"ORD-024511",2026-03-04,1,0.0969127712246978,0.11444640084759,0.10179354751237,0.0967499161367133,0.0966485158433126
"ORD-024512",2026-03-04,0,0.0969127712246978,0.146635210628253,0.109851300496779,0.0967499161367133,0.0966485158433126
"ORD-024516",2026-03-04,0,0.0969127712246978,0.074573126659704,0.0907738368786508,0.0967499161367133,0.0966485158433126
"ORD-024531",2026-03-04,0,0.0969127712246978,0.0514238724220071,0.0849999002187425,0.0967499161367133,0.0956981529605399
"ORD-024534",2026-03-04,0,0.0969127712246978,0.0646583458224673,0.0883404531039966,0.0967499161367133,0.0966485158433126
"ORD-024541",2026-03-04,0,0.0969127712246978,0.074573126659704,0.0907738368786508,0.0967499161367133,0.0966485158433126
"ORD-024543",2026-03-04,0,0.0969127712246978,0.106079175944885,0.0991735849487924,0.0967499161367133,0.0966485158433126
"ORD-024562",2026-03-04,0,0.0969127712246978,0.108721770346605,0.0998787248885591,0.0967499161367133,0.0966485158433126
"ORD-024571",2026-03-04,0,0.0969127712246978,0.0922287298534822,0.0955294650384512,0.0967499161367133,0.0966485158433126
"ORD-024585",2026-03-04,0,0.0969127712246978,0.0849177484385973,0.0935455842837111,0.0967499161367133,0.0966485158433126
"ORD-024662",2026-03-04,0,0.0969127712246978,0.0784324341133337,0.091900096556939,0.0967499161367133,0.0966485158433126
"ORD-024668",2026-03-04,0,0.0969127712246978,0.0416592420278928,0.0827480648432259,0.0967499161367133,0.0966485158433126
"ORD-024470",2026-03-04,0,0.0969127712246978,0.1002305957643,0.0974804721057976,0.0967499161367133,0.0966485158433126
"ORD-024474",2026-03-04,0,0.0969127712246978,0.0894548771915635,0.0948368611738101,0.0967499161367133,0.0966485158433126
"ORD-024490",2026-03-04,1,0.0969127712246978,0.126599625860118,0.104452372818364,0.100541500134285,0.102408918308548
"ORD-024601",2026-03-04,0,0.0969127712246978,0.0980258291528756,0.0969054072706962,0.0967499161367133,0.0966485158433126
"ORD-024603",2026-03-04,0,0.0969127712246978,0.0980258291528756,0.0969054072706962,0.0967499161367133,0.0966485158433126
"ORD-024677",2026-03-04,0,0.0969127712246978,0.107337934973752,0.0996048775108323,0.0967499161367133,0.0966485158433126
"ORD-024501",2026-03-04,0,0.0969127712246978,0.0901552620783735,0.094758264713295,0.0967499161367133,0.0966485158433126
"ORD-024504",2026-03-04,0,0.0969127712246978,0.0514238724220071,0.0849999002187425,0.0967499161367133,0.0956981529605399
"ORD-024517",2026-03-04,0,0.0969127712246978,0.0594367816307558,0.0870902462904683,0.0967499161367133,0.0966485158433126
"ORD-024521",2026-03-04,0,0.0969127712246978,0.0852411196777712,0.0935147756490091,0.0967499161367133,0.0966485158433126
"ORD-024524",2026-03-04,0,0.0969127712246978,0.0955171954862921,0.0961683299404671,0.0967499161367133,0.0966485158433126
"ORD-024525",2026-03-04,0,0.0969127712246978,0.0868306714087251,0.0941857770437852,0.0967499161367133,0.0966485158433126
"ORD-024542",2026-03-04,0,0.0969127712246978,0.0514238724220071,0.0849999002187425,0.0967499161367133,0.0956981529605399
"ORD-024546",2026-03-04,0,0.0969127712246978,0.111399705488387,0.100566788053169,0.0967499161367133,0.0966485158433126
"ORD-024548",2026-03-04,0,0.0969127712246978,0.0605682838414981,0.087281307438565,0.0967499161367133,0.0966485158433126
"ORD-024560",2026-03-04,0,0.0969127712246978,0.0852411196777712,0.0935147756490091,0.0967499161367133,0.0966485158433126
"ORD-024609",2026-03-04,0,0.0969127712246978,0.0750126342154256,0.0911229495120963,0.0967499161367133,0.0966485158433126
"ORD-024626",2026-03-04,0,0.0969127712246978,0.11444640084759,0.10179354751237,0.0967499161367133,0.0966485158433126
"ORD-024637",2026-03-04,0,0.0969127712246978,0.0980258291528756,0.0969054072706962,0.0967499161367133,0.0966485158433126
"ORD-024640",2026-03-04,0,0.0969127712246978,0.0784324341133337,0.091900096556939,0.0967499161367133,0.0966485158433126
"ORD-024655",2026-03-04,0,0.0969127712246978,0.0852411196777712,0.0935147756490091,0.0967499161367133,0.0966485158433126
"ORD-024657",2026-03-04,0,0.0969127712246978,0.0605682838414981,0.087281307438565,0.0967499161367133,0.0966485158433126
"ORD-024464",2026-03-04,0,0.0969127712246978,0.0955171954862921,0.0961683299404671,0.0967499161367133,0.0966485158433126
"ORD-024495",2026-03-04,1,0.0969127712246978,0.114924666732483,0.10160140410391,0.0967499161367133,0.0966485158433126
"ORD-024508",2026-03-04,0,0.0969127712246978,0.0892196235581618,0.0946936131929924,0.0967499161367133,0.0966485158433126
"ORD-024509",2026-03-04,0,0.0969127712246978,0.0857470960384766,0.0938195821213232,0.0967499161367133,0.0966485158433126
"ORD-024518",2026-03-04,0,0.0969127712246978,0.081056257278942,0.0937840374051946,0.0967499161367133,0.0966485158433126
"ORD-024545",2026-03-04,1,0.0969127712246978,0.0636569999257878,0.0884060354027393,0.0967499161367133,0.0966485158433126
"ORD-024547",2026-03-04,0,0.0969127712246978,0.0717493017538919,0.0900765458193114,0.0967499161367133,0.0966485158433126
"ORD-024556",2026-03-04,0,0.0969127712246978,0.0833663665953113,0.0930142062423783,0.0967499161367133,0.0966485158433126
"ORD-024566",2026-03-04,0,0.0969127712246978,0.108534300775589,0.0996635181956594,0.0967499161367133,0.0966485158433126
"ORD-024572",2026-03-04,0,0.0969127712246978,0.114924666732483,0.10160140410391,0.0967499161367133,0.0966485158433126
"ORD-024583",2026-03-04,0,0.0969127712246978,0.146635210628253,0.109851300496779,0.0967499161367133,0.0966485158433126
"ORD-024602",2026-03-04,0,0.0969127712246978,0.0646583458224673,0.0883404531039966,0.0967499161367133,0.0966485158433126
"ORD-024632",2026-03-04,0,0.0969127712246978,0.10256418545818,0.097567109323998,0.0967499161367133,0.0966485158433126
"ORD-024661",2026-03-04,0,0.0969127712246978,0.0646583458224673,0.0883404531039966,0.0967499161367133,0.0966485158433126
"ORD-024663",2026-03-04,0,0.0969127712246978,0.0650223996655028,0.0884727445054706,0.0967499161367133,0.0966485158433126
"ORD-024672",2026-03-04,0,0.0969127712246978,0.10256418545818,0.097567109323998,0.0967499161367133,0.0966485158433126
"ORD-024679",2026-03-04,0,0.0969127712246978,0.095539801074136,0.0962427189774898,0.0967499161367133,0.0966485158433126
"ORD-024472",2026-03-04,0,0.0969127712246978,0.000000399799122092775,0.0728150490546674,0.0967499161367133,0.0966485158433126
"ORD-024475",2026-03-04,0,0.0969127712246978,0.000000399799122092775,0.0728150490546674,0.0967499161367133,0.0966485158433126
"ORD-024479",2026-03-04,0,0.0969127712246978,0.0805262272789757,0.0929737688803044,0.0967499161367133,0.0966485158433126
"ORD-024507",2026-03-04,0,0.0969127712246978,0.0742257116761963,0.0912529368917153,0.0967499161367133,0.0966485158433126
"ORD-024519",2026-03-04,1,0.0969127712246978,0.0685093307338286,0.0896467570503924,0.0967499161367133,0.0966485158433126
"ORD-024536",2026-03-04,0,0.0969127712246978,0.10916646369268,0.100985831962428,0.0967499161367133,0.0966485158433126
"ORD-024559",2026-03-04,0,0.0969127712246978,0.0768476627770902,0.0932109142955279,0.0967499161367133,0.0966485158433126
"ORD-024569",2026-03-04,0,0.0969127712246978,0.0776677256451505,0.0923129645245719,0.0967499161367133,0.0966485158433126
"ORD-024573",2026-03-04,0,0.0969127712246978,0.0973571703810797,0.0969733414165479,0.0967499161367133,0.0966485158433126
"ORD-024580",2026-03-04,0,0.0969127712246978,0.0906318139998606,0.0955821730164991,0.0967499161367133,0.0966485158433126
"ORD-024596",2026-03-04,0,0.0969127712246978,0.0956040286964672,0.0969763403498908,0.0967499161367133,0.0966485158433126
"ORD-024659",2026-03-04,0,0.0969127712246978,0.0454918709045745,0.0837276762199714,0.0967499161367133,0.0966485158433126
"ORD-024466",2026-03-04,0,0.0969127712246978,0.0710935594003558,0.0905644633711745,0.0967499161367133,0.0966485158433126
"ORD-024484",2026-03-04,0,0.0969127712246978,0.0881900150109937,0.0949808223140002,0.0967499161367133,0.0966485158433126
"ORD-024485",2026-03-04,0,0.0969127712246978,0.103058999097648,0.0990583925357875,0.0967499161367133,0.0966485158433126
"ORD-024491",2026-03-04,0,0.0969127712246978,0.0881900150109937,0.0949808223140002,0.0967499161367133,0.0966485158433126
"ORD-024506",2026-03-04,0,0.0969127712246978,0.0808070501018171,0.0930295931957467,0.0967499161367133,0.0966485158433126
"ORD-024513",2026-03-04,0,0.0969127712246978,0.0813164964564642,0.0932462641453756,0.0967499161367133,0.0966485158433126
"ORD-024529",2026-03-04,0,0.0969127712246978,0.103238106501945,0.0992724366361788,0.0967499161367133,0.0966485158433126
"ORD-024533",2026-03-04,0,0.0969127712246978,0.0551536030107811,0.0862474323763454,0.0967499161367133,0.0966485158433126
"ORD-024574",2026-03-04,0,0.0969127712246978,0.0928813071254888,0.0960960198055739,0.0967499161367133,0.0966485158433126
"ORD-024581",2026-03-04,0,0.0969127712246978,0.0768476627770902,0.0932109142955279,0.0967499161367133,0.0966485158433126
"ORD-024606",2026-03-04,0,0.0969127712246978,0.0452079628534651,0.0837496630212123,0.0967499161367133,0.0966485158433126
"ORD-024619",2026-03-04,0,0.0969127712246978,0.0774042629672636,0.0919356918026037,0.0967499161367133,0.0966485158433126
"ORD-024634",2026-03-04,0,0.0969127712246978,0.0774042629672636,0.0919356918026037,0.0967499161367133,0.0966485158433126
"ORD-024642",2026-03-04,0,0.0969127712246978,0.103058999097648,0.0990583925357875,0.0967499161367133,0.0966485158433126
"ORD-024644",2026-03-04,0,0.0969127712246978,0.0881900150109937,0.0949808223140002,0.0967499161367133,0.0966485158433126
"ORD-024658",2026-03-04,1,0.0969127712246978,0.10916646369268,0.100985831962428,0.0967499161367133,0.0966485158433126
"ORD-024669",2026-03-04,0,0.0969127712246978,0.0751144826980588,0.091394013007207,0.0967499161367133,0.0966485158433126
"ORD-024461",2026-03-04,0,0.0969127712246978,0.0486723563266738,0.0844754538052725,0.0967499161367133,0.0956981529605399
"ORD-024469",2026-03-04,0,0.0969127712246978,0.0685093307338286,0.0896467570503924,0.0967499161367133,0.0966485158433126
"ORD-024473",2026-03-04,0,0.0969127712246978,0.0906533792704576,0.0956561566300437,0.0967499161367133,0.0966485158433126
"ORD-024483",2026-03-04,0,0.0969127712246978,0.108442786367308,0.100369788290685,0.0967499161367133,0.0966485158433126
"ORD-024494",2026-03-04,0,0.0969127712246978,0.100713736964812,0.0985711083301323,0.0967499161367133,0.0966485158433126
"ORD-024502",2026-03-04,0,0.0969127712246978,0.0573570668897527,0.0867441192787708,0.0967499161367133,0.0966485158433126
"ORD-024514",2026-03-04,0,0.0969127712246978,0.120335991342404,0.10382152365631,0.100541500134285,0.102408918308548
"ORD-024523",2026-03-04,0,0.0969127712246978,0.0815334208858413,0.0930960193004311,0.0967499161367133,0.0966485158433126
"ORD-024530",2026-03-04,0,0.0969127712246978,0.0550642029753312,0.086337966305858,0.0967499161367133,0.0966485158433126
"ORD-024544",2026-03-04,1,0.0969127712246978,0.10916646369268,0.100985831962428,0.0967499161367133,0.0966485158433126
"ORD-024557",2026-03-04,0,0.0969127712246978,0.0805262272789757,0.0929737688803044,0.0967499161367133,0.0966485158433126
"ORD-024558",2026-03-04,0,0.0969127712246978,0.0846262049514036,0.0941155088609307,0.0967499161367133,0.0966485158433126
"ORD-024620",2026-03-04,0,0.0969127712246978,0.0573570668897527,0.0867441192787708,0.0967499161367133,0.0966485158433126
"ORD-024462",2026-03-04,1,0.0969127712246978,0.0848504750658736,0.0942579733665745,0.0967499161367133,0.0966485158433126
"ORD-024465",2026-03-04,0,0.0969127712246978,0.127813756243853,0.10650865387218,0.0995408243258331,0.102132575198061
"ORD-024480",2026-03-04,0,0.0969127712246978,0.0564082327137113,0.0866562449781974,0.0967499161367133,0.0966485158433126
"ORD-024486",2026-03-04,0,0.0969127712246978,0.0706752596750873,0.0902172780341266,0.0967499161367133,0.0966485158433126
"ORD-024510",2026-03-04,0,0.0969127712246978,0.10916646369268,0.100985831962428,0.0967499161367133,0.0966485158433126
"ORD-024527",2026-03-04,1,0.0969127712246978,0.103058999097648,0.0990583925357875,0.0967499161367133,0.0966485158433126
"ORD-024553",2026-03-04,0,0.0969127712246978,0.0706752596750873,0.0902172780341266,0.0967499161367133,0.0966485158433126
"ORD-024621",2026-03-04,0,0.0969127712246978,0.0808343526243754,0.0929431292595807,0.0967499161367133,0.0966485158433126
"ORD-024636",2026-03-04,0,0.0969127712246978,0.100713736964812,0.0985711083301323,0.0967499161367133,0.0966485158433126
"ORD-024643",2026-03-04,0,0.0969127712246978,0.063972680071202,0.0883576274209651,0.0967499161367133,0.0966485158433126
"ORD-024649",2026-03-04,0,0.0969127712246978,0.0486723563266738,0.0844754538052725,0.0967499161367133,0.0956981529605399
"ORD-024650",2026-03-04,0,0.0969127712246978,0.0808343526243754,0.0929431292595807,0.0967499161367133,0.0966485158433126
"ORD-024656",2026-03-04,1,0.0969127712246978,0.0815334208858413,0.0930960193004311,0.0967499161367133,0.0966485158433126
"ORD-024460",2026-03-04,0,0.0969127712246978,0.133071486578359,0.107881992110296,0.0995408243258331,0.102132575198061
"ORD-024463",2026-03-04,0,0.0969127712246978,0.0577163494096819,0.0873976427489669,0.0967499161367133,0.0966485158433126
"ORD-024477",2026-03-04,0,0.0969127712246978,0.0508643942319167,0.0855919079872016,0.0967499161367133,0.0956981529605399
"ORD-024608",2026-03-04,0,0.0969127712246978,0.0843464340628781,0.0941599850206462,0.0967499161367133,0.0966485158433126
"ORD-024647",2026-03-04,1,0.0969127712246978,0.0953375620266266,0.0970975564479805,0.0967499161367133,0.0966485158433126
"ORD-024680",2026-03-04,0,0.0969127712246978,0.0813609303624259,0.093441045124907,0.0967499161367133,0.0966485158433126
"ORD-024540",2026-03-04,0,0.0969127712246978,0.0910016297202851,0.0957189199567675,0.0967499161367133,0.0966485158433126
"ORD-024587",2026-03-04,0,0.0969127712246978,0.103598165455345,0.0995198234293862,0.0967499161367133,0.0966485158433126
"ORD-024589",2026-03-04,0,0.0969127712246978,0.113006919688634,0.101672978420813,0.0967499161367133,0.0966485158433126
"ORD-024622",2026-03-04,0,0.0969127712246978,0.0774748634682849,0.092449919281654,0.0967499161367133,0.0966485158433126
"ORD-024633",2026-03-04,0,0.0969127712246978,0.0892140282427085,0.0954111505661315,0.0967499161367133,0.0966485158433126
"ORD-024665",2026-03-04,0,0.0969127712246978,0.106238258043693,0.100287457119176,0.0967499161367133,0.0966485158433126
"ORD-024666",2026-03-04,0,0.0969127712246978,0.0575267006832267,0.087476684068537,0.0967499161367133,0.0966485158433126
"ORD-024671",2026-03-04,0,0.0969127712246978,0.0912680201938159,0.0961870998746182,0.0967499161367133,0.0966485158433126
"ORD-024673",2026-03-04,0,0.0969127712246978,0.0843180541208916,0.0942474633609653,0.0967499161367133,0.0966485158433126
"ORD-024481",2026-03-04,0,0.0969127712246978,0.0754621392581146,0.0918591811081166,0.0967499161367133,0.0966485158433126
"ORD-024520",2026-03-04,0,0.0969127712246978,0.125330319042474,0.105164291755686,0.100541500134285,0.102408918308548
"ORD-024588",2026-03-04,0,0.0969127712246978,0.0668054035555184,0.0895203727106791,0.0967499161367133,0.0966485158433126
"ORD-024607",2026-03-04,0,0.0969127712246978,0.103598165455345,0.0995198234293862,0.0967499161367133,0.0966485158433126
"ORD-024615",2026-03-04,0,0.0969127712246978,0.0848475923151099,0.0944666753582127,0.0967499161367133,0.0966485158433126
"ORD-024675",2026-03-04,0,0.0969127712246978,0.107474305076433,0.100819905524956,0.0967499161367133,0.0966485158433126
"ORD-024692",2026-03-05,0,0.0969127712246978,0.0724731066341371,0.0908439475952992,0.0967499161367133,0.0966485158433126
"ORD-024696",2026-03-05,0,0.0969127712246978,0.101239927676262,0.0985418210422926,0.0967499161367133,0.0966485158433126
"ORD-024705",2026-03-05,0,0.0969127712246978,0.0947870353749372,0.0966105824833615,0.0967499161367133,0.0966485158433126
"ORD-024712",2026-03-05,0,0.0969127712246978,0.0974093181493911,0.0972734953421684,0.0967499161367133,0.0966485158433126
"ORD-024729",2026-03-05,0,0.0969127712246978,0.0791639705930648,0.0925972952635128,0.0967499161367133,0.0966485158433126
"ORD-024730",2026-03-05,0,0.0969127712246978,0.0969267841162387,0.0971840860184253,0.0967499161367133,0.0966485158433126
"ORD-024747",2026-03-05,0,0.0969127712246978,0.0823861525579948,0.0932292015955855,0.0967499161367133,0.0966485158433126
"ORD-024754",2026-03-05,0,0.0969127712246978,0.087151387146611,0.0944692890515717,0.0967499161367133,0.0966485158433126
"ORD-024773",2026-03-05,0,0.0969127712246978,0.122545014109014,0.104137234813983,0.100541500134285,0.102408918308548
"ORD-024785",2026-03-05,0,0.0969127712246978,0.0724731066341371,0.0908439475952992,0.0967499161367133,0.0966485158433126
"ORD-024787",2026-03-05,0,0.0969127712246978,0.0720473195035138,0.0904957974502849,0.0967499161367133,0.0966485158433126
"ORD-024799",2026-03-05,0,0.0969127712246978,0.062445694259672,0.0880691451560498,0.0967499161367133,0.0966485158433126
"ORD-024812",2026-03-05,1,0.0969127712246978,0.11119636475102,0.101293894711037,0.0967499161367133,0.0966485158433126
"ORD-024814",2026-03-05,0,0.0969127712246978,0.107771833298408,0.100262060589121,0.0967499161367133,0.0966485158433126
"ORD-024853",2026-03-05,0,0.0969127712246978,0.0720473195035138,0.0904957974502849,0.0967499161367133,0.0966485158433126
"ORD-024855",2026-03-05,0,0.0969127712246978,0.0889016931990347,0.0947743385752089,0.0967499161367133,0.0966485158433126
"ORD-024874",2026-03-05,1,0.0969127712246978,0.104988718819489,0.0993612253712033,0.0967499161367133,0.0966485158433126
"ORD-024880",2026-03-05,0,0.0969127712246978,0.0947870353749372,0.0966105824833615,0.0967499161367133,0.0966485158433126
"ORD-024882",2026-03-05,0,0.0969127712246978,0.079464012899955,0.0925166426682741,0.0967499161367133,0.0966485158433126
"ORD-024707",2026-03-05,0,0.0969127712246978,0.0561515081359364,0.0866056495468497,0.0967499161367133,0.0966485158433126
"ORD-024711",2026-03-05,0,0.0969127712246978,0.092374734013549,0.0959496961435095,0.0967499161367133,0.0966485158433126
"ORD-024726",2026-03-05,0,0.0969127712246978,0.0736917188119039,0.0909488578875941,0.0967499161367133,0.0966485158433126
"ORD-024745",2026-03-05,0,0.0969127712246978,0.0862439680615156,0.09440481413174,0.0967499161367133,0.0966485158433126
"ORD-024764",2026-03-05,0,0.0969127712246978,0.0931478233016318,0.0961408167158509,0.0967499161367133,0.0966485158433126
"ORD-024771",2026-03-05,0,0.0969127712246978,0.0839273502265111,0.0938983661517612,0.0967499161367133,0.0966485158433126
"ORD-024819",2026-03-05,0,0.0969127712246978,0.0584868449391457,0.0870129418368686,0.0967499161367133,0.0966485158433126
"ORD-024836",2026-03-05,1,0.0969127712246978,0.0627981263699399,0.0882010695765641,0.0967499161367133,0.0966485158433126
"ORD-024854",2026-03-05,0,0.0969127712246978,0.130139741158095,0.106831562247751,0.0995408243258331,0.102132575198061
"ORD-024863",2026-03-05,0,0.0969127712246978,0.101239927676262,0.0985418210422926,0.0967499161367133,0.0966485158433126
"ORD-024884",2026-03-05,1,0.0969127712246978,0.0561515081359364,0.0866056495468497,0.0967499161367133,0.0966485158433126
"ORD-024686",2026-03-05,0,0.0969127712246978,0.0783294511387912,0.0934977258954177,0.0967499161367133,0.0966485158433126
"ORD-024708",2026-03-05,0,0.0969127712246978,0.120032175671964,0.103144260108714,0.0967499161367133,0.0966485158433126
"ORD-024710",2026-03-05,0,0.0969127712246978,0.0946405635951335,0.0963907652537662,0.0967499161367133,0.0966485158433126
"ORD-024762",2026-03-05,0,0.0969127712246978,0.0946405635951335,0.0963907652537662,0.0967499161367133,0.0966485158433126
"ORD-024767",2026-03-05,0,0.0969127712246978,0.0788958665456246,0.0922189785731704,0.0967499161367133,0.0966485158433126
"ORD-024770",2026-03-05,0,0.0969127712246978,0.0828767176862817,0.0935331732977787,0.0967499161367133,0.0966485158433126
"ORD-024774",2026-03-05,0,0.0969127712246978,0.104988718819489,0.0993612253712033,0.0967499161367133,0.0966485158433126
"ORD-024778",2026-03-05,0,0.0969127712246978,0.0969267841162387,0.0971840860184253,0.0967499161367133,0.0966485158433126
"ORD-024782",2026-03-05,0,0.0969127712246978,0.0974866445042799,0.0974348886689613,0.0967499161367133,0.0966485158433126
"ORD-024789",2026-03-05,0,0.0969127712246978,0.0946405635951335,0.0963907652537662,0.0967499161367133,0.0966485158433126
"ORD-024810",2026-03-05,0,0.0969127712246978,0.0947870353749372,0.0966105824833615,0.0967499161367133,0.0966485158433126
"ORD-024811",2026-03-05,0,0.0969127712246978,0.091996110326994,0.0957354345201113,0.0967499161367133,0.0966485158433126
"ORD-024846",2026-03-05,0,0.0969127712246978,0.062445694259672,0.0880691451560498,0.0967499161367133,0.0966485158433126
"ORD-024850",2026-03-05,0,0.0969127712246978,0.092374734013549,0.0959496961435095,0.0967499161367133,0.0966485158433126
"ORD-024861",2026-03-05,0,0.0969127712246978,0.0946405635951335,0.0963907652537662,0.0967499161367133,0.0966485158433126
"ORD-024681",2026-03-05,0,0.0969127712246978,0.0765656234026942,0.0916757991801395,0.0967499161367133,0.0966485158433126
"ORD-024709",2026-03-05,0,0.0969127712246978,0.0463994408398794,0.0839880104303702,0.0967499161367133,0.0966485158433126
"ORD-024716",2026-03-05,0,0.0969127712246978,0.122545014109014,0.104137234813983,0.100541500134285,0.102408918308548
"ORD-024717",2026-03-05,0,0.0969127712246978,0.0631091393536576,0.0884283290110977,0.0967499161367133,0.0966485158433126
"ORD-024720",2026-03-05,0,0.0969127712246978,0.0496400776059475,0.0847378980538448,0.0967499161367133,0.0956981529605399
"ORD-024722",2026-03-05,0,0.0969127712246978,0.0765656234026942,0.0916757991801395,0.0967499161367133,0.0966485158433126
"ORD-024725",2026-03-05,1,0.0969127712246978,0.122545014109014,0.104137234813983,0.100541500134285,0.102408918308548
"ORD-024740",2026-03-05,0,0.0969127712246978,0.101239927676262,0.0985418210422926,0.0967499161367133,0.0966485158433126
"ORD-024749",2026-03-05,0,0.0969127712246978,0.065223751252622,0.0886309650107658,0.0967499161367133,0.0966485158433126
"ORD-024760",2026-03-05,1,0.0969127712246978,0.0584868449391457,0.0870129418368686,0.0967499161367133,0.0966485158433126
"ORD-024772",2026-03-05,0,0.0969127712246978,0.0839273502265111,0.0938983661517612,0.0967499161367133,0.0966485158433126
"ORD-024786",2026-03-05,0,0.0969127712246978,0.0755793509012583,0.0915592618099552,0.0967499161367133,0.0966485158433126
"ORD-024795",2026-03-05,0,0.0969127712246978,0.130139741158095,0.106831562247751,0.0995408243258331,0.102132575198061
"ORD-024797",2026-03-05,0,0.0969127712246978,0.101239927676262,0.0985418210422926,0.0967499161367133,0.0966485158433126
"ORD-024798",2026-03-05,0,0.0969127712246978,0.0496400776059475,0.0847378980538448,0.0967499161367133,0.0956981529605399
"ORD-024806",2026-03-05,0,0.0969127712246978,0.102604566474467,0.098872614965301,0.0967499161367133,0.0966485158433126
"ORD-024823",2026-03-05,1,0.0969127712246978,0.0839273502265111,0.0938983661517612,0.0967499161367133,0.0966485158433126
"ORD-024824",2026-03-05,0,0.0969127712246978,0.105170786669747,0.0995758515065726,0.0967499161367133,0.0966485158433126
"ORD-024827",2026-03-05,0,0.0969127712246978,0.0496400776059475,0.0847378980538448,0.0967499161367133,0.0956981529605399
"ORD-024849",2026-03-05,0,0.0969127712246978,0.0724731066341371,0.0908439475952992,0.0967499161367133,0.0966485158433126
"ORD-024856",2026-03-05,0,0.0969127712246978,0.0830974277726784,0.0933825137738842,0.0967499161367133,0.0966485158433126
"ORD-024858",2026-03-05,0,0.0969127712246978,0.122545014109014,0.104137234813983,0.100541500134285,0.102408918308548
"ORD-024871",2026-03-05,1,0.0969127712246978,0.107771833298408,0.100262060589121,0.0967499161367133,0.0966485158433126
"ORD-024878",2026-03-05,0,0.0969127712246978,0.104988718819489,0.0993612253712033,0.0967499161367133,0.0966485158433126
"ORD-024879",2026-03-05,0,0.0969127712246978,0.0727474360479802,0.0907688216524941,0.0967499161367133,0.0966485158433126
"ORD-024683",2026-03-05,0,0.0969127712246978,0.0496400776059475,0.0847378980538448,0.0967499161367133,0.0956981529605399
"ORD-024724",2026-03-05,0,0.0969127712246978,0.0491908258713955,0.0847730534328448,0.0967499161367133,0.0966485158433126
"ORD-024734",2026-03-05,1,0.0969127712246978,0.0496400776059475,0.0847378980538448,0.0967499161367133,0.0956981529605399
"ORD-024735",2026-03-05,0,0.0969127712246978,0.11046089953583,0.100676182215447,0.0967499161367133,0.0966485158433126
"ORD-024748",2026-03-05,0,0.0969127712246978,0.0561515081359364,0.0866056495468497,0.0967499161367133,0.0966485158433126
"ORD-024783",2026-03-05,0,0.0969127712246978,0.122545014109014,0.104137234813983,0.100541500134285,0.102408918308548
"ORD-024788",2026-03-05,0,0.0969127712246978,0.0974093181493911,0.0972734953421684,0.0967499161367133,0.0966485158433126
"ORD-024802",2026-03-05,0,0.0969127712246978,0.0563368942533905,0.0865273206392521,0.0967499161367133,0.0966485158433126
"ORD-024807",2026-03-05,0,0.0969127712246978,0.11046089953583,0.100676182215447,0.0967499161367133,0.0966485158433126
"ORD-024815",2026-03-05,0,0.0969127712246978,0.079464012899955,0.0925166426682741,0.0967499161367133,0.0966485158433126
"ORD-024837",2026-03-05,1,0.0969127712246978,0.101239927676262,0.0985418210422926,0.0967499161367133,0.0966485158433126
"ORD-024881",2026-03-05,1,0.0969127712246978,0.103826883844587,0.099302742933789,0.0967499161367133,0.0966485158433126
"ORD-024684",2026-03-05,0,0.0969127712246978,0.0846502560840419,0.0946724688222895,0.0967499161367133,0.0966485158433126
"ORD-024698",2026-03-05,0,0.0969127712246978,0.0675787373216962,0.0891823914612344,0.0967499161367133,0.0966485158433126
"ORD-024699",2026-03-05,0,0.0969127712246978,0.152653920503139,0.110873317453521,0.0967499161367133,0.0966485158433126
"ORD-024728",2026-03-05,1,0.0969127712246978,0.0779040358357644,0.0916366357296333,0.0967499161367133,0.0966485158433126
"ORD-024736",2026-03-05,0,0.0969127712246978,0.097023198508543,0.096467176758956,0.0967499161367133,0.0966485158433126
"ORD-024758",2026-03-05,1,0.0969127712246978,0.0621370007316116,0.0879214185325935,0.0967499161367133,0.0966485158433126
"ORD-024780",2026-03-05,0,0.0969127712246978,0.0783615122959629,0.0919887309338444,0.0967499161367133,0.0966485158433126
"ORD-024784",2026-03-05,0,0.0969127712246978,0.0502842227302137,0.0850544803040972,0.0967499161367133,0.0966485158433126
"ORD-024820",2026-03-05,0,0.0969127712246978,0.138170851225215,0.10748748737216,0.0989612395558877,0.101471725540576
"ORD-024833",2026-03-05,0,0.0969127712246978,0.109190473043066,0.0997729646048405,0.0967499161367133,0.0966485158433126
"ORD-024860",2026-03-05,0,0.0969127712246978,0.102131742633,0.097597943964315,0.0967499161367133,0.0966485158433126
"ORD-024864",2026-03-05,0,0.0969127712246978,0.0435892545561226,0.0835415884712539,0.0967499161367133,0.0966485158433126
"ORD-024866",2026-03-05,0,0.0969127712246978,0.110564145233803,0.100064787209488,0.0967499161367133,0.0966485158433126
"ORD-024873",2026-03-05,0,0.0969127712246978,0.0435892545561226,0.0835415884712539,0.0967499161367133,0.0966485158433126
"ORD-024706",2026-03-05,0,0.0969127712246978,0.113196584373254,0.100601463785137,0.0967499161367133,0.0966485158433126
"ORD-024713",2026-03-05,0,0.0969127712246978,0.0997063151550303,0.0971519448929361,0.0967499161367133,0.0966485158433126
"ORD-024719",2026-03-05,0,0.0969127712246978,0.0779040358357644,0.0916366357296333,0.0967499161367133,0.0966485158433126
"ORD-024793",2026-03-05,0,0.0969127712246978,0.0786562406792574,0.0919127539898424,0.0967499161367133,0.0966485158433126
"ORD-024803",2026-03-05,0,0.0969127712246978,0.0997063151550303,0.0971519448929361,0.0967499161367133,0.0966485158433126
"ORD-024808",2026-03-05,0,0.0969127712246978,0.129246282772571,0.10442624376021,0.0967499161367133,0.0966485158433126
"ORD-024813",2026-03-05,0,0.0969127712246978,0.131923097447319,0.105430109349332,0.100541500134285,0.102408918308548
"ORD-024867",2026-03-05,0,0.0969127712246978,0.0755345784020652,0.0910580373018337,0.0967499161367133,0.0966485158433126
"ORD-024697",2026-03-05,0,0.0969127712246978,0.0969794812615664,0.0964223924036387,0.0967499161367133,0.0966485158433126
"ORD-024759",2026-03-05,0,0.0969127712246978,0.0941113888273006,0.0956549509822494,0.0967499161367133,0.0966485158433126
"ORD-024779",2026-03-05,0,0.0969127712246978,0.0827568760755188,0.0928299948753487,0.0967499161367133,0.0966485158433126
"ORD-024841",2026-03-05,0,0.0969127712246978,0.109190473043066,0.0997729646048405,0.0967499161367133,0.0966485158433126
"ORD-024851",2026-03-05,0,0.0969127712246978,0.140006294135439,0.108153848812289,0.0995408243258331,0.102132575198061
"ORD-024852",2026-03-05,0,0.0969127712246978,0.0852581503798114,0.093379309845045,0.0967499161367133,0.0966485158433126
"ORD-024691",2026-03-05,0,0.0969127712246978,0.0852581503798114,0.093379309845045,0.0967499161367133,0.0966485158433126
"ORD-024695",2026-03-05,0,0.0969127712246978,0.0931388962261874,0.0955897522746862,0.0967499161367133,0.0966485158433126
"ORD-024702",2026-03-05,0,0.0969127712246978,0.0890027018378621,0.0944009220196044,0.0967499161367133,0.0966485158433126
"ORD-024739",2026-03-05,0,0.0969127712246978,0.0667562532463346,0.0889910720296551,0.0967499161367133,0.0966485158433126
"ORD-024746",2026-03-05,0,0.0969127712246978,0.131923097447319,0.105430109349332,0.100541500134285,0.102408918308548
"ORD-024751",2026-03-05,0,0.0969127712246978,0.140006294135439,0.108153848812289,0.0995408243258331,0.102132575198061
"ORD-024756",2026-03-05,0,0.0969127712246978,0.109190473043066,0.0997729646048405,0.0967499161367133,0.0966485158433126
"ORD-024765",2026-03-05,0,0.0969127712246978,0.140006294135439,0.108153848812289,0.0995408243258331,0.102132575198061
"ORD-024790",2026-03-05,0,0.0969127712246978,0.0532962539700746,0.0858485574542632,0.0967499161367133,0.0966485158433126
"ORD-024817",2026-03-05,0,0.0969127712246978,0.0969794812615664,0.0964223924036387,0.0967499161367133,0.0966485158433126
"ORD-024825",2026-03-05,0,0.0969127712246978,0.0755345784020652,0.0910580373018337,0.0967499161367133,0.0966485158433126
"ORD-024828",2026-03-05,0,0.0969127712246978,0.0755345784020652,0.0910580373018337,0.0967499161367133,0.0966485158433126
"ORD-024829",2026-03-05,1,0.0969127712246978,0.102131742633,0.097597943964315,0.0967499161367133,0.0966485158433126
"ORD-024832",2026-03-05,0,0.0969127712246978,0.100533966431511,0.097345202346459,0.0967499161367133,0.0966485158433126
"ORD-024839",2026-03-05,0,0.0969127712246978,0.0779040358357644,0.0916366357296333,0.0967499161367133,0.0966485158433126
"ORD-024857",2026-03-05,0,0.0969127712246978,0.102131742633,0.097597943964315,0.0967499161367133,0.0966485158433126
"ORD-024862",2026-03-05,0,0.0969127712246978,0.0852581503798114,0.093379309845045,0.0967499161367133,0.0966485158433126
"ORD-024865",2026-03-05,0,0.0969127712246978,0.0827568760755188,0.0928299948753487,0.0967499161367133,0.0966485158433126
"ORD-024875",2026-03-05,0,0.0969127712246978,0.060800720847368,0.0877021755269459,0.0967499161367133,0.0966485158433126
"ORD-024876",2026-03-05,0,0.0969127712246978,0.0997063151550303,0.0971519448929361,0.0967499161367133,0.0966485158433126
"ORD-024687",2026-03-05,0,0.0969127712246978,0.060800720847368,0.0877021755269459,0.0967499161367133,0.0966485158433126
"ORD-024742",2026-03-05,0,0.0969127712246978,0.0675787373216962,0.0891823914612344,0.0967499161367133,0.0966485158433126
"ORD-024750",2026-03-05,0,0.0969127712246978,0.102288498356608,0.0978202161207463,0.0967499161367133,0.0966485158433126
"ORD-024753",2026-03-05,0,0.0969127712246978,0.0886664438069826,0.0944319921842677,0.0967499161367133,0.0966485158433126
"ORD-024763",2026-03-05,0,0.0969127712246978,0.110564145233803,0.100064787209488,0.0967499161367133,0.0966485158433126
"ORD-024766",2026-03-05,0,0.0969127712246978,0.138170851225215,0.10748748737216,0.0989612395558877,0.101471725540576
"ORD-024768",2026-03-05,0,0.0969127712246978,0.11616903766877,0.101512275968953,0.0967499161367133,0.0966485158433126
"ORD-024775",2026-03-05,0,0.0969127712246978,0.0665353813670498,0.0892485376099183,0.0967499161367133,0.0966485158433126
"ORD-024794",2026-03-05,0,0.0969127712246978,0.0783615122959629,0.0919887309338444,0.0967499161367133,0.0966485158433126
"ORD-024801",2026-03-05,0,0.0969127712246978,0.0933834245790292,0.0957342125363046,0.0967499161367133,0.0966485158433126
"ORD-024805",2026-03-05,0,0.0969127712246978,0.0796706314547179,0.0920948293495806,0.0967499161367133,0.0966485158433126
"ORD-024816",2026-03-05,1,0.0969127712246978,0.109190473043066,0.0997729646048405,0.0967499161367133,0.0966485158433126
"ORD-024842",2026-03-05,0,0.0969127712246978,0.0476907341175853,0.084493585864438,0.0967499161367133,0.0966485158433126
"ORD-024845",2026-03-05,0,0.0969127712246978,0.0933834245790292,0.0957342125363046,0.0967499161367133,0.0966485158433126
"ORD-024872",2026-03-05,1,0.0969127712246978,0.0996828323833514,0.0970769285743419,0.0967499161367133,0.0966485158433126
"ORD-024685",2026-03-05,0,0.0969127712246978,0.08027135482286,0.094094480159774,0.0967499161367133,0.0966485158433126
"ORD-024694",2026-03-05,0,0.0969127712246978,0.0745621485841991,0.0913499137202069,0.0967499161367133,0.0966485158433126
"ORD-024721",2026-03-05,0,0.0969127712246978,0.0715903448680315,0.0904999093887907,0.0967499161367133,0.0966485158433126
"ORD-024733",2026-03-05,0,0.0969127712246978,0.0970939652076087,0.0972250738227571,0.0967499161367133,0.0966485158433126
"ORD-024737",2026-03-05,1,0.0969127712246978,0.0859950854784917,0.0944974109609717,0.0967499161367133,0.0966485158433126
"ORD-024744",2026-03-05,0,0.0969127712246978,0.0715903448680315,0.0904999093887907,0.0967499161367133,0.0966485158433126
"ORD-024761",2026-03-05,0,0.0969127712246978,0.0784675220000171,0.0922621084308601,0.0967499161367133,0.0966485158433126
"ORD-024826",2026-03-05,0,0.0969127712246978,0.0910797975290881,0.0953783835849594,0.0967499161367133,0.0966485158433126
"ORD-024830",2026-03-05,0,0.0969127712246978,0.0475906260635287,0.0845297282437832,0.0967499161367133,0.0966485158433126
"ORD-024834",2026-03-05,0,0.0969127712246978,0.113852434816865,0.101934813065213,0.0967499161367133,0.0966485158433126
"ORD-024840",2026-03-05,0,0.0969127712246978,0.0910797975290881,0.0953783835849594,0.0967499161367133,0.0966485158433126
"ORD-024877",2026-03-05,0,0.0969127712246978,0.0970939652076087,0.0972250738227571,0.0967499161367133,0.0966485158433126
"ORD-024690",2026-03-05,0,0.0969127712246978,0.0775424033417592,0.0921198281768602,0.0967499161367133,0.0966485158433126
"ORD-024703",2026-03-05,0,0.0969127712246978,0.0844194161555769,0.093824419377493,0.0967499161367133,0.0966485158433126
"ORD-024731",2026-03-05,0,0.0969127712246978,0.0892908113846191,0.0950715940196489,0.0967499161367133,0.0966485158433126
"ORD-024738",2026-03-05,0,0.0969127712246978,0.0992800795971699,0.0978018302145252,0.0967499161367133,0.0966485158433126
"ORD-024818",2026-03-05,1,0.0969127712246978,0.0924318386678833,0.0960869141748073,0.0967499161367133,0.0966485158433126
"ORD-024822",2026-03-05,0,0.0969127712246978,0.0509100162275024,0.0852840022820068,0.0967499161367133,0.0956981529605399
"ORD-024844",2026-03-05,1,0.0969127712246978,0.0883632729148165,0.0950067511578866,0.0967499161367133,0.0966485158433126
"ORD-024868",2026-03-05,0,0.0969127712246978,0.0970939652076087,0.0972250738227571,0.0967499161367133,0.0966485158433126
"ORD-024732",2026-03-05,0,0.0969127712246978,0.0576711679713568,0.0870713281534102,0.0967499161367133,0.0966485158433126
"ORD-024777",2026-03-05,0,0.0969127712246978,0.0575779358227851,0.0871626444291077,0.0967499161367133,0.0966485158433126
"ORD-024781",2026-03-05,0,0.0969127712246978,0.0715903448680315,0.0904999093887907,0.0967499161367133,0.0966485158433126
"ORD-024831",2026-03-05,0,0.0969127712246978,0.0885964881788763,0.0951504230515672,0.0967499161367133,0.0966485158433126
"ORD-024843",2026-03-05,0,0.0969127712246978,0.0808505806968359,0.0928084067624416,0.0967499161367133,0.0966485158433126
"ORD-024848",2026-03-05,0,0.0969127712246978,0.133180496667374,0.107503327850177,0.0995408243258331,0.102132575198061
"ORD-024869",2026-03-05,0,0.0969127712246978,0.106327982763745,0.099932463561925,0.0967499161367133,0.0966485158433126
"ORD-024870",2026-03-05,0,0.0969127712246978,0.0969443103711029,0.0970040085762862,0.0967499161367133,0.0966485158433126
"ORD-024883",2026-03-05,0,0.0969127712246978,0.0885964881788763,0.0951504230515672,0.0967499161367133,0.0966485158433126
"ORD-024885",2026-03-05,0,0.0969127712246978,0.0920686307484788,0.095879391556755,0.0967499161367133,0.0966485158433126
"ORD-024688",2026-03-05,0,0.0969127712246978,0.125433905216643,0.104794046061033,0.100541500134285,0.102408918308548
"ORD-024689",2026-03-05,0,0.0969127712246978,0.0640211688900493,0.0886346389931621,0.0967499161367133,0.0966485158433126
"ORD-024700",2026-03-05,0,0.0969127712246978,0.122870123918233,0.103795534116563,0.0967499161367133,0.0966485158433126
"ORD-024704",2026-03-05,0,0.0969127712246978,0.0844194161555769,0.093824419377493,0.0967499161367133,0.0966485158433126
"ORD-024715",2026-03-05,0,0.0969127712246978,0.0575779358227851,0.0871626444291077,0.0967499161367133,0.0966485158433126
"ORD-024723",2026-03-05,0,0.0969127712246978,0.086585307992942,0.0944125602034689,0.0967499161367133,0.0966485158433126
"ORD-024743",2026-03-05,0,0.0969127712246978,0.0475906260635287,0.0845297282437832,0.0967499161367133,0.0966485158433126
"ORD-024752",2026-03-05,0,0.0969127712246978,0.0643818820990941,0.0887673280474903,0.0967499161367133,0.0966485158433126
"ORD-024776",2026-03-05,0,0.0969127712246978,0.113101637553946,0.101313632719934,0.0967499161367133,0.0966485158433126
"ORD-024792",2026-03-05,0,0.0969127712246978,0.0883632729148165,0.0950067511578866,0.0967499161367133,0.0966485158433126
"ORD-024821",2026-03-05,0,0.0969127712246978,0.113101637553946,0.101313632719934,0.0967499161367133,0.0966485158433126
"ORD-024835",2026-03-05,0,0.0969127712246978,0.0715903448680315,0.0904999093887907,0.0967499161367133,0.0966485158433126
"ORD-024682",2026-03-05,0,0.0969127712246978,0.0614685194530749,0.0885318053341115,0.0967499161367133,0.0966485158433126
"ORD-024701",2026-03-05,0,0.0969127712246978,0.0931330802515495,0.0963133576880528,0.0967499161367133,0.0966485158433126
"ORD-024714",2026-03-05,1,0.0969127712246978,0.0903227028570809,0.0956466258096881,0.0967499161367133,0.0966485158433126
"ORD-024718",2026-03-05,0,0.0969127712246978,0.0775329144388894,0.0926244871444121,0.0967499161367133,0.0966485158433126
"ORD-024757",2026-03-05,0,0.0969127712246978,0.0963949626383219,0.0973405128022612,0.0967499161367133,0.0966485158433126
"ORD-024800",2026-03-05,0,0.0969127712246978,0.138623904422153,0.108887928547161,0.0995408243258331,0.102132575198061
"ORD-024804",2026-03-05,0,0.0969127712246978,0.0603941084408979,0.0881956345675957,0.0967499161367133,0.0966485158433126
"ORD-024809",2026-03-05,0,0.0969127712246978,0.0885934904798655,0.0953608930219462,0.0967499161367133,0.0966485158433126
"ORD-024838",2026-03-05,0,0.0969127712246978,0.0949910186356854,0.0966237264835502,0.0967499161367133,0.0966485158433126
"ORD-024847",2026-03-05,0,0.0969127712246978,0.0775329144388894,0.0926244871444121,0.0967499161367133,0.0966485158433126
"ORD-024727",2026-03-05,0,0.0969127712246978,0.0698155317584905,0.0903724416735872,0.0967499161367133,0.0966485158433126
"ORD-024741",2026-03-05,0,0.0969127712246978,0.0672314236725897,0.0899349329300899,0.0967499161367133,0.0966485158433126
"ORD-024755",2026-03-05,0,0.0969127712246978,0.151168602258089,0.111623545008339,0.0967499161367133,0.0966485158433126
"ORD-024769",2026-03-05,0,0.0969127712246978,0.0531971954304182,0.0864101339132708,0.0967499161367133,0.0956981529605399
"ORD-024791",2026-03-05,0,0.0969127712246978,0.136803701371181,0.108217593074423,0.0989612395558877,0.101471725540576
"ORD-024693",2026-03-05,0,0.0969127712246978,0.0986529146260465,0.0977440650767828,0.0967499161367133,0.0966485158433126
"ORD-024796",2026-03-05,0,0.0969127712246978,0.0602428177442972,0.0882187843626469,0.0967499161367133,0.0966485158433126
"ORD-024859",2026-03-05,0,0.0969127712246978,0.0808371246786815,0.0933523819112266,0.0967499161367133,0.0966485158433126
"ORD-024895",2026-03-06,0,0.0969127712246978,0.0528388702652893,0.085947648728865,0.0967499161367133,0.0966485158433126
"ORD-024908",2026-03-06,0,0.0969127712246978,0.144781589193654,0.10720228228388,0.100541500134285,0.102408918308548
"ORD-024916",2026-03-06,0,0.0969127712246978,0.144781589193654,0.10720228228388,0.100541500134285,0.102408918308548
"ORD-024930",2026-03-06,0,0.0969127712246978,0.0865197083875662,0.0935585974725768,0.0967499161367133,0.0966485158433126
"ORD-024936",2026-03-06,0,0.0969127712246978,0.153513323262696,0.109966177066581,0.0995408243258331,0.102132575198061
"ORD-024939",2026-03-06,0,0.0969127712246978,0.0865197083875662,0.0935585974725768,0.0967499161367133,0.0966485158433126
"ORD-024945",2026-03-06,0,0.0969127712246978,0.0977836573947545,0.0960391449031679,0.0967499161367133,0.0966485158433126
"ORD-024946",2026-03-06,0,0.0969127712246978,0.0933968237777607,0.0962832790986798,0.0967499161367133,0.0966485158433126
"ORD-024976",2026-03-06,0,0.0969127712246978,0.0879521132194504,0.0936663197692105,0.0967499161367133,0.0966485158433126
"ORD-025004",2026-03-06,0,0.0969127712246978,0.115686200447386,0.100159110017633,0.0967499161367133,0.0966485158433126
"ORD-025014",2026-03-06,0,0.0969127712246978,0.0987251032009184,0.0963196703637776,0.0967499161367133,0.0966485158433126
"ORD-025044",2026-03-06,0,0.0969127712246978,0.0779834290828429,0.091286125208738,0.0967499161367133,0.0966485158433126
"ORD-025070",2026-03-06,0,0.0969127712246978,0.115776174476284,0.100324758986178,0.0967499161367133,0.0966485158433126
"ORD-025096",2026-03-06,0,0.0969127712246978,0.115686200447386,0.100159110017633,0.0967499161367133,0.0966485158433126
"ORD-025098",2026-03-06,1,0.0969127712246978,0.0779834290828429,0.091286125208738,0.0967499161367133,0.0966485158433126
"ORD-025119",2026-03-06,0,0.0969127712246978,0.0834251037088066,0.0926136407692694,0.0967499161367133,0.0966485158433126
"ORD-025120",2026-03-06,0,0.0969127712246978,0.153513323262696,0.109966177066581,0.0995408243258331,0.102132575198061
"ORD-025128",2026-03-06,0,0.0969127712246978,0.074705335622291,0.0907091498190606,0.0967499161367133,0.0966485158433126
"ORD-025142",2026-03-06,0,0.0969127712246978,0.0981182406820638,0.0960966147646613,0.0967499161367133,0.0966485158433126
"ORD-025145",2026-03-06,0,0.0969127712246978,0.151532007572384,0.109290017787483,0.0989612395558877,0.101471725540576
"ORD-025152",2026-03-06,0,0.0969127712246978,0.109796342033852,0.0987241884275774,0.0967499161367133,0.0966485158433126
"ORD-024887",2026-03-06,0,0.0969127712246978,0.109796342033852,0.0987241884275774,0.0967499161367133,0.0966485158433126
"ORD-024914",2026-03-06,0,0.0969127712246978,0.0700273175626762,0.0896243968864677,0.0967499161367133,0.0966485158433126
"ORD-024918",2026-03-06,0,0.0969127712246978,0.120139878324782,0.101460831756225,0.0967499161367133,0.0966485158433126
"ORD-024940",2026-03-06,0,0.0969127712246978,0.115686200447386,0.100159110017633,0.0967499161367133,0.0966485158433126
"ORD-024942",2026-03-06,0,0.0969127712246978,0.106898909151172,0.0981052141678584,0.0967499161367133,0.0966485158433126
"ORD-024953",2026-03-06,1,0.0969127712246978,0.0738029808143345,0.0905148805844895,0.0967499161367133,0.0966485158433126
"ORD-024955",2026-03-06,0,0.0969127712246978,0.0687320356490523,0.0894287092029163,0.0967499161367133,0.0966485158433126
"ORD-024966",2026-03-06,0,0.0969127712246978,0.12771790779497,0.103226193223515,0.0967499161367133,0.0966485158433126
"ORD-024983",2026-03-06,0,0.0969127712246978,0.105769351423261,0.0975938308560227,0.0967499161367133,0.0966485158433126
"ORD-024999",2026-03-06,0,0.0969127712246978,0.0483171063509999,0.0849807890075343,0.0967499161367133,0.0966485158433126
"ORD-025006",2026-03-06,0,0.0969127712246978,0.1073137070167,0.0983170305041411,0.0967499161367133,0.0966485158433126
"ORD-025037",2026-03-06,0,0.0969127712246978,0.0483171063509999,0.0849807890075343,0.0967499161367133,0.0966485158433126
"ORD-025054",2026-03-06,0,0.0969127712246978,0.0999547498445913,0.0966945823202907,0.0967499161367133,0.0966485158433126
"ORD-025065",2026-03-06,0,0.0969127712246978,0.110723209537482,0.098996515324037,0.0967499161367133,0.0966485158433126
"ORD-025085",2026-03-06,0,0.0969127712246978,0.0672640990678223,0.0892060751927649,0.0967499161367133,0.0966485158433126
"ORD-025086",2026-03-06,0,0.0969127712246978,0.0688842012348755,0.08953389083748,0.0967499161367133,0.0966485158433126
"ORD-025103",2026-03-06,0,0.0969127712246978,0.0738029808143345,0.0905148805844895,0.0967499161367133,0.0966485158433126
"ORD-025117",2026-03-06,0,0.0969127712246978,0.0879521132194504,0.0936663197692105,0.0967499161367133,0.0966485158433126
"ORD-025133",2026-03-06,0,0.0969127712246978,0.0879521132194504,0.0936663197692105,0.0967499161367133,0.0966485158433126
"ORD-025136",2026-03-06,1,0.0969127712246978,0.12449157311249,0.102301753969596,0.0967499161367133,0.0966485158433126
"ORD-025148",2026-03-06,0,0.0969127712246978,0.074705335622291,0.0907091498190606,0.0967499161367133,0.0966485158433126
"ORD-025153",2026-03-06,0,0.0969127712246978,0.123143609015653,0.10224173726071,0.0967499161367133,0.0966485158433126
"ORD-024900",2026-03-06,0,0.0969127712246978,0.0977836573947545,0.0960391449031679,0.0967499161367133,0.0966485158433126
"ORD-024904",2026-03-06,0,0.0969127712246978,0.106851268613089,0.0980597518937603,0.0967499161367133,0.0966485158433126
"ORD-024907",2026-03-06,0,0.0969127712246978,0.153513323262696,0.109966177066581,0.0995408243258331,0.102132575198061
"ORD-024911",2026-03-06,0,0.0969127712246978,0.106851268613089,0.0980597518937603,0.0967499161367133,0.0966485158433126
"ORD-024917",2026-03-06,0,0.0969127712246978,0.0989834641105383,0.0961649986228675,0.0967499161367133,0.0966485158433126
"ORD-024925",2026-03-06,0,0.0969127712246978,0.0673718941508148,0.0891128270985958,0.0967499161367133,0.0966485158433126
"ORD-024952",2026-03-06,0,0.0969127712246978,0.100630235088974,0.0966079691728946,0.0967499161367133,0.0966485158433126
"ORD-024984",2026-03-06,0,0.0969127712246978,0.130831680236378,0.103651147464696,0.0967499161367133,0.0966485158433126
"ORD-024992",2026-03-06,0,0.0969127712246978,0.0981507676385936,0.0960076020122332,0.0967499161367133,0.0966485158433126
"ORD-024995",2026-03-06,0,0.0969127712246978,0.0860190494042223,0.0932011102245631,0.0967499161367133,0.0966485158433126
"ORD-025013",2026-03-06,0,0.0969127712246978,0.059545329603966,0.087287601841233,0.0967499161367133,0.0956981529605399
"ORD-025022",2026-03-06,0,0.0969127712246978,0.123143609015653,0.10224173726071,0.0967499161367133,0.0966485158433126
"ORD-025042",2026-03-06,0,0.0969127712246978,0.109796342033852,0.0987241884275774,0.0967499161367133,0.0966485158433126
"ORD-025046",2026-03-06,0,0.0969127712246978,0.131682698954572,0.10428499662538,0.0967499161367133,0.0966485158433126
"ORD-025048",2026-03-06,0,0.0969127712246978,0.141886511683676,0.106183545638139,0.0967499161367133,0.0966485158433126
"ORD-025061",2026-03-06,0,0.0969127712246978,0.123143609015653,0.10224173726071,0.0967499161367133,0.0966485158433126
"ORD-025069",2026-03-06,0,0.0969127712246978,0.0933968237777607,0.0962832790986798,0.0967499161367133,0.0966485158433126
"ORD-025076",2026-03-06,1,0.0969127712246978,0.130831680236378,0.103651147464696,0.0967499161367133,0.0966485158433126
"ORD-025111",2026-03-06,0,0.0969127712246978,0.115124676702304,0.100067342380048,0.0967499161367133,0.0966485158433126
"ORD-025114",2026-03-06,1,0.0969127712246978,0.112462674979672,0.0992530728918262,0.0967499161367133,0.0966485158433126
"ORD-025115",2026-03-06,0,0.0969127712246978,0.0913273276388989,0.0944127255110097,0.0967499161367133,0.0966485158433126
"ORD-025140",2026-03-06,0,0.0969127712246978,0.0901694711902481,0.0942930701578111,0.0967499161367133,0.0966485158433126
"ORD-024893",2026-03-06,0,0.0969127712246978,0.0947271981403501,0.0952760387861306,0.0967499161367133,0.0966485158433126
"ORD-024919",2026-03-06,0,0.0969127712246978,0.0951620962365341,0.0954337715932901,0.0967499161367133,0.0966485158433126
"ORD-024931",2026-03-06,0,0.0969127712246978,0.0987251032009184,0.0963196703637776,0.0967499161367133,0.0966485158433126
"ORD-024949",2026-03-06,0,0.0969127712246978,0.115686200447386,0.100159110017633,0.0967499161367133,0.0966485158433126
"ORD-024962",2026-03-06,0,0.0969127712246978,0.121724770987714,0.101800317910153,0.0967499161367133,0.0966485158433126
"ORD-024985",2026-03-06,0,0.0969127712246978,0.120139878324782,0.101460831756225,0.0967499161367133,0.0966485158433126
"ORD-025000",2026-03-06,0,0.0969127712246978,0.123143609015653,0.10224173726071,0.0967499161367133,0.0966485158433126
"ORD-025002",2026-03-06,0,0.0969127712246978,0.0738029808143345,0.0905148805844895,0.0967499161367133,0.0966485158433126
"ORD-025008",2026-03-06,0,0.0969127712246978,0.0987251032009184,0.0963196703637776,0.0967499161367133,0.0966485158433126
"ORD-025012",2026-03-06,1,0.0969127712246978,0.131145027093675,0.104481624888513,0.0967499161367133,0.0966485158433126
"ORD-025018",2026-03-06,0,0.0969127712246978,0.115124676702304,0.100067342380048,0.0967499161367133,0.0966485158433126
"ORD-025020",2026-03-06,0,0.0969127712246978,0.123143609015653,0.10224173726071,0.0967499161367133,0.0966485158433126
"ORD-025021",2026-03-06,0,0.0969127712246978,0.130831680236378,0.103651147464696,0.0967499161367133,0.0966485158433126
"ORD-025025",2026-03-06,0,0.0969127712246978,0.109821916675151,0.0988003383816367,0.0967499161367133,0.0966485158433126
"ORD-025028",2026-03-06,0,0.0969127712246978,0.0751214149784664,0.09084463491971,0.0967499161367133,0.0966485158433126
"ORD-025097",2026-03-06,1,0.0969127712246978,0.112462674979672,0.0992530728918262,0.0967499161367133,0.0966485158433126
"ORD-025108",2026-03-06,0,0.0969127712246978,0.059545329603966,0.087287601841233,0.0967499161367133,0.0956981529605399
"ORD-025112",2026-03-06,0,0.0969127712246978,0.109796342033852,0.0987241884275774,0.0967499161367133,0.0966485158433126
"ORD-025116",2026-03-06,0,0.0969127712246978,0.059545329603966,0.087287601841233,0.0967499161367133,0.0956981529605399
"ORD-025124",2026-03-06,0,0.0969127712246978,0.141886511683676,0.106183545638139,0.0967499161367133,0.0966485158433126
"ORD-025143",2026-03-06,0,0.0969127712246978,0.0901694711902481,0.0942930701578111,0.0967499161367133,0.0966485158433126
"ORD-025150",2026-03-06,0,0.0969127712246978,0.110723209537482,0.098996515324037,0.0967499161367133,0.0966485158433126
"ORD-024891",2026-03-06,0,0.0969127712246978,0.0999547498445913,0.0966945823202907,0.0967499161367133,0.0966485158433126
"ORD-024912",2026-03-06,0,0.0969127712246978,0.103724760435511,0.097280681511247,0.0967499161367133,0.0966485158433126
"ORD-024913",2026-03-06,0,0.0969127712246978,0.0901694711902481,0.0942930701578111,0.0967499161367133,0.0966485158433126
"ORD-024932",2026-03-06,0,0.0969127712246978,0.109796342033852,0.0987241884275774,0.0967499161367133,0.0966485158433126
"ORD-024934",2026-03-06,0,0.0969127712246978,0.0913273276388989,0.0944127255110097,0.0967499161367133,0.0966485158433126
"ORD-024963",2026-03-06,0,0.0969127712246978,0.0951620962365341,0.0954337715932901,0.0967499161367133,0.0966485158433126
"ORD-024969",2026-03-06,0,0.0969127712246978,0.124702749809711,0.102522008788969,0.0967499161367133,0.0966485158433126
"ORD-025007",2026-03-06,0,0.0969127712246978,0.0989834641105383,0.0961649986228675,0.0967499161367133,0.0966485158433126
"ORD-025024",2026-03-06,0,0.0969127712246978,0.123143609015653,0.10224173726071,0.0967499161367133,0.0966485158433126
"ORD-025036",2026-03-06,0,0.0969127712246978,0.0977836573947545,0.0960391449031679,0.0967499161367133,0.0966485158433126
"ORD-025091",2026-03-06,0,0.0969127712246978,0.1073137070167,0.0983170305041411,0.0967499161367133,0.0966485158433126
"ORD-025107",2026-03-06,0,0.0969127712246978,0.112633297916429,0.0994786989492568,0.0967499161367133,0.0966485158433126
"ORD-025132",2026-03-06,0,0.0969127712246978,0.0933968237777607,0.0962832790986798,0.0967499161367133,0.0966485158433126
"ORD-024915",2026-03-06,0,0.0969127712246978,0.13256058086587,0.103513798130209,0.0967499161367133,0.0966485158433126
"ORD-024954",2026-03-06,0,0.0969127712246978,0.0743408433321695,0.0905574346145756,0.0967499161367133,0.0966485158433126
"ORD-024971",2026-03-06,1,0.0969127712246978,0.133995873568041,0.103574475400896,0.0967499161367133,0.0966485158433126
"ORD-024974",2026-03-06,1,0.0969127712246978,0.11833036867347,0.0999573577766337,0.0967499161367133,0.0966485158433126
"ORD-024986",2026-03-06,1,0.0969127712246978,0.134220700894597,0.10379715354559,0.0967499161367133,0.0966485158433126
"ORD-024998",2026-03-06,0,0.0969127712246978,0.115679843822021,0.0995456757496879,0.0967499161367133,0.0966485158433126
"ORD-025055",2026-03-06,0,0.0969127712246978,0.134220700894597,0.10379715354559,0.0967499161367133,0.0966485158433126
"ORD-025079",2026-03-06,0,0.0969127712246978,0.111846160022615,0.098497790481796,0.0967499161367133,0.0966485158433126
"ORD-025080",2026-03-06,0,0.0969127712246978,0.0745044328101197,0.0906638116185846,0.0967499161367133,0.0966485158433126
"ORD-025081",2026-03-06,0,0.0969127712246978,0.115186005729176,0.0992855360125645,0.0967499161367133,0.0966485158433126
"ORD-025123",2026-03-06,0,0.0969127712246978,0.110997823595385,0.0985791508896539,0.0967499161367133,0.0966485158433126
"ORD-025129",2026-03-06,0,0.0969127712246978,0.13256058086587,0.103513798130209,0.0967499161367133,0.0966485158433126
"ORD-024899",2026-03-06,0,0.0969127712246978,0.0599392739121587,0.0876357074362808,0.0967499161367133,0.0966485158433126
"ORD-024909",2026-03-06,0,0.0969127712246978,0.0797901430234072,0.091655935192172,0.0967499161367133,0.0966485158433126
"ORD-024923",2026-03-06,0,0.0969127712246978,0.0949694089360845,0.0948429593516038,0.0967499161367133,0.0966485158433126
"ORD-024935",2026-03-06,0,0.0969127712246978,0.106777858366786,0.097369654553611,0.0967499161367133,0.0966485158433126
"ORD-024977",2026-03-06,0,0.0969127712246978,0.115186005729176,0.0992855360125645,0.0967499161367133,0.0966485158433126
"ORD-024978",2026-03-06,0,0.0969127712246978,0.0934344269805488,0.0947340252873711,0.0967499161367133,0.0966485158433126
"ORD-024979",2026-03-06,0,0.0969127712246978,0.0644563529459832,0.0883919265462312,0.0967499161367133,0.0956981529605399
"ORD-025032",2026-03-06,0,0.0969127712246978,0.0603098516203458,0.0876127979845883,0.0967499161367133,0.0966485158433126
"ORD-025049",2026-03-06,1,0.0969127712246978,0.0728783948687822,0.090237960705122,0.0967499161367133,0.0966485158433126
"ORD-025057",2026-03-06,0,0.0969127712246978,0.0757332295826862,0.0907553460034726,0.0967499161367133,0.0966485158433126
"ORD-025059",2026-03-06,0,0.0969127712246978,0.129361037674952,0.10272428854584,0.0967499161367133,0.0966485158433126
"ORD-025060",2026-03-06,0,0.0969127712246978,0.11833036867347,0.0999573577766337,0.0967499161367133,0.0966485158433126
"ORD-025062",2026-03-06,0,0.0969127712246978,0.0523536296293344,0.0860586807245689,0.0967499161367133,0.0966485158433126
"ORD-025083",2026-03-06,0,0.0969127712246978,0.110712803714703,0.0984308649882746,0.0967499161367133,0.0966485158433126
"ORD-025138",2026-03-06,0,0.0969127712246978,0.0523536296293344,0.0860586807245689,0.0967499161367133,0.0966485158433126
"ORD-025141",2026-03-06,0,0.0969127712246978,0.0807593172496721,0.0918524061013664,0.0967499161367133,0.0966485158433126
"ORD-025151",2026-03-06,0,0.0969127712246978,0.108538682498871,0.0978175736326877,0.0967499161367133,0.0966485158433126
"ORD-025155",2026-03-06,0,0.0969127712246978,0.0523536296293344,0.0860586807245689,0.0967499161367133,0.0966485158433126
"ORD-024894",2026-03-06,0,0.0969127712246978,0.13256058086587,0.103513798130209,0.0967499161367133,0.0966485158433126
"ORD-024901",2026-03-06,0,0.0969127712246978,0.110997823595385,0.0985791508896539,0.0967499161367133,0.0966485158433126
"ORD-024967",2026-03-06,0,0.0969127712246978,0.0949694089360845,0.0948429593516038,0.0967499161367133,0.0966485158433126
"ORD-024968",2026-03-06,0,0.0969127712246978,0.110997823595385,0.0985791508896539,0.0967499161367133,0.0966485158433126
"ORD-024989",2026-03-06,0,0.0969127712246978,0.0599392739121587,0.0876357074362808,0.0967499161367133,0.0966485158433126
"ORD-025005",2026-03-06,0,0.0969127712246978,0.115186005729176,0.0992855360125645,0.0967499161367133,0.0966485158433126
"ORD-025030",2026-03-06,0,0.0969127712246978,0.121357769140244,0.100720239700721,0.0967499161367133,0.0966485158433126
"ORD-025045",2026-03-06,0,0.0969127712246978,0.0807593172496721,0.0918524061013664,0.0967499161367133,0.0966485158433126
"ORD-025052",2026-03-06,1,0.0969127712246978,0.13256058086587,0.103513798130209,0.0967499161367133,0.0966485158433126
"ORD-025056",2026-03-06,0,0.0969127712246978,0.105887297501063,0.0972104983037925,0.0967499161367133,0.0966485158433126
"ORD-025088",2026-03-06,0,0.0969127712246978,0.1065015577292,0.0975260547941484,0.0967499161367133,0.0966485158433126
"ORD-025095",2026-03-06,0,0.0969127712246978,0.115236882915347,0.0993315039954218,0.0967499161367133,0.0966485158433126
"ORD-025118",2026-03-06,0,0.0969127712246978,0.0976054490453113,0.095538732263403,0.0967499161367133,0.0966485158433126
"ORD-025139",2026-03-06,0,0.0969127712246978,0.0973447974501104,0.0954767536002935,0.0967499161367133,0.0966485158433126
"ORD-025157",2026-03-06,0,0.0969127712246978,0.121357769140244,0.100720239700721,0.0967499161367133,0.0966485158433126
"ORD-025158",2026-03-06,0,0.0969127712246978,0.129361037674952,0.10272428854584,0.0967499161367133,0.0966485158433126
"ORD-024886",2026-03-06,0,0.0969127712246978,0.117886377304353,0.0998119774723172,0.0967499161367133,0.0966485158433126
"ORD-024896",2026-03-06,1,0.0969127712246978,0.0603098516203458,0.0876127979845883,0.0967499161367133,0.0966485158433126
"ORD-024920",2026-03-06,0,0.0969127712246978,0.11833036867347,0.0999573577766337,0.0967499161367133,0.0966485158433126
"ORD-024928",2026-03-06,0,0.0969127712246978,0.121357769140244,0.100720239700721,0.0967499161367133,0.0966485158433126
"ORD-024941",2026-03-06,0,0.0969127712246978,0.119319621647829,0.100232708019123,0.0967499161367133,0.0966485158433126
"ORD-024958",2026-03-06,0,0.0969127712246978,0.102224460369401,0.0964707473417716,0.0967499161367133,0.0966485158433126
"ORD-024961",2026-03-06,0,0.0969127712246978,0.0928978241525771,0.094372514336018,0.0967499161367133,0.0966485158433126
"ORD-024964",2026-03-06,0,0.0969127712246978,0.0812061557024603,0.0919894260433025,0.0967499161367133,0.0966485158433126
"ORD-024980",2026-03-06,0,0.0969127712246978,0.0517320653192815,0.0859181373630984,0.0967499161367133,0.0966485158433126
"ORD-025027",2026-03-06,0,0.0969127712246978,0.155559697239969,0.10852859981364,0.100541500134285,0.102408918308548
"ORD-025035",2026-03-06,0,0.0969127712246978,0.13256058086587,0.103513798130209,0.0967499161367133,0.0966485158433126
"ORD-025053",2026-03-06,0,0.0969127712246978,0.130951163164718,0.103023755489849,0.0967499161367133,0.0966485158433126
"ORD-025068",2026-03-06,1,0.0969127712246978,0.121357769140244,0.100720239700721,0.0967499161367133,0.0966485158433126
"ORD-025104",2026-03-06,0,0.0969127712246978,0.0727624767571591,0.0903322693877527,0.0967499161367133,0.0966485158433126
"ORD-025121",2026-03-06,1,0.0969127712246978,0.110997823595385,0.0985791508896539,0.0967499161367133,0.0966485158433126
"ORD-025131",2026-03-06,0,0.0969127712246978,0.0928978241525771,0.094372514336018,0.0967499161367133,0.0966485158433126
"ORD-025134",2026-03-06,0,0.0969127712246978,0.119319621647829,0.100232708019123,0.0967499161367133,0.0966485158433126
"ORD-024889",2026-03-06,0,0.0969127712246978,0.105852507603301,0.0973005062730406,0.0967499161367133,0.0966485158433126
"ORD-024906",2026-03-06,1,0.0969127712246978,0.134220700894597,0.10379715354559,0.0967499161367133,0.0966485158433126
"ORD-024926",2026-03-06,0,0.0969127712246978,0.09011689820598,0.0937784248280194,0.0967499161367133,0.0966485158433126
"ORD-024947",2026-03-06,0,0.0969127712246978,0.101847986902246,0.0965544802208755,0.0967499161367133,0.0966485158433126
"ORD-024965",2026-03-06,0,0.0969127712246978,0.0937800781146826,0.0946560172721728,0.0967499161367133,0.0966485158433126
"ORD-024982",2026-03-06,0,0.0969127712246978,0.118357666837249,0.100034353349225,0.0967499161367133,0.0966485158433126
"ORD-025041",2026-03-06,0,0.0969127712246978,0.0572304352948321,0.0870366375287353,0.0967499161367133,0.0966485158433126
"ORD-025051",2026-03-06,0,0.0969127712246978,0.137429858225631,0.104509076558041,0.0967499161367133,0.0966485158433126
"ORD-025066",2026-03-06,0,0.0969127712246978,0.1065015577292,0.0975260547941484,0.0967499161367133,0.0966485158433126
"ORD-025067",2026-03-06,0,0.0969127712246978,0.0757332295826862,0.0907553460034726,0.0967499161367133,0.0966485158433126
"ORD-025074",2026-03-06,0,0.0969127712246978,0.140742204759656,0.104938694076731,0.0967499161367133,0.0966485158433126
"ORD-025100",2026-03-06,0,0.0969127712246978,0.155559697239969,0.10852859981364,0.100541500134285,0.102408918308548
"ORD-025109",2026-03-06,0,0.0969127712246978,0.117886377304353,0.0998119774723172,0.0967499161367133,0.0966485158433126
"ORD-025137",2026-03-06,0,0.0969127712246978,0.133995873568041,0.103574475400896,0.0967499161367133,0.0966485158433126
"ORD-025149",2026-03-06,0,0.0969127712246978,0.108538682498871,0.0978175736326877,0.0967499161367133,0.0966485158433126
"ORD-025159",2026-03-06,0,0.0969127712246978,0.129361037674952,0.10272428854584,0.0967499161367133,0.0966485158433126
"ORD-024922",2026-03-06,0,0.0969127712246978,0.115145073936505,0.0998825134707068,0.0967499161367133,0.0966485158433126
"ORD-024929",2026-03-06,0,0.0969127712246978,0.0765648558608506,0.0912898982295802,0.0967499161367133,0.0966485158433126
"ORD-024957",2026-03-06,0,0.0969127712246978,0.0753939802749575,0.0913574507199556,0.0967499161367133,0.0966485158433126
"ORD-024990",2026-03-06,0,0.0969127712246978,0.148106206664698,0.10787609745385,0.100541500134285,0.102408918308548
"ORD-025017",2026-03-06,0,0.0969127712246978,0.084843132293589,0.0930780364058688,0.0967499161367133,0.0966485158433126
"ORD-025050",2026-03-06,0,0.0969127712246978,0.108311587360773,0.0982138962326642,0.0967499161367133,0.0966485158433126
"ORD-025072",2026-03-06,0,0.0969127712246978,0.109464971294736,0.0987281731657808,0.0967499161367133,0.0966485158433126
"ORD-025073",2026-03-06,0,0.0969127712246978,0.0765648558608506,0.0912898982295802,0.0967499161367133,0.0966485158433126
"ORD-025075",2026-03-06,0,0.0969127712246978,0.0926241981092345,0.0949560096467497,0.0967499161367133,0.0966485158433126
"ORD-025093",2026-03-06,0,0.0969127712246978,0.0691767497410269,0.0896972341371294,0.0967499161367133,0.0966485158433126
"ORD-025113",2026-03-06,0,0.0969127712246978,0.122980017131718,0.102102686370758,0.0967499161367133,0.0966485158433126
"ORD-025125",2026-03-06,0,0.0969127712246978,0.10138108819376,0.0967769594383588,0.0967499161367133,0.0966485158433126
"ORD-025130",2026-03-06,0,0.0969127712246978,0.112449309891948,0.0994272247457683,0.0967499161367133,0.0966485158433126
"ORD-025135",2026-03-06,0,0.0969127712246978,0.084843132293589,0.0930780364058688,0.0967499161367133,0.0966485158433126
"ORD-025144",2026-03-06,0,0.0969127712246978,0.126044584406621,0.102887966315038,0.0967499161367133,0.0966485158433126
"ORD-024890",2026-03-06,0,0.0969127712246978,0.130710579510627,0.103877924652883,0.0967499161367133,0.0966485158433126
"ORD-024924",2026-03-06,1,0.0969127712246978,0.115145073936505,0.0998825134707068,0.0967499161367133,0.0966485158433126
"ORD-024951",2026-03-06,0,0.0969127712246978,0.112423200672189,0.0993506448875784,0.0967499161367133,0.0966485158433126
"ORD-024973",2026-03-06,0,0.0969127712246978,0.154983543775324,0.109975338905025,0.0989612395558877,0.101471725540576
"ORD-025015",2026-03-06,0,0.0969127712246978,0.118435225357948,0.100793653514643,0.0967499161367133,0.0966485158433126
"ORD-025019",2026-03-06,0,0.0969127712246978,0.0854816196630327,0.0932053324896522,0.0967499161367133,0.0966485158433126
"ORD-025029",2026-03-06,0,0.0969127712246978,0.119877984620574,0.101383894459091,0.0967499161367133,0.0966485158433126
"ORD-025040",2026-03-06,0,0.0969127712246978,0.154983543775324,0.109975338905025,0.0989612395558877,0.101471725540576
"ORD-025047",2026-03-06,0,0.0969127712246978,0.112423200672189,0.0993506448875784,0.0967499161367133,0.0966485158433126
"ORD-025063",2026-03-06,0,0.0969127712246978,0.112449309891948,0.0994272247457683,0.0967499161367133,0.0966485158433126
"ORD-025092",2026-03-06,0,0.0969127712246978,0.0691767497410269,0.0896972341371294,0.0967499161367133,0.0966485158433126
"ORD-025102",2026-03-06,0,0.0969127712246978,0.105412938538001,0.0979798926655706,0.0967499161367133,0.0966485158433126
"ORD-025106",2026-03-06,0,0.0969127712246978,0.0489649100944084,0.0853885541667818,0.0967499161367133,0.0966485158433126
"ORD-025110",2026-03-06,0,0.0969127712246978,0.0983556079795415,0.0961032456827104,0.0967499161367133,0.0966485158433126
"ORD-025122",2026-03-06,0,0.0969127712246978,0.08864513177032,0.0941556998990329,0.0967499161367133,0.0966485158433126
"ORD-025146",2026-03-06,0,0.0969127712246978,0.057111503290765,0.0870737642455042,0.0967499161367133,0.0966485158433126
"ORD-025154",2026-03-06,0,0.0969127712246978,0.127478203587458,0.103432634160398,0.0967499161367133,0.0966485158433126
"ORD-024898",2026-03-06,0,0.0969127712246978,0.0765648558608506,0.0912898982295802,0.0967499161367133,0.0966485158433126
"ORD-024903",2026-03-06,0,0.0969127712246978,0.109416327270607,0.0986824537970437,0.0967499161367133,0.0966485158433126
"ORD-024938",2026-03-06,0,0.0969127712246978,0.0983556079795415,0.0961032456827104,0.0967499161367133,0.0966485158433126
"ORD-024944",2026-03-06,0,0.0969127712246978,0.0717794283735417,0.0901988892844736,0.0967499161367133,0.0966485158433126
"ORD-024956",2026-03-06,0,0.0969127712246978,0.08864513177032,0.0941556998990329,0.0967499161367133,0.0966485158433126
"ORD-024975",2026-03-06,0,0.0969127712246978,0.115145073936505,0.0998825134707068,0.0967499161367133,0.0966485158433126
"ORD-024988",2026-03-06,0,0.0969127712246978,0.0923754870417133,0.0948943693501511,0.0967499161367133,0.0966485158433126
"ORD-024996",2026-03-06,0,0.0969127712246978,0.0689521991756216,0.0897781505833655,0.0967499161367133,0.0966485158433126
"ORD-024997",2026-03-06,0,0.0969127712246978,0.157001638246051,0.110655211410339,0.0995408243258331,0.102132575198061
"ORD-025009",2026-03-06,0,0.0969127712246978,0.1185270508528,0.100960234182679,0.0967499161367133,0.0966485158433126
"ORD-025023",2026-03-06,0,0.0969127712246978,0.097032827760434,0.0958829426923568,0.0967499161367133,0.0966485158433126
"ORD-025026",2026-03-06,0,0.0969127712246978,0.108311587360773,0.0982138962326642,0.0967499161367133,0.0966485158433126
"ORD-025034",2026-03-06,0,0.0969127712246978,0.111998558231371,0.0992060497372669,0.0967499161367133,0.0966485158433126
"ORD-025071",2026-03-06,0,0.0969127712246978,0.097032827760434,0.0958829426923568,0.0967499161367133,0.0966485158433126
"ORD-025078",2026-03-06,0,0.0969127712246978,0.0692343074347041,0.0896608668123244,0.0967499161367133,0.0966485158433126
"ORD-025089",2026-03-06,0,0.0969127712246978,0.119877984620574,0.101383894459091,0.0967499161367133,0.0966485158433126
"ORD-025105",2026-03-06,0,0.0969127712246978,0.133886114687081,0.104305249831239,0.0967499161367133,0.0966485158433126
"ORD-024905",2026-03-06,0,0.0969127712246978,0.0881333603380149,0.0937961672100653,0.0967499161367133,0.0966485158433126
"ORD-024921",2026-03-06,0,0.0969127712246978,0.115145073936505,0.0998825134707068,0.0967499161367133,0.0966485158433126
"ORD-024948",2026-03-06,0,0.0969127712246978,0.0923754870417133,0.0948943693501511,0.0967499161367133,0.0966485158433126
"ORD-024960",2026-03-06,0,0.0969127712246978,0.10138108819376,0.0967769594383588,0.0967499161367133,0.0966485158433126
"ORD-024972",2026-03-06,0,0.0969127712246978,0.134753921225021,0.104942630660321,0.0967499161367133,0.0966485158433126
"ORD-024991",2026-03-06,0,0.0969127712246978,0.127635108538792,0.103169805749514,0.0967499161367133,0.0966485158433126
"ORD-024993",2026-03-06,1,0.0969127712246978,0.130710579510627,0.103877924652883,0.0967499161367133,0.0966485158433126
"ORD-025010",2026-03-06,0,0.0969127712246978,0.0567593909844554,0.0870965462028766,0.0967499161367133,0.0966485158433126
"ORD-025033",2026-03-06,0,0.0969127712246978,0.084843132293589,0.0930780364058688,0.0967499161367133,0.0966485158433126
"ORD-025058",2026-03-06,0,0.0969127712246978,0.118435225357948,0.100793653514643,0.0967499161367133,0.0966485158433126
"ORD-025084",2026-03-06,1,0.0969127712246978,0.157001638246051,0.110655211410339,0.0995408243258331,0.102132575198061
"ORD-025101",2026-03-06,0,0.0969127712246978,0.100497244504673,0.0967081869711968,0.0967499161367133,0.0966485158433126
"ORD-024888",2026-03-06,0,0.0969127712246978,0.117132851659639,0.100642082893664,0.0967499161367133,0.0966485158433126
"ORD-024927",2026-03-06,0,0.0969127712246978,0.139684203541875,0.106498151441736,0.0967499161367133,0.0966485158433126
"ORD-024933",2026-03-06,0,0.0969127712246978,0.117132851659639,0.100642082893664,0.0967499161367133,0.0966485158433126
"ORD-024959",2026-03-06,0,0.0969127712246978,0.0722221303922753,0.0908758507447373,0.0967499161367133,0.0966485158433126
"ORD-025001",2026-03-06,0,0.0969127712246978,0.136068882644217,0.105221336563917,0.0967499161367133,0.0966485158433126
"ORD-025016",2026-03-06,0,0.0969127712246978,0.154051246049388,0.10926491149382,0.100541500134285,0.102408918308548
"ORD-025039",2026-03-06,0,0.0969127712246978,0.104800737539472,0.0978784532256489,0.0967499161367133,0.0966485158433126
"ORD-025156",2026-03-06,0,0.0969127712246978,0.0885126144362094,0.0942964748165757,0.0967499161367133,0.0966485158433126
"ORD-024897",2026-03-06,0,0.0969127712246978,0.105409437654788,0.0981959421343595,0.0967499161367133,0.0966485158433126
"ORD-024902",2026-03-06,0,0.0969127712246978,0.17754814665842,0.11488067974067,0.0967499161367133,0.0966485158433126
"ORD-024910",2026-03-06,0,0.0969127712246978,0.0939831064029165,0.0954963671917933,0.0967499161367133,0.0966485158433126
"ORD-024943",2026-03-06,0,0.0969127712246978,0.132886609714397,0.104505127818809,0.0967499161367133,0.0966485158433126
"ORD-024950",2026-03-06,0,0.0969127712246978,0.120133789081438,0.101409601880828,0.0967499161367133,0.0966485158433126
"ORD-024981",2026-03-06,0,0.0969127712246978,0.161152420123541,0.111387804535376,0.0989612395558877,0.101471725540576
"ORD-025011",2026-03-06,0,0.0969127712246978,0.0807405525797514,0.0928626842514238,0.0967499161367133,0.0966485158433126
"ORD-025064",2026-03-06,0,0.0969127712246978,0.0631960350223573,0.0890420146034652,0.0967499161367133,0.0966485158433126
"ORD-025090",2026-03-06,0,0.0969127712246978,0.104766262806995,0.0979690125450156,0.0967499161367133,0.0966485158433126
"ORD-025127",2026-03-06,0,0.0969127712246978,0.0735513673067243,0.091184292170083,0.0967499161367133,0.0966485158433126
"ORD-024892",2026-03-06,0,0.0969127712246978,0.0799075631798769,0.0924873161052733,0.0967499161367133,0.0966485158433126
"ORD-024937",2026-03-06,0,0.0969127712246978,0.151003538975015,0.108228949936334,0.0967499161367133,0.0966485158433126
"ORD-024970",2026-03-06,0,0.0969127712246978,0.109865265915762,0.099255476187735,0.0967499161367133,0.0966485158433126
"ORD-024987",2026-03-06,0,0.0969127712246978,0.163235324558514,0.112075309409375,0.0995408243258331,0.102132575198061
"ORD-024994",2026-03-06,0,0.0969127712246978,0.104800737539472,0.0978784532256489,0.0967499161367133,0.0966485158433126
"ORD-025003",2026-03-06,0,0.0969127712246978,0.136068882644217,0.105221336563917,0.0967499161367133,0.0966485158433126
"ORD-025031",2026-03-06,1,0.0969127712246978,0.132724231169298,0.104770960597938,0.0967499161367133,0.0966485158433126
"ORD-025038",2026-03-06,0,0.0969127712246978,0.0625656141587417,0.0887965690396602,0.0967499161367133,0.0966485158433126
"ORD-025043",2026-03-06,0,0.0969127712246978,0.161152420123541,0.111387804535376,0.0989612395558877,0.101471725540576
"ORD-025077",2026-03-06,1,0.0969127712246978,0.120133789081438,0.101409601880828,0.0967499161367133,0.0966485158433126
"ORD-025082",2026-03-06,0,0.0969127712246978,0.104800737539472,0.0978784532256489,0.0967499161367133,0.0966485158433126
"ORD-025087",2026-03-06,0,0.0969127712246978,0.12485600160479,0.102698748525542,0.0967499161367133,0.0966485158433126
"ORD-025094",2026-03-06,0,0.0969127712246978,0.11287089785686,0.0994921901857863,0.0967499161367133,0.0966485158433126
"ORD-025099",2026-03-06,1,0.0969127712246978,0.17754814665842,0.11488067974067,0.0967499161367133,0.0966485158433126
"ORD-025126",2026-03-06,0,0.0969127712246978,0.131240489202574,0.104220064462009,0.0967499161367133,0.0966485158433126
"ORD-025147",2026-03-06,0,0.0969127712246978,0.0833933584024718,0.0930744441834926,0.0967499161367133,0.0966485158433126
"ORD-025167",2026-03-07,0,0.0969127712246978,0.117893092122874,0.102132187459533,0.0967499161367133,0.0966485158433126
"ORD-025180",2026-03-07,0,0.0969127712246978,0.0766215202741142,0.0926531157420209,0.0967499161367133,0.0966485158433126
"ORD-025198",2026-03-07,0,0.0969127712246978,0.0761978167265389,0.09251520794612,0.0967499161367133,0.0966485158433126
"ORD-025216",2026-03-07,0,0.0969127712246978,0.0959001715380649,0.0968522905913576,0.0967499161367133,0.0966485158433126
"ORD-025240",2026-03-07,1,0.0969127712246978,0.0919402006310323,0.0961629392073171,0.0967499161367133,0.0966485158433126
"ORD-025241",2026-03-07,0,0.0969127712246978,0.111905093931239,0.100672161194555,0.0967499161367133,0.0966485158433126
"ORD-025248",2026-03-07,0,0.0969127712246978,0.0702692181347246,0.0913188990761846,0.0967499161367133,0.0966485158433126
"ORD-025316",2026-03-07,0,0.0969127712246978,0.154303394730248,0.111420696474933,0.0989612395558877,0.101471725540576
"ORD-025320",2026-03-07,0,0.0969127712246978,0.0877161315724196,0.0950515978058737,0.0967499161367133,0.0966485158433126
"ORD-025325",2026-03-07,0,0.0969127712246978,0.0919402006310323,0.0961629392073171,0.0967499161367133,0.0966485158433126
"ORD-025327",2026-03-07,0,0.0969127712246978,0.122419969197139,0.103456604125108,0.0967499161367133,0.0966485158433126
"ORD-025345",2026-03-07,0,0.0969127712246978,0.0766215202741142,0.0926531157420209,0.0967499161367133,0.0966485158433126
"ORD-025355",2026-03-07,0,0.0969127712246978,0.0882257146559338,0.0954154360348517,0.0967499161367133,0.0966485158433126
"ORD-025358",2026-03-07,0,0.0969127712246978,0.104923319742829,0.0992851858304369,0.0967499161367133,0.0966485158433126
"ORD-025367",2026-03-07,1,0.0969127712246978,0.14745097249017,0.109297253663821,0.100541500134285,0.102408918308548
"ORD-025371",2026-03-07,0,0.0969127712246978,0.0795357713385955,0.0931024949223084,0.0967499161367133,0.0966485158433126
"ORD-025376",2026-03-07,0,0.0969127712246978,0.114616043170171,0.101210309432725,0.0967499161367133,0.0966485158433126
"ORD-025383",2026-03-07,1,0.0969127712246978,0.0701142234238872,0.09121183054713,0.0967499161367133,0.0966485158433126
"ORD-025388",2026-03-07,0,0.0969127712246978,0.100060994782055,0.0979077954932352,0.0967499161367133,0.0966485158433126
"ORD-025166",2026-03-07,0,0.0969127712246978,0.109380636054215,0.100257863131052,0.0967499161367133,0.0966485158433126
"ORD-025188",2026-03-07,0,0.0969127712246978,0.105730751403061,0.0992033068389601,0.0967499161367133,0.0966485158433126
"ORD-025207",2026-03-07,0,0.0969127712246978,0.0921878587734213,0.0962253159206747,0.0967499161367133,0.0966485158433126
"ORD-025208",2026-03-07,0,0.0969127712246978,0.111905093931239,0.100672161194555,0.0967499161367133,0.0966485158433126
"ORD-025214",2026-03-07,0,0.0969127712246978,0.156314271044501,0.11210837875111,0.0995408243258331,0.102132575198061
"ORD-025222",2026-03-07,0,0.0969127712246978,0.0952242980515561,0.0981883361762735,0.0967499161367133,0.0966485158433126
"ORD-025231",2026-03-07,0,0.0969127712246978,0.100060994782055,0.0979077954932352,0.0967499161367133,0.0966485158433126
"ORD-025245",2026-03-07,1,0.0969127712246978,0.111931097999699,0.100749645735247,0.0967499161367133,0.0966485158433126
"ORD-025259",2026-03-07,0,0.0969127712246978,0.0686189420518678,0.0909852009915691,0.0967499161367133,0.0966485158433126
"ORD-025274",2026-03-07,1,0.0969127712246978,0.114789510557925,0.10143988369302,0.0967499161367133,0.0966485158433126
"ORD-025278",2026-03-07,0,0.0969127712246978,0.108958824070418,0.100042329348993,0.0967499161367133,0.0966485158433126
"ORD-025293",2026-03-07,0,0.0969127712246978,0.108119869311334,0.100006687019437,0.0967499161367133,0.0966485158433126
"ORD-025297",2026-03-07,0,0.0969127712246978,0.0885539789095982,0.0953369260089298,0.0967499161367133,0.0966485158433126
"ORD-025303",2026-03-07,0,0.0969127712246978,0.100060994782055,0.0979077954932352,0.0967499161367133,0.0966485158433126
"ORD-025318",2026-03-07,0,0.0969127712246978,0.0850757731785404,0.0944536792231723,0.0967499161367133,0.0966485158433126
"ORD-025337",2026-03-07,0,0.0969127712246978,0.144511537050416,0.108261022733704,0.0967499161367133,0.0966485158433126
"ORD-025390",2026-03-07,0,0.0969127712246978,0.108910377460507,0.099996068936592,0.0967499161367133,0.0966485158433126
"ORD-025171",2026-03-07,1,0.0969127712246978,0.123936919560949,0.103757959081148,0.0967499161367133,0.0966485158433126
"ORD-025182",2026-03-07,1,0.0969127712246978,0.104652061769904,0.0991359546892584,0.0967499161367133,0.0966485158433126
"ORD-025192",2026-03-07,0,0.0969127712246978,0.120000727877733,0.10212904711711,0.0967499161367133,0.0966485158433126
"ORD-025211",2026-03-07,0,0.0969127712246978,0.0602113577376675,0.0890689694038397,0.0967499161367133,0.0966485158433126
"ORD-025239",2026-03-07,0,0.0969127712246978,0.0921878587734213,0.0962253159206747,0.0967499161367133,0.0966485158433126
"ORD-025269",2026-03-07,0,0.0969127712246978,0.100060994782055,0.0979077954932352,0.0967499161367133,0.0966485158433126
"ORD-025276",2026-03-07,0,0.0969127712246978,0.114616043170171,0.101210309432725,0.0967499161367133,0.0966485158433126
"ORD-025307",2026-03-07,0,0.0969127712246978,0.123936919560949,0.103757959081148,0.0967499161367133,0.0966485158433126
"ORD-025309",2026-03-07,0,0.0969127712246978,0.0602113577376675,0.0890689694038397,0.0967499161367133,0.0966485158433126
"ORD-025324",2026-03-07,0,0.0969127712246978,0.108958824070418,0.100042329348993,0.0967499161367133,0.0966485158433126
"ORD-025336",2026-03-07,0,0.0969127712246978,0.14745097249017,0.109297253663821,0.100541500134285,0.102408918308548
"ORD-025351",2026-03-07,0,0.0969127712246978,0.117893092122874,0.102132187459533,0.0967499161367133,0.0966485158433126
"ORD-025353",2026-03-07,0,0.0969127712246978,0.100027904994014,0.0979983790115921,0.0967499161367133,0.0966485158433126
"ORD-025174",2026-03-07,0,0.0969127712246978,0.0877161315724196,0.0950515978058737,0.0967499161367133,0.0966485158433126
"ORD-025177",2026-03-07,0,0.0969127712246978,0.111905093931239,0.100672161194555,0.0967499161367133,0.0966485158433126
"ORD-025200",2026-03-07,0,0.0969127712246978,0.100060994782055,0.0979077954932352,0.0967499161367133,0.0966485158433126
"ORD-025227",2026-03-07,0,0.0969127712246978,0.0844400372994918,0.0943248555459376,0.0967499161367133,0.0966485158433126
"ORD-025229",2026-03-07,0,0.0969127712246978,0.0959001715380649,0.0968522905913576,0.0967499161367133,0.0966485158433126
"ORD-025250",2026-03-07,0,0.0969127712246978,0.100060994782055,0.0979077954932352,0.0967499161367133,0.0966485158433126
"ORD-025265",2026-03-07,0,0.0969127712246978,0.130120550005409,0.105252623273706,0.0967499161367133,0.0966485158433126
"ORD-025272",2026-03-07,0,0.0969127712246978,0.114789510557925,0.10143988369302,0.0967499161367133,0.0966485158433126
"ORD-025288",2026-03-07,0,0.0969127712246978,0.0882257146559338,0.0954154360348517,0.0967499161367133,0.0966485158433126
"ORD-025319",2026-03-07,0,0.0969127712246978,0.108910377460507,0.099996068936592,0.0967499161367133,0.0966485158433126
"ORD-025346",2026-03-07,0,0.0969127712246978,0.130120550005409,0.105252623273706,0.0967499161367133,0.0966485158433126
"ORD-025356",2026-03-07,0,0.0969127712246978,0.125472577146125,0.104251088139185,0.0967499161367133,0.0966485158433126
"ORD-025359",2026-03-07,0,0.0969127712246978,0.117322277606993,0.102038817046569,0.0967499161367133,0.0966485158433126
"ORD-025363",2026-03-07,0,0.0969127712246978,0.102583229068655,0.098518750209114,0.0967499161367133,0.0966485158433126
"ORD-025381",2026-03-07,0,0.0969127712246978,0.0850757731785404,0.0944536792231723,0.0967499161367133,0.0966485158433126
"ORD-025386",2026-03-07,0,0.0969127712246978,0.0885539789095982,0.0953369260089298,0.0967499161367133,0.0966485158433126
"ORD-025392",2026-03-07,0,0.0969127712246978,0.0952242980515561,0.0981883361762735,0.0967499161367133,0.0966485158433126
"ORD-025162",2026-03-07,0,0.0969127712246978,0.133602265930962,0.106529772601959,0.0967499161367133,0.0966485158433126
"ORD-025242",2026-03-07,0,0.0969127712246978,0.0766215202741142,0.0926531157420209,0.0967499161367133,0.0966485158433126
"ORD-025251",2026-03-07,0,0.0969127712246978,0.100027904994014,0.0979983790115921,0.0967499161367133,0.0966485158433126
"ORD-025317",2026-03-07,0,0.0969127712246978,0.125472577146125,0.104251088139185,0.0967499161367133,0.0966485158433126
"ORD-025349",2026-03-07,1,0.0969127712246978,0.108910377460507,0.099996068936592,0.0967499161367133,0.0966485158433126
"ORD-025377",2026-03-07,0,0.0969127712246978,0.114789510557925,0.10143988369302,0.0967499161367133,0.0966485158433126
"ORD-025391",2026-03-07,0,0.0969127712246978,0.0714335551834982,0.091411028353816,0.0967499161367133,0.0966485158433126
"ORD-025394",2026-03-07,0,0.0969127712246978,0.0687287483717816,0.0908902787454149,0.0967499161367133,0.0966485158433126
"ORD-025168",2026-03-07,0,0.0969127712246978,0.108554746464124,0.0994529953340045,0.0967499161367133,0.0966485158433126
"ORD-025169",2026-03-07,0,0.0969127712246978,0.0992410647701616,0.0973675721189968,0.0967499161367133,0.0966485158433126
"ORD-025179",2026-03-07,0,0.0969127712246978,0.0968243673724453,0.0967225684029169,0.0967499161367133,0.0966485158433126
"ORD-025185",2026-03-07,0,0.0969127712246978,0.074521189228339,0.0920115365268227,0.0967499161367133,0.0966485158433126
"ORD-025187",2026-03-07,0,0.0969127712246978,0.120580823940912,0.101926911003565,0.0967499161367133,0.0966485158433126
"ORD-025190",2026-03-07,0,0.0969127712246978,0.12347272588113,0.102471002326639,0.0967499161367133,0.0966485158433126
"ORD-025195",2026-03-07,0,0.0969127712246978,0.143349596046857,0.106994731181921,0.0967499161367133,0.0966485158433126
"ORD-025218",2026-03-07,0,0.0969127712246978,0.11398923966268,0.100441793924428,0.0967499161367133,0.0966485158433126
"ORD-025226",2026-03-07,0,0.0969127712246978,0.116209927055216,0.100763983141337,0.0967499161367133,0.0966485158433126
"ORD-025235",2026-03-07,0,0.0969127712246978,0.121586296392807,0.102207070622004,0.0967499161367133,0.0966485158433126
"ORD-025270",2026-03-07,0,0.0969127712246978,0.107530748439782,0.0991643456363952,0.0967499161367133,0.0966485158433126
"ORD-025275",2026-03-07,0,0.0969127712246978,0.123657725432003,0.102703109439828,0.0967499161367133,0.0966485158433126
"ORD-025310",2026-03-07,0,0.0969127712246978,0.11312671873483,0.100524581047358,0.0967499161367133,0.0966485158433126
"ORD-025323",2026-03-07,1,0.0969127712246978,0.112836926130023,0.100373694621682,0.0967499161367133,0.0966485158433126
"ORD-025332",2026-03-07,0,0.0969127712246978,0.0947165546803746,0.0962437913862522,0.0967499161367133,0.0966485158433126
"ORD-025340",2026-03-07,0,0.0969127712246978,0.155273191386978,0.109598831108668,0.0967499161367133,0.0966485158433126
"ORD-025348",2026-03-07,0,0.0969127712246978,0.108835724927222,0.0992938448993956,0.0967499161367133,0.0966485158433126
"ORD-025354",2026-03-07,0,0.0969127712246978,0.107894694610359,0.0992234803449006,0.0967499161367133,0.0966485158433126
"ORD-025368",2026-03-07,0,0.0969127712246978,0.136498136482748,0.105606937406659,0.0967499161367133,0.0966485158433126
"ORD-025373",2026-03-07,0,0.0969127712246978,0.11398923966268,0.100441793924428,0.0967499161367133,0.0966485158433126
"ORD-025379",2026-03-07,0,0.0969127712246978,0.133505181366204,0.10509119740973,0.0967499161367133,0.0966485158433126
"ORD-025387",2026-03-07,0,0.0969127712246978,0.136498136482748,0.105606937406659,0.0967499161367133,0.0966485158433126
"ORD-025395",2026-03-07,0,0.0969127712246978,0.165653043132846,0.112792611088949,0.0989612395558877,0.101471725540576
"ORD-025199",2026-03-07,0,0.0969127712246978,0.117886630400449,0.101508032075767,0.0967499161367133,0.0966485158433126
"ORD-025202",2026-03-07,0,0.0969127712246978,0.0992410647701616,0.0973675721189968,0.0967499161367133,0.0966485158433126
"ORD-025204",2026-03-07,0,0.0969127712246978,0.135040220375956,0.1055452096451,0.0967499161367133,0.0966485158433126
"ORD-025236",2026-03-07,0,0.0969127712246978,0.0758266392650424,0.0923607788544151,0.0967499161367133,0.0966485158433126
"ORD-025271",2026-03-07,0,0.0969127712246978,0.120580823940912,0.101926911003565,0.0967499161367133,0.0966485158433126
"ORD-025295",2026-03-07,0,0.0969127712246978,0.123657725432003,0.102703109439828,0.0967499161367133,0.0966485158433126
"ORD-025299",2026-03-07,1,0.0969127712246978,0.0742192563619041,0.0921315839722286,0.0967499161367133,0.0966485158433126
"ORD-025326",2026-03-07,0,0.0969127712246978,0.135040220375956,0.1055452096451,0.0967499161367133,0.0966485158433126
"ORD-025330",2026-03-07,0,0.0969127712246978,0.158390995996857,0.110646278172156,0.100541500134285,0.102408918308548
"ORD-025335",2026-03-07,0,0.0969127712246978,0.102756437842594,0.0994155504784534,0.0967499161367133,0.0966485158433126
"ORD-025342",2026-03-07,0,0.0969127712246978,0.107530748439782,0.0991643456363952,0.0967499161367133,0.0966485158433126
"ORD-025347",2026-03-07,0,0.0969127712246978,0.0828168875182129,0.0938183449380015,0.0967499161367133,0.0966485158433126
"ORD-025357",2026-03-07,0,0.0969127712246978,0.0947165546803746,0.0962437913862522,0.0967499161367133,0.0966485158433126
"ORD-025365",2026-03-07,0,0.0969127712246978,0.0912051419382658,0.095508895921508,0.0967499161367133,0.0966485158433126
"ORD-025370",2026-03-07,0,0.0969127712246978,0.0534253460958141,0.087781084738534,0.0967499161367133,0.0966485158433126
"ORD-025178",2026-03-07,0,0.0969127712246978,0.0657586290147564,0.0901564222493888,0.0967499161367133,0.0956981529605399
"ORD-025197",2026-03-07,1,0.0969127712246978,0.127064174358474,0.103573438781247,0.0967499161367133,0.0966485158433126
"ORD-025203",2026-03-07,0,0.0969127712246978,0.116209927055216,0.100763983141337,0.0967499161367133,0.0966485158433126
"ORD-025209",2026-03-07,0,0.0969127712246978,0.0947165546803746,0.0962437913862522,0.0967499161367133,0.0966485158433126
"ORD-025219",2026-03-07,0,0.0969127712246978,0.165653043132846,0.112792611088949,0.0989612395558877,0.101471725540576
"ORD-025243",2026-03-07,1,0.0969127712246978,0.12347272588113,0.102471002326639,0.0967499161367133,0.0966485158433126
"ORD-025267",2026-03-07,0,0.0969127712246978,0.0772445318736416,0.0925622302858201,0.0967499161367133,0.0966485158433126
"ORD-025300",2026-03-07,0,0.0969127712246978,0.120580823940912,0.101926911003565,0.0967499161367133,0.0966485158433126
"ORD-025311",2026-03-07,0,0.0969127712246978,0.0912051419382658,0.095508895921508,0.0967499161367133,0.0966485158433126
"ORD-025314",2026-03-07,0,0.0969127712246978,0.165653043132846,0.112792611088949,0.0989612395558877,0.101471725540576
"ORD-025334",2026-03-07,0,0.0969127712246978,0.0947165546803746,0.0962437913862522,0.0967499161367133,0.0966485158433126
"ORD-025350",2026-03-07,0,0.0969127712246978,0.117436341449446,0.101290113249802,0.0967499161367133,0.0966485158433126
"ORD-025366",2026-03-07,0,0.0969127712246978,0.12347272588113,0.102471002326639,0.0967499161367133,0.0966485158433126
"ORD-025189",2026-03-07,0,0.0969127712246978,0.123657725432003,0.102703109439828,0.0967499161367133,0.0966485158433126
"ORD-025191",2026-03-07,0,0.0969127712246978,0.0772445318736416,0.0925622302858201,0.0967499161367133,0.0966485158433126
"ORD-025196",2026-03-07,0,0.0969127712246978,0.143687967450754,0.107848774861774,0.0967499161367133,0.0966485158433126
"ORD-025210",2026-03-07,1,0.0969127712246978,0.120580823940912,0.101926911003565,0.0967499161367133,0.0966485158433126
"ORD-025230",2026-03-07,0,0.0969127712246978,0.0968243673724453,0.0967225684029169,0.0967499161367133,0.0966485158433126
"ORD-025232",2026-03-07,0,0.0969127712246978,0.109891895946291,0.099838755932508,0.0967499161367133,0.0966485158433126
"ORD-025254",2026-03-07,0,0.0969127712246978,0.107530748439782,0.0991643456363952,0.0967499161367133,0.0966485158433126
"ORD-025258",2026-03-07,0,0.0969127712246978,0.117436341449446,0.101290113249802,0.0967499161367133,0.0966485158433126
"ORD-025291",2026-03-07,1,0.0969127712246978,0.0772445318736416,0.0925622302858201,0.0967499161367133,0.0966485158433126
"ORD-025301",2026-03-07,0,0.0969127712246978,0.104678188590724,0.0985414203761123,0.0967499161367133,0.0966485158433126
"ORD-025305",2026-03-07,0,0.0969127712246978,0.131789920422211,0.104742016524532,0.0967499161367133,0.0966485158433126
"ORD-025313",2026-03-07,0,0.0969127712246978,0.117436341449446,0.101290113249802,0.0967499161367133,0.0966485158433126
"ORD-025329",2026-03-07,0,0.0969127712246978,0.102756437842594,0.0994155504784534,0.0967499161367133,0.0966485158433126
"ORD-025344",2026-03-07,1,0.0969127712246978,0.121586296392807,0.102207070622004,0.0967499161367133,0.0966485158433126
"ORD-025372",2026-03-07,0,0.0969127712246978,0.136498136482748,0.105606937406659,0.0967499161367133,0.0966485158433126
"ORD-025380",2026-03-07,0,0.0969127712246978,0.129212775405121,0.103399867412583,0.0967499161367133,0.0966485158433126
"ORD-025384",2026-03-07,0,0.0969127712246978,0.0657586290147564,0.0901564222493888,0.0967499161367133,0.0956981529605399
"ORD-025160",2026-03-07,0,0.0969127712246978,0.0952625597152318,0.0966117058966914,0.0967499161367133,0.0966485158433126
"ORD-025163",2026-03-07,0,0.0969127712246978,0.11654064937703,0.101254076385534,0.0967499161367133,0.0966485158433126
"ORD-025206",2026-03-07,0,0.0969127712246978,0.112836926130023,0.100373694621682,0.0967499161367133,0.0966485158433126
"ORD-025217",2026-03-07,0,0.0969127712246978,0.0823619804815674,0.0936788818426009,0.0967499161367133,0.0966485158433126
"ORD-025221",2026-03-07,0,0.0969127712246978,0.0823619804815674,0.0936788818426009,0.0967499161367133,0.0966485158433126
"ORD-025225",2026-03-07,0,0.0969127712246978,0.0772445318736416,0.0925622302858201,0.0967499161367133,0.0966485158433126
"ORD-025244",2026-03-07,0,0.0969127712246978,0.105613924861072,0.0986045226171281,0.0967499161367133,0.0966485158433126
"ORD-025262",2026-03-07,0,0.0969127712246978,0.0968243673724453,0.0967225684029169,0.0967499161367133,0.0966485158433126
"ORD-025279",2026-03-07,0,0.0969127712246978,0.0968243673724453,0.0967225684029169,0.0967499161367133,0.0966485158433126
"ORD-025283",2026-03-07,0,0.0969127712246978,0.108554746464124,0.0994529953340045,0.0967499161367133,0.0966485158433126
"ORD-025292",2026-03-07,0,0.0969127712246978,0.0918866994965042,0.0956391659304758,0.0967499161367133,0.0966485158433126
"ORD-025304",2026-03-07,0,0.0969127712246978,0.11398923966268,0.100441793924428,0.0967499161367133,0.0966485158433126
"ORD-025321",2026-03-07,0,0.0969127712246978,0.0813752756660391,0.0934789062708098,0.0967499161367133,0.0966485158433126
"ORD-025322",2026-03-07,1,0.0969127712246978,0.12347272588113,0.102471002326639,0.0967499161367133,0.0966485158433126
"ORD-025339",2026-03-07,0,0.0969127712246978,0.120580823940912,0.101926911003565,0.0967499161367133,0.0966485158433126
"ORD-025343",2026-03-07,0,0.0969127712246978,0.0758266392650424,0.0923607788544151,0.0967499161367133,0.0966485158433126
"ORD-025364",2026-03-07,1,0.0969127712246978,0.0993456397934613,0.0973412301916998,0.0967499161367133,0.0966485158433126
"ORD-025375",2026-03-07,0,0.0969127712246978,0.136560167728071,0.106102280687297,0.0967499161367133,0.0966485158433126
"ORD-025393",2026-03-07,0,0.0969127712246978,0.0772445318736416,0.0925622302858201,0.0967499161367133,0.0966485158433126
"ORD-025186",2026-03-07,0,0.0969127712246978,0.159854213259517,0.112809134567418,0.0995408243258331,0.102132575198061
"ORD-025212",2026-03-07,0,0.0969127712246978,0.0985580321137264,0.0978656826729238,0.0967499161367133,0.0966485158433126
"ORD-025213",2026-03-07,0,0.0969127712246978,0.100269378518712,0.0980051269281844,0.0967499161367133,0.0966485158433126
"ORD-025223",2026-03-07,1,0.0969127712246978,0.114575910605528,0.101309589107254,0.0967499161367133,0.0966485158433126
"ORD-025228",2026-03-07,0,0.0969127712246978,0.0982312530128427,0.097468153443665,0.0967499161367133,0.0966485158433126
"ORD-025268",2026-03-07,0,0.0969127712246978,0.0705672029611574,0.0914851716775117,0.0967499161367133,0.0966485158433126
"ORD-025284",2026-03-07,0,0.0969127712246978,0.102447951460246,0.0986207337974055,0.0967499161367133,0.0966485158433126
"ORD-025285",2026-03-07,0,0.0969127712246978,0.133160925751021,0.105915637741329,0.0967499161367133,0.0966485158433126
"ORD-025289",2026-03-07,0,0.0969127712246978,0.0815049368142957,0.0936969873404329,0.0967499161367133,0.0966485158433126
"ORD-025306",2026-03-07,0,0.0969127712246978,0.0918789199570854,0.0961333926390009,0.0967499161367133,0.0966485158433126
"ORD-025331",2026-03-07,0,0.0969127712246978,0.147831025243421,0.108940680556069,0.0967499161367133,0.0966485158433126
"ORD-025360",2026-03-07,0,0.0969127712246978,0.0993757334067054,0.0979423665931709,0.0967499161367133,0.0966485158433126
"ORD-025361",2026-03-07,0,0.0969127712246978,0.117343012568571,0.101850758853648,0.0967499161367133,0.0966485158433126
"ORD-025362",2026-03-07,0,0.0969127712246978,0.078907031740401,0.0934839570169803,0.0967499161367133,0.0966485158433126
"ORD-025369",2026-03-07,0,0.0969127712246978,0.136386650744484,0.106350350677641,0.0967499161367133,0.0966485158433126
"ORD-025161",2026-03-07,0,0.0969127712246978,0.0815049368142957,0.0936969873404329,0.0967499161367133,0.0966485158433126
"ORD-025173",2026-03-07,0,0.0969127712246978,0.0898680545257543,0.0956572231946746,0.0967499161367133,0.0966485158433126
"ORD-025176",2026-03-07,0,0.0969127712246978,0.117520059315596,0.102081620842753,0.0967499161367133,0.0966485158433126
"ORD-025205",2026-03-07,0,0.0969127712246978,0.114602455219448,0.101387508948407,0.0967499161367133,0.0966485158433126
"ORD-025260",2026-03-07,0,0.0969127712246978,0.0903889004664239,0.0960231336517821,0.0967499161367133,0.0966485158433126
"ORD-025266",2026-03-07,0,0.0969127712246978,0.11414418268093,0.101162463140126,0.0967499161367133,0.0966485158433126
"ORD-025273",2026-03-07,0,0.0969127712246978,0.0953890672073654,0.0968973560985405,0.0967499161367133,0.0966485158433126
"ORD-025287",2026-03-07,0,0.0969127712246978,0.107447664127038,0.0999148074722374,0.0967499161367133,0.0966485158433126
"ORD-025312",2026-03-07,1,0.0969127712246978,0.150826076646894,0.109982614552485,0.100541500134285,0.102408918308548
"ORD-025328",2026-03-07,0,0.0969127712246978,0.115537889131268,0.101588243872306,0.0967499161367133,0.0966485158433126
"ORD-025341",2026-03-07,0,0.0969127712246978,0.0918789199570854,0.0961333926390009,0.0967499161367133,0.0966485158433126
"ORD-025374",2026-03-07,0,0.0969127712246978,0.114575910605528,0.101309589107254,0.0967499161367133,0.0966485158433126
"ORD-025382",2026-03-07,0,0.0969127712246978,0.100269378518712,0.0980051269281844,0.0967499161367133,0.0966485158433126
"ORD-025165",2026-03-07,0,0.0969127712246978,0.0918789199570854,0.0961333926390009,0.0967499161367133,0.0966485158433126
"ORD-025170",2026-03-07,0,0.0969127712246978,0.120104899988596,0.10268391022233,0.0967499161367133,0.0966485158433126
"ORD-025175",2026-03-07,0,0.0969127712246978,0.103078532612183,0.0988490075647367,0.0967499161367133,0.0966485158433126
"ORD-025184",2026-03-07,0,0.0969127712246978,0.128420382295287,0.104908533387503,0.0967499161367133,0.0966485158433126
"ORD-025193",2026-03-07,0,0.0969127712246978,0.0898680545257543,0.0956572231946746,0.0967499161367133,0.0966485158433126
"ORD-025201",2026-03-07,0,0.0969127712246978,0.111568156507746,0.100676215774772,0.0967499161367133,0.0966485158433126
"ORD-025234",2026-03-07,0,0.0969127712246978,0.102481750651101,0.0985296378523538,0.0967499161367133,0.0966485158433126
"ORD-025238",2026-03-07,0,0.0969127712246978,0.102100275294964,0.0985619190051061,0.0967499161367133,0.0966485158433126
"ORD-025247",2026-03-07,0,0.0969127712246978,0.0941850531753552,0.0967748883206142,0.0967499161367133,0.0966485158433126
"ORD-025281",2026-03-07,0,0.0969127712246978,0.110395359352502,0.10015291906918,0.0967499161367133,0.0966485158433126
"ORD-025298",2026-03-07,0,0.0969127712246978,0.150826076646894,0.109982614552485,0.100541500134285,0.102408918308548
"ORD-025308",2026-03-07,0,0.0969127712246978,0.125306333449389,0.10410962139793,0.0967499161367133,0.0966485158433126
"ORD-025352",2026-03-07,0,0.0969127712246978,0.147831025243421,0.108940680556069,0.0967499161367133,0.0966485158433126
"ORD-025194",2026-03-07,0,0.0969127712246978,0.0815049368142957,0.0936969873404329,0.0967499161367133,0.0966485158433126
"ORD-025246",2026-03-07,0,0.0969127712246978,0.0989236839460252,0.0977809357758501,0.0967499161367133,0.0966485158433126
"ORD-025256",2026-03-07,0,0.0969127712246978,0.0989236839460252,0.0977809357758501,0.0967499161367133,0.0966485158433126
"ORD-025257",2026-03-07,0,0.0969127712246978,0.102447951460246,0.0986207337974055,0.0967499161367133,0.0966485158433126
"ORD-025280",2026-03-07,0,0.0969127712246978,0.0907244124905689,0.095944176633325,0.0967499161367133,0.0966485158433126
"ORD-025282",2026-03-07,0,0.0969127712246978,0.125306333449389,0.10410962139793,0.0967499161367133,0.0966485158433126
"ORD-025290",2026-03-07,0,0.0969127712246978,0.0993757334067054,0.0979423665931709,0.0967499161367133,0.0966485158433126
"ORD-025294",2026-03-07,0,0.0969127712246978,0.157806315790055,0.112117696584353,0.0989612395558877,0.101471725540576
"ORD-025302",2026-03-07,0,0.0969127712246978,0.120104899988596,0.10268391022233,0.0967499161367133,0.0966485158433126
"ORD-025385",2026-03-07,0,0.0969127712246978,0.11414418268093,0.101162463140126,0.0967499161367133,0.0966485158433126
"ORD-025164",2026-03-07,1,0.0969127712246978,0.127921106072152,0.104105446673724,0.0967499161367133,0.0966485158433126
"ORD-025183",2026-03-07,0,0.0969127712246978,0.10678999605394,0.0999037362872899,0.0967499161367133,0.0966485158433126
"ORD-025220",2026-03-07,0,0.0969127712246978,0.0522182254804163,0.0882466077821991,0.0967499161367133,0.0966485158433126
"ORD-025224",2026-03-07,0,0.0969127712246978,0.15686018982938,0.111395161931947,0.100541500134285,0.102408918308548
"ORD-025237",2026-03-07,0,0.0969127712246978,0.0819453671349085,0.0944654305313198,0.0967499161367133,0.0966485158433126
"ORD-025253",2026-03-07,0,0.0969127712246978,0.15686018982938,0.111395161931947,0.100541500134285,0.102408918308548
"ORD-025261",2026-03-07,0,0.0969127712246978,0.0734309691213922,0.092768226606434,0.0967499161367133,0.0966485158433126
"ORD-025296",2026-03-07,0,0.0969127712246978,0.138603661500271,0.107282247656347,0.0967499161367133,0.0966485158433126
"ORD-025333",2026-03-07,0,0.0969127712246978,0.0958208398704438,0.097387532316564,0.0967499161367133,0.0966485158433126
"ORD-025172",2026-03-07,0,0.0969127712246978,0.106825057258948,0.0998115864627576,0.0967499161367133,0.0966485158433126
"ORD-025252",2026-03-07,0,0.0969127712246978,0.081494821936611,0.0943251056541621,0.0967499161367133,0.0966485158433126
"ORD-025255",2026-03-07,0,0.0969127712246978,0.119363615403277,0.1026235895559,0.0967499161367133,0.0966485158433126
"ORD-025263",2026-03-07,0,0.0969127712246978,0.0604976419483089,0.0900061423853545,0.0967499161367133,0.0966485158433126
"ORD-025277",2026-03-07,1,0.0969127712246978,0.0750226633886892,0.092998843022749,0.0967499161367133,0.0966485158433126
"ORD-025286",2026-03-07,1,0.0969127712246978,0.122230382363038,0.103170972557002,0.0967499161367133,0.0966485158433126
"ORD-025315",2026-03-07,0,0.0969127712246978,0.0909291957536518,0.0962974755549828,0.0967499161367133,0.0966485158433126
"ORD-025389",2026-03-07,0,0.0969127712246978,0.16617883308813,0.114253323822237,0.0995408243258331,0.102132575198061
"ORD-025181",2026-03-07,0,0.0969127712246978,0.119363615403277,0.1026235895559,0.0967499161367133,0.0966485158433126
"ORD-025215",2026-03-07,0,0.0969127712246978,0.153767012526281,0.11034150504251,0.0967499161367133,0.0966485158433126
"ORD-025233",2026-03-07,0,0.0969127712246978,0.116693009706858,0.102202173379379,0.0967499161367133,0.0966485158433126
"ORD-025249",2026-03-07,0,0.0969127712246978,0.081494821936611,0.0943251056541621,0.0967499161367133,0.0966485158433126
"ORD-025264",2026-03-07,0,0.0969127712246978,0.0937326061871037,0.0969058168545115,0.0967499161367133,0.0966485158433126
"ORD-025338",2026-03-07,0,0.0969127712246978,0.106429331653818,0.0998442411005162,0.0967499161367133,0.0966485158433126
"ORD-025378",2026-03-07,0,0.0969127712246978,0.101698350898955,0.100096976888458,0.0967499161367133,0.0966485158433126
"ORD-025404",2026-03-08,0,0.0969127712246978,0.0847972036262043,0.0946129649438602,0.0967499161367133,0.0966485158433126
"ORD-025406",2026-03-08,0,0.0969127712246978,0.115084804542026,0.101517092635499,0.0967499161367133,0.0966485158433126
"ORD-025408",2026-03-08,0,0.0969127712246978,0.103008503667635,0.0988182718983181,0.0967499161367133,0.0966485158433126
"ORD-025425",2026-03-08,0,0.0969127712246978,0.092325892200898,0.09645606498279,0.0967499161367133,0.0966485158433126
"ORD-025437",2026-03-08,0,0.0969127712246978,0.100476983784029,0.0982056620746813,0.0967499161367133,0.0966485158433126
"ORD-025471",2026-03-08,0,0.0969127712246978,0.0854353776264856,0.0947421409428775,0.0967499161367133,0.0966485158433126
"ORD-025476",2026-03-08,1,0.0969127712246978,0.108565320159384,0.100310229045137,0.0967499161367133,0.0966485158433126
"ORD-025477",2026-03-08,1,0.0969127712246978,0.0854353776264856,0.0947421409428775,0.0967499161367133,0.0966485158433126
"ORD-025484",2026-03-08,0,0.0969127712246978,0.134684950390445,0.106650207141568,0.0967499161367133,0.0966485158433126
"ORD-025492",2026-03-08,0,0.0969127712246978,0.092423928057842,0.0964299433108496,0.0967499161367133,0.0966485158433126
"ORD-025496",2026-03-08,1,0.0969127712246978,0.148031570971137,0.109625559753705,0.100541500134285,0.102408918308548
"ORD-025535",2026-03-08,0,0.0969127712246978,0.130643365698879,0.105570220122194,0.0967499161367133,0.0966485158433126
"ORD-025548",2026-03-08,0,0.0969127712246978,0.061018485915638,0.089305743226081,0.0967499161367133,0.0956981529605399
"ORD-025557",2026-03-08,0,0.0969127712246978,0.156923345583975,0.112444062881647,0.0995408243258331,0.102132575198061
"ORD-025564",2026-03-08,0,0.0969127712246978,0.154906072557943,0.111754580661351,0.0989612395558877,0.101471725540576
"ORD-025612",2026-03-08,0,0.0969127712246978,0.0900607547698487,0.0958164585038812,0.0967499161367133,0.0966485158433126
"ORD-025624",2026-03-08,0,0.0969127712246978,0.17079568652319,0.115257465379949,0.0967499161367133,0.0966485158433126
"ORD-025625",2026-03-08,0,0.0969127712246978,0.130643365698879,0.105570220122194,0.0967499161367133,0.0966485158433126
"ORD-025633",2026-03-08,0,0.0969127712246978,0.101327198171994,0.0983662701124565,0.0967499161367133,0.0966485158433126
"ORD-025637",2026-03-08,0,0.0969127712246978,0.100476983784029,0.0982056620746813,0.0967499161367133,0.0966485158433126
"ORD-025402",2026-03-08,0,0.0969127712246978,0.061018485915638,0.089305743226081,0.0967499161367133,0.0956981529605399
"ORD-025407",2026-03-08,0,0.0969127712246978,0.101327198171994,0.0983662701124565,0.0967499161367133,0.0966485158433126
"ORD-025410",2026-03-08,0,0.0969127712246978,0.105357156622338,0.0995867802632453,0.0967499161367133,0.0966485158433126
"ORD-025428",2026-03-08,0,0.0969127712246978,0.120488514794694,0.102438297750883,0.0967499161367133,0.0966485158433126
"ORD-025434",2026-03-08,1,0.0969127712246978,0.113309960272497,0.101255340706022,0.0967499161367133,0.0966485158433126
"ORD-025446",2026-03-08,0,0.0969127712246978,0.127569244109676,0.104851914912603,0.0967499161367133,0.0966485158433126
"ORD-025452",2026-03-08,0,0.0969127712246978,0.112364175049151,0.100977496454765,0.0967499161367133,0.0966485158433126
"ORD-025530",2026-03-08,1,0.0969127712246978,0.120488514794694,0.102438297750883,0.0967499161367133,0.0966485158433126
"ORD-025545",2026-03-08,0,0.0969127712246978,0.100476983784029,0.0982056620746813,0.0967499161367133,0.0966485158433126
"ORD-025550",2026-03-08,0,0.0969127712246978,0.115258889027376,0.101747283992693,0.0967499161367133,0.0966485158433126
"ORD-025553",2026-03-08,0,0.0969127712246978,0.100476983784029,0.0982056620746813,0.0967499161367133,0.0966485158433126
"ORD-025556",2026-03-08,0,0.0969127712246978,0.0925744833591042,0.0965186115297025,0.0967499161367133,0.0966485158433126
"ORD-025560",2026-03-08,0,0.0969127712246978,0.0765230338077349,0.0927983562488461,0.0967499161367133,0.0966485158433126
"ORD-025573",2026-03-08,1,0.0969127712246978,0.115084804542026,0.101517092635499,0.0967499161367133,0.0966485158433126
"ORD-025595",2026-03-08,0,0.0969127712246978,0.0956223157369509,0.0984869630703236,0.0967499161367133,0.0966485158433126
"ORD-025601",2026-03-08,0,0.0969127712246978,0.112390272296576,0.101055189596196,0.0967499161367133,0.0966485158433126
"ORD-025399",2026-03-08,0,0.0969127712246978,0.108254457169189,0.0998241968221176,0.0967499161367133,0.0966485158433126
"ORD-025405",2026-03-08,0,0.0969127712246978,0.100443771783996,0.0982964911478507,0.0967499161367133,0.0966485158433126
"ORD-025411",2026-03-08,1,0.0969127712246978,0.108254457169189,0.0998241968221176,0.0967499161367133,0.0966485158433126
"ORD-025413",2026-03-08,0,0.0969127712246978,0.130643365698879,0.105570220122194,0.0967499161367133,0.0966485158433126
"ORD-025431",2026-03-08,0,0.0969127712246978,0.0885973441953713,0.0957065245304617,0.0967499161367133,0.0966485158433126
"ORD-025450",2026-03-08,0,0.0969127712246978,0.0691386611455185,0.0911820159553225,0.0967499161367133,0.0966485158433126
"ORD-025451",2026-03-08,0,0.0969127712246978,0.106167530853699,0.0995046800282888,0.0967499161367133,0.0966485158433126
"ORD-025465",2026-03-08,0,0.0969127712246978,0.112364175049151,0.100977496454765,0.0967499161367133,0.0966485158433126
"ORD-025493",2026-03-08,0,0.0969127712246978,0.076948395118036,0.0929366428945419,0.0967499161367133,0.0966485158433126
"ORD-025574",2026-03-08,0,0.0969127712246978,0.122916216431808,0.103769410061854,0.0967499161367133,0.0966485158433126
"ORD-025578",2026-03-08,0,0.0969127712246978,0.0935085931181605,0.0965781724337625,0.0967499161367133,0.0966485158433126
"ORD-025596",2026-03-08,0,0.0969127712246978,0.088085821987381,0.0953416933124762,0.0967499161367133,0.0966485158433126
"ORD-025604",2026-03-08,0,0.0969127712246978,0.124532550845764,0.104115725627511,0.0967499161367133,0.0966485158433126
"ORD-025609",2026-03-08,0,0.0969127712246978,0.0854353776264856,0.0947421409428775,0.0967499161367133,0.0966485158433126
"ORD-025615",2026-03-08,0,0.0969127712246978,0.148031570971137,0.109625559753705,0.100541500134285,0.102408918308548
"ORD-025619",2026-03-08,0,0.0969127712246978,0.112390272296576,0.101055189596196,0.0967499161367133,0.0966485158433126
"ORD-025397",2026-03-08,0,0.0969127712246978,0.0765230338077349,0.0927983562488461,0.0967499161367133,0.0966485158433126
"ORD-025409",2026-03-08,0,0.0969127712246978,0.134684950390445,0.106650207141568,0.0967499161367133,0.0966485158433126
"ORD-025416",2026-03-08,0,0.0969127712246978,0.0885973441953713,0.0957065245304617,0.0967499161367133,0.0966485158433126
"ORD-025417",2026-03-08,0,0.0969127712246978,0.117800634436719,0.102347825604471,0.0967499161367133,0.0966485158433126
"ORD-025464",2026-03-08,0,0.0969127712246978,0.115084804542026,0.101517092635499,0.0967499161367133,0.0966485158433126
"ORD-025475",2026-03-08,0,0.0969127712246978,0.124532550845764,0.104115725627511,0.0967499161367133,0.0966485158433126
"ORD-025480",2026-03-08,0,0.0969127712246978,0.0717400171937041,0.0916911387002861,0.0967499161367133,0.0966485158433126
"ORD-025489",2026-03-08,0,0.0969127712246978,0.11846524825526,0.102610439715772,0.0967499161367133,0.0966485158433126
"ORD-025499",2026-03-08,0,0.0969127712246978,0.122916216431808,0.103769410061854,0.0967499161367133,0.0966485158433126
"ORD-025520",2026-03-08,0,0.0969127712246978,0.112364175049151,0.100977496454765,0.0967499161367133,0.0966485158433126
"ORD-025526",2026-03-08,1,0.0969127712246978,0.0689142250636833,0.0912641375454745,0.0967499161367133,0.0966485158433126
"ORD-025529",2026-03-08,0,0.0969127712246978,0.112364175049151,0.100977496454765,0.0967499161367133,0.0966485158433126
"ORD-025567",2026-03-08,0,0.0969127712246978,0.130643365698879,0.105570220122194,0.0967499161367133,0.0966485158433126
"ORD-025569",2026-03-08,0,0.0969127712246978,0.0885973441953713,0.0957065245304617,0.0967499161367133,0.0966485158433126
"ORD-025584",2026-03-08,0,0.0969127712246978,0.0567277226946863,0.0885424654860684,0.0967499161367133,0.0966485158433126
"ORD-025599",2026-03-08,0,0.0969127712246978,0.100476983784029,0.0982056620746813,0.0967499161367133,0.0966485158433126
"ORD-025602",2026-03-08,0,0.0969127712246978,0.060472810073351,0.0893426086901247,0.0967499161367133,0.0966485158433126
"ORD-025618",2026-03-08,0,0.0969127712246978,0.148031570971137,0.109625559753705,0.100541500134285,0.102408918308548
"ORD-025634",2026-03-08,0,0.0969127712246978,0.112364175049151,0.100977496454765,0.0967499161367133,0.0966485158433126
"ORD-025423",2026-03-08,0,0.0969127712246978,0.112390272296576,0.101055189596196,0.0967499161367133,0.0966485158433126
"ORD-025438",2026-03-08,0,0.0969127712246978,0.0765230338077349,0.0927983562488461,0.0967499161367133,0.0966485158433126
"ORD-025474",2026-03-08,0,0.0969127712246978,0.0900607547698487,0.0958164585038812,0.0967499161367133,0.0966485158433126
"ORD-025487",2026-03-08,0,0.0969127712246978,0.0963007135507345,0.0971472918075265,0.0967499161367133,0.0966485158433126
"ORD-025508",2026-03-08,0,0.0969127712246978,0.125979422218276,0.104566016066224,0.0967499161367133,0.0966485158433126
"ORD-025517",2026-03-08,0,0.0969127712246978,0.12443844403872,0.104071570410469,0.0967499161367133,0.0966485158433126
"ORD-025519",2026-03-08,0,0.0969127712246978,0.0966217585779758,0.0975436538211482,0.0967499161367133,0.0966485158433126
"ORD-025527",2026-03-08,0,0.0969127712246978,0.112364175049151,0.100977496454765,0.0967499161367133,0.0966485158433126
"ORD-025531",2026-03-08,1,0.0969127712246978,0.148031570971137,0.109625559753705,0.100541500134285,0.102408918308548
"ORD-025536",2026-03-08,0,0.0969127712246978,0.148031570971137,0.109625559753705,0.100541500134285,0.102408918308548
"ORD-025591",2026-03-08,0,0.0969127712246978,0.148031570971137,0.109625559753705,0.100541500134285,0.102408918308548
"ORD-025607",2026-03-08,0,0.0969127712246978,0.0900607547698487,0.0958164585038812,0.0967499161367133,0.0966485158433126
"ORD-025617",2026-03-08,1,0.0969127712246978,0.0765230338077349,0.0927983562488461,0.0967499161367133,0.0966485158433126
"ORD-025412",2026-03-08,0,0.0969127712246978,0.0922721894339573,0.0959308645862179,0.0967499161367133,0.0966485158433126
"ORD-025422",2026-03-08,0,0.0969127712246978,0.13557972209966,0.10586358490635,0.0967499161367133,0.0966485158433126
"ORD-025427",2026-03-08,0,0.0969127712246978,0.133939308885111,0.105363725595891,0.0967499161367133,0.0966485158433126
"ORD-025482",2026-03-08,0,0.0969127712246978,0.12415828023701,0.103013898920711,0.0967499161367133,0.0966485158433126
"ORD-025506",2026-03-08,0,0.0969127712246978,0.10092015985193,0.0977874441996539,0.0967499161367133,0.0966485158433126
"ORD-025523",2026-03-08,0,0.0969127712246978,0.0831678118721244,0.0941050679842919,0.0967499161367133,0.0966485158433126
"ORD-025540",2026-03-08,0,0.0969127712246978,0.144838720811217,0.107970520367715,0.0967499161367133,0.0966485158433126
"ORD-025541",2026-03-08,0,0.0969127712246978,0.183095776280587,0.11667041898749,0.0967499161367133,0.0966485158433126
"ORD-025544",2026-03-08,0,0.0969127712246978,0.11445576890137,0.100746508759395,0.0967499161367133,0.0966485158433126
"ORD-025559",2026-03-08,0,0.0969127712246978,0.121098487955867,0.102314170243793,0.0967499161367133,0.0966485158433126
"ORD-025579",2026-03-08,0,0.0969127712246978,0.0863077745682634,0.0945607554042045,0.0967499161367133,0.0966485158433126
"ORD-025581",2026-03-08,0,0.0969127712246978,0.16629133378887,0.113130082959781,0.0989612395558877,0.101471725540576
"ORD-025582",2026-03-08,0,0.0969127712246978,0.0996540224966461,0.0976639731044996,0.0967499161367133,0.0966485158433126
"ORD-025583",2026-03-08,0,0.0969127712246978,0.0915880609323565,0.0958002393437481,0.0967499161367133,0.0966485158433126
"ORD-025613",2026-03-08,0,0.0969127712246978,0.1042516994309,0.0987636929576781,0.0967499161367133,0.0966485158433126
"ORD-025621",2026-03-08,0,0.0969127712246978,0.103182347944406,0.0997174970732359,0.0967499161367133,0.0966485158433126
"ORD-025629",2026-03-08,0,0.0969127712246978,0.0654550037631262,0.0904703553548102,0.0967499161367133,0.0966485158433126
"ORD-025635",2026-03-08,0,0.0969127712246978,0.129015491058078,0.104321072174643,0.0967499161367133,0.0966485158433126
"ORD-025414",2026-03-08,0,0.0969127712246978,0.120617777828139,0.102087301234459,0.0967499161367133,0.0966485158433126
"ORD-025419",2026-03-08,0,0.0969127712246978,0.0654550037631262,0.0904703553548102,0.0967499161367133,0.0966485158433126
"ORD-025436",2026-03-08,0,0.0969127712246978,0.113590170463343,0.100829518885959,0.0967499161367133,0.0966485158433126
"ORD-025440",2026-03-08,0,0.0969127712246978,0.0614215399082776,0.0896611065874495,0.0967499161367133,0.0966485158433126
"ORD-025503",2026-03-08,0,0.0969127712246978,0.07631764589645,0.0927520803384187,0.0967499161367133,0.0966485158433126
"ORD-025511",2026-03-08,0,0.0969127712246978,0.0660424762232948,0.0904330707593137,0.0967499161367133,0.0956981529605399
"ORD-025516",2026-03-08,0,0.0969127712246978,0.11329934231855,0.100678225982843,0.0967499161367133,0.0966485158433126
"ORD-025539",2026-03-08,0,0.0969127712246978,0.0618006793395399,0.0896377196818334,0.0967499161367133,0.0966485158433126
"ORD-025543",2026-03-08,0,0.0969127712246978,0.132318423261021,0.105058253540168,0.0967499161367133,0.0966485158433126
"ORD-025546",2026-03-08,0,0.0969127712246978,0.12415828023701,0.103013898920711,0.0967499161367133,0.0966485158433126
"ORD-025555",2026-03-08,0,0.0969127712246978,0.0827111510641808,0.0939652228648973,0.0967499161367133,0.0966485158433126
"ORD-025565",2026-03-08,1,0.0969127712246978,0.0761504027261654,0.0926435027686266,0.0967499161367133,0.0966485158433126
"ORD-025587",2026-03-08,0,0.0969127712246978,0.0775738412590553,0.0928455077791898,0.0967499161367133,0.0966485158433126
"ORD-025588",2026-03-08,0,0.0969127712246978,0.103182347944406,0.0997174970732359,0.0967499161367133,0.0966485158433126
"ORD-025592",2026-03-08,0,0.0969127712246978,0.117915101222509,0.101597111006101,0.0967499161367133,0.0966485158433126
"ORD-025608",2026-03-08,0,0.0969127712246978,0.127576510769048,0.103886557039828,0.0967499161367133,0.0966485158433126
"ORD-025628",2026-03-08,0,0.0969127712246978,0.1092837636965,0.0995954627270388,0.0967499161367133,0.0966485158433126
"ORD-025426",2026-03-08,0,0.0969127712246978,0.0956607204176562,0.0969060529462793,0.0967499161367133,0.0966485158433126
"ORD-025435",2026-03-08,0,0.0969127712246978,0.1042516994309,0.0987636929576781,0.0967499161367133,0.0966485158433126
"ORD-025448",2026-03-08,0,0.0969127712246978,0.0996540224966461,0.0976639731044996,0.0967499161367133,0.0966485158433126
"ORD-025502",2026-03-08,0,0.0969127712246978,0.1042516994309,0.0987636929576781,0.0967499161367133,0.0966485158433126
"ORD-025504",2026-03-08,0,0.0969127712246978,0.122079634321277,0.102516530538584,0.0967499161367133,0.0966485158433126
"ORD-025518",2026-03-08,0,0.0969127712246978,0.0996540224966461,0.0976639731044996,0.0967499161367133,0.0966485158433126
"ORD-025549",2026-03-08,0,0.0969127712246978,0.0996540224966461,0.0976639731044996,0.0967499161367133,0.0966485158433126
"ORD-025570",2026-03-08,0,0.0969127712246978,0.140541931946051,0.106878762846085,0.0967499161367133,0.0966485158433126
"ORD-025576",2026-03-08,0,0.0969127712246978,0.16629133378887,0.113130082959781,0.0989612395558877,0.101471725540576
"ORD-025594",2026-03-08,0,0.0969127712246978,0.109001770022252,0.0997550430596102,0.0967499161367133,0.0966485158433126
"ORD-025620",2026-03-08,0,0.0969127712246978,0.0745367101745687,0.0924136777357755,0.0967499161367133,0.0966485158433126
"ORD-025626",2026-03-08,0,0.0969127712246978,0.0999201728450281,0.0977272181969077,0.0967499161367133,0.0966485158433126
"ORD-025638",2026-03-08,0,0.0969127712246978,0.0775738412590553,0.0928455077791898,0.0967499161367133,0.0966485158433126
"ORD-025439",2026-03-08,0,0.0969127712246978,0.0960137352340053,0.0968264476919912,0.0967499161367133,0.0966485158433126
"ORD-025443",2026-03-08,0,0.0969127712246978,0.113590170463343,0.100829518885959,0.0967499161367133,0.0966485158433126
"ORD-025459",2026-03-08,1,0.0969127712246978,0.0996540224966461,0.0976639731044996,0.0967499161367133,0.0966485158433126
"ORD-025468",2026-03-08,0,0.0969127712246978,0.15900663738729,0.110978131562557,0.100541500134285,0.102408918308548
"ORD-025501",2026-03-08,0,0.0969127712246978,0.143916771223372,0.107316954290695,0.0967499161367133,0.0966485158433126
"ORD-025572",2026-03-08,0,0.0969127712246978,0.108339330437033,0.0995249080488397,0.0967499161367133,0.0966485158433126
"ORD-025577",2026-03-08,0,0.0969127712246978,0.0827111510641808,0.0939652228648973,0.0967499161367133,0.0966485158433126
"ORD-025589",2026-03-08,0,0.0969127712246978,0.0827111510641808,0.0939652228648973,0.0967499161367133,0.0966485158433126
"ORD-025611",2026-03-08,0,0.0969127712246978,0.0817206356775277,0.0937646992808823,0.0967499161367133,0.0966485158433126
"ORD-025614",2026-03-08,0,0.0969127712246978,0.0654550037631262,0.0904703553548102,0.0967499161367133,0.0966485158433126
"ORD-025630",2026-03-08,0,0.0969127712246978,0.121070644454476,0.102235619255212,0.0967499161367133,0.0966485158433126
"ORD-025424",2026-03-08,0,0.0969127712246978,0.15900663738729,0.110978131562557,0.100541500134285,0.102408918308548
"ORD-025429",2026-03-08,1,0.0969127712246978,0.126868137419615,0.103621054045445,0.0967499161367133,0.0966485158433126
"ORD-025442",2026-03-08,0,0.0969127712246978,0.168427322745296,0.113826963988398,0.0995408243258331,0.102132575198061
"ORD-025460",2026-03-08,0,0.0969127712246978,0.0831678118721244,0.0941050679842919,0.0967499161367133,0.0966485158433126
"ORD-025469",2026-03-08,0,0.0969127712246978,0.103908218439422,0.0983629137438837,0.0967499161367133,0.0966485158433126
"ORD-025497",2026-03-08,0,0.0969127712246978,0.11445576890137,0.100746508759395,0.0967499161367133,0.0966485158433126
"ORD-025498",2026-03-08,0,0.0969127712246978,0.0614215399082776,0.0896611065874495,0.0967499161367133,0.0966485158433126
"ORD-025513",2026-03-08,0,0.0969127712246978,0.12415828023701,0.103013898920711,0.0967499161367133,0.0966485158433126
"ORD-025515",2026-03-08,0,0.0969127712246978,0.13557972209966,0.10586358490635,0.0967499161367133,0.0966485158433126
"ORD-025522",2026-03-08,1,0.0969127712246978,0.0660424762232948,0.0904330707593137,0.0967499161367133,0.0956981529605399
"ORD-025532",2026-03-08,0,0.0969127712246978,0.155878958870677,0.109927931273603,0.0967499161367133,0.0966485158433126
"ORD-025538",2026-03-08,0,0.0969127712246978,0.140541931946051,0.106878762846085,0.0967499161367133,0.0966485158433126
"ORD-025542",2026-03-08,1,0.0969127712246978,0.110343744249302,0.100141844965772,0.0967499161367133,0.0966485158433126
"ORD-025547",2026-03-08,0,0.0969127712246978,0.117016241771883,0.101560977261622,0.0967499161367133,0.0966485158433126
"ORD-025603",2026-03-08,0,0.0969127712246978,0.121070644454476,0.102235619255212,0.0967499161367133,0.0966485158433126
"ORD-025636",2026-03-08,0,0.0969127712246978,0.127478688364479,0.103715705055726,0.0967499161367133,0.0966485158433126
"ORD-025640",2026-03-08,0,0.0969127712246978,0.0745367101745687,0.0924136777357755,0.0967499161367133,0.0966485158433126
"ORD-025430",2026-03-08,0,0.0969127712246978,0.0581678859744287,0.0891107015429924,0.0967499161367133,0.0966485158433126
"ORD-025441",2026-03-08,0,0.0969127712246978,0.103775054652076,0.0989907048466418,0.0967499161367133,0.0966485158433126
"ORD-025444",2026-03-08,1,0.0969127712246978,0.115044529168968,0.101616639218093,0.0967499161367133,0.0966485158433126
"ORD-025455",2026-03-08,0,0.0969127712246978,0.125812603592038,0.104424171793305,0.0967499161367133,0.0966485158433126
"ORD-025466",2026-03-08,0,0.0969127712246978,0.0902459172973572,0.0959489710817426,0.0967499161367133,0.0966485158433126
"ORD-025472",2026-03-08,0,0.0969127712246978,0.137256327500663,0.107522634800114,0.0967499161367133,0.0966485158433126
"ORD-025505",2026-03-08,0,0.0969127712246978,0.0986404689051297,0.0977648274502394,0.0967499161367133,0.0966485158433126
"ORD-025514",2026-03-08,0,0.0969127712246978,0.107890680530659,0.100218101677402,0.0967499161367133,0.0966485158433126
"ORD-025563",2026-03-08,0,0.0969127712246978,0.160474457519551,0.113146649571114,0.0995408243258331,0.102132575198061
"ORD-025566",2026-03-08,0,0.0969127712246978,0.0706406013488393,0.0918480802497173,0.0967499161367133,0.0966485158433126
"ORD-025568",2026-03-08,1,0.0969127712246978,0.0818507980816292,0.0939833779656071,0.0967499161367133,0.0966485158433126
"ORD-025585",2026-03-08,0,0.0969127712246978,0.0625603554678768,0.089878394710306,0.0967499161367133,0.0956981529605399
"ORD-025586",2026-03-08,0,0.0969127712246978,0.130339336659908,0.105286776702239,0.0967499161367133,0.0966485158433126
"ORD-025593",2026-03-08,0,0.0969127712246978,0.0997891894300809,0.0982403268968888,0.0967499161367133,0.0966485158433126
"ORD-025616",2026-03-08,0,0.0969127712246978,0.102906652796619,0.0988291890138486,0.0967499161367133,0.0966485158433126
"ORD-025622",2026-03-08,0,0.0969127712246978,0.104787890201361,0.0995341361267246,0.0967499161367133,0.0966485158433126
"ORD-025403",2026-03-08,0,0.0969127712246978,0.111166404701088,0.100945622532929,0.0967499161367133,0.0966485158433126
"ORD-025420",2026-03-08,0,0.0969127712246978,0.127365492038998,0.104728015916629,0.0967499161367133,0.0966485158433126
"ORD-025421",2026-03-08,0,0.0969127712246978,0.11799911475467,0.102390744244693,0.0967499161367133,0.0966485158433126
"ORD-025433",2026-03-08,0,0.0969127712246978,0.0555343725417838,0.0885025267861565,0.0967499161367133,0.0966485158433126
"ORD-025458",2026-03-08,0,0.0969127712246978,0.115044529168968,0.101616639218093,0.0967499161367133,0.0966485158433126
"ORD-025463",2026-03-08,0,0.0969127712246978,0.0986404689051297,0.0977648274502394,0.0967499161367133,0.0966485158433126
"ORD-025509",2026-03-08,0,0.0969127712246978,0.100686136920332,0.0983032573545496,0.0967499161367133,0.0966485158433126
"ORD-025524",2026-03-08,0,0.0969127712246978,0.0818507980816292,0.0939833779656071,0.0967499161367133,0.0966485158433126
"ORD-025534",2026-03-08,0,0.0969127712246978,0.103775054652076,0.0989907048466418,0.0967499161367133,0.0966485158433126
"ORD-025537",2026-03-08,0,0.0969127712246978,0.110849019971901,0.100456855399027,0.0967499161367133,0.0966485158433126
"ORD-025551",2026-03-08,0,0.0969127712246978,0.125812603592038,0.104424171793305,0.0967499161367133,0.0966485158433126
"ORD-025552",2026-03-08,0,0.0969127712246978,0.0625603554678768,0.089878394710306,0.0967499161367133,0.0956981529605399
"ORD-025575",2026-03-08,0,0.0969127712246978,0.125812603592038,0.104424171793305,0.0967499161367133,0.0966485158433126
"ORD-025610",2026-03-08,0,0.0969127712246978,0.104787890201361,0.0995341361267246,0.0967499161367133,0.0966485158433126
"ORD-025627",2026-03-08,1,0.0969127712246978,0.128937379373086,0.105225214059687,0.0967499161367133,0.0966485158433126
"ORD-025398",2026-03-08,0,0.0969127712246978,0.115044529168968,0.101616639218093,0.0967499161367133,0.0966485158433126
"ORD-025454",2026-03-08,0,0.0969127712246978,0.0948332054537404,0.0971325807853588,0.0967499161367133,0.0966485158433126
"ORD-025467",2026-03-08,0,0.0969127712246978,0.0613825132612069,0.0896678569568912,0.0967499161367133,0.0966485158433126
"ORD-025479",2026-03-08,0,0.0969127712246978,0.0945791811086244,0.0970696791173183,0.0967499161367133,0.0966485158433126
"ORD-025481",2026-03-08,0,0.0969127712246978,0.10549220914652,0.0994452594940695,0.0967499161367133,0.0966485158433126
"ORD-025512",2026-03-08,0,0.0969127712246978,0.0788589898400108,0.0935301855080011,0.0967499161367133,0.0966485158433126
"ORD-025525",2026-03-08,0,0.0969127712246978,0.0735315921394585,0.0922775360879379,0.0967499161367133,0.0966485158433126
"ORD-025554",2026-03-08,0,0.0969127712246978,0.0706406013488393,0.0918480802497173,0.0967499161367133,0.0966485158433126
"ORD-025561",2026-03-08,0,0.0969127712246978,0.130339336659908,0.105286776702239,0.0967499161367133,0.0966485158433126
"ORD-025597",2026-03-08,0,0.0969127712246978,0.111166404701088,0.100945622532929,0.0967499161367133,0.0966485158433126
"ORD-025606",2026-03-08,0,0.0969127712246978,0.11799911475467,0.102390744244693,0.0967499161367133,0.0966485158433126
"ORD-025623",2026-03-08,1,0.0969127712246978,0.103505623739729,0.0991494228869526,0.0967499161367133,0.0966485158433126
"ORD-025396",2026-03-08,0,0.0969127712246978,0.117821442655849,0.102159262698226,0.0967499161367133,0.0966485158433126
"ORD-025400",2026-03-08,0,0.0969127712246978,0.062001801476834,0.0899154732256704,0.0967499161367133,0.0966485158433126
"ORD-025418",2026-03-08,0,0.0969127712246978,0.120593052323247,0.10299464827329,0.0967499161367133,0.0966485158433126
"ORD-025432",2026-03-08,0,0.0969127712246978,0.117821442655849,0.102159262698226,0.0967499161367133,0.0966485158433126
"ORD-025478",2026-03-08,0,0.0969127712246978,0.115044529168968,0.101616639218093,0.0967499161367133,0.0966485158433126
"ORD-025483",2026-03-08,0,0.0969127712246978,0.0979473749679626,0.0991120797495676,0.0967499161367133,0.0966485158433126
"ORD-025485",2026-03-08,0,0.0969127712246978,0.11799911475467,0.102390744244693,0.0967499161367133,0.0966485158433126
"ORD-025490",2026-03-08,0,0.0969127712246978,0.10549220914652,0.0994452594940695,0.0967499161367133,0.0966485158433126
"ORD-025500",2026-03-08,0,0.0969127712246978,0.111166404701088,0.100945622532929,0.0967499161367133,0.0966485158433126
"ORD-025507",2026-03-08,0,0.0969127712246978,0.0948332054537404,0.0971325807853588,0.0967499161367133,0.0966485158433126
"ORD-025510",2026-03-08,0,0.0969127712246978,0.0875367161904556,0.0953460023554042,0.0967499161367133,0.0966485158433126
"ORD-025521",2026-03-08,1,0.0969127712246978,0.098968459913367,0.0981634350755692,0.0967499161367133,0.0966485158433126
"ORD-025562",2026-03-08,0,0.0969127712246978,0.0774804538914044,0.0931916821954513,0.0967499161367133,0.0966485158433126
"ORD-025598",2026-03-08,0,0.0969127712246978,0.0922643805731869,0.0964264379586213,0.0967499161367133,0.0966485158433126
"ORD-025600",2026-03-08,0,0.0969127712246978,0.0625603554678768,0.089878394710306,0.0967499161367133,0.0956981529605399
"ORD-025605",2026-03-08,0,0.0969127712246978,0.0613825132612069,0.0896678569568912,0.0967499161367133,0.0966485158433126
"ORD-025632",2026-03-08,0,0.0969127712246978,0.130558953743526,0.105512702872512,0.0967499161367133,0.0966485158433126
"ORD-025639",2026-03-08,0,0.0969127712246978,0.110849019971901,0.100456855399027,0.0967499161367133,0.0966485158433126
"ORD-025415",2026-03-08,0,0.0969127712246978,0.0653349060945617,0.0910591536381613,0.0967499161367133,0.0956981529605399
"ORD-025461",2026-03-08,0,0.0969127712246978,0.0822929298932873,0.0947539243842653,0.0967499161367133,0.0966485158433126
"ORD-025470",2026-03-08,0,0.0969127712246978,0.131000378916418,0.105773814255016,0.0967499161367133,0.0966485158433126
"ORD-025494",2026-03-08,0,0.0969127712246978,0.134234217227662,0.106583977538707,0.0967499161367133,0.0966485158433126
"ORD-025528",2026-03-08,0,0.0969127712246978,0.122910006128059,0.103717149082703,0.0967499161367133,0.0966485158433126
"ORD-025558",2026-03-08,0,0.0969127712246978,0.0987283662032555,0.0983081294763976,0.0967499161367133,0.0966485158433126
"ORD-025401",2026-03-08,0,0.0969127712246978,0.13568479662135,0.106646240385313,0.0967499161367133,0.0966485158433126
"ORD-025462",2026-03-08,0,0.0969127712246978,0.157470994500661,0.111728979222506,0.100541500134285,0.102408918308548
"ORD-025491",2026-03-08,0,0.0969127712246978,0.0906333585615184,0.096459539423474,0.0967499161367133,0.0966485158433126
"ORD-025571",2026-03-08,0,0.0969127712246978,0.113292424715069,0.101436030453291,0.0967499161367133,0.0966485158433126
"ORD-025580",2026-03-08,1,0.0969127712246978,0.181377662049955,0.117454690964662,0.0967499161367133,0.0966485158433126
"ORD-025445",2026-03-08,0,0.0969127712246978,0.181377662049955,0.117454690964662,0.0967499161367133,0.0966485158433126
"ORD-025447",2026-03-08,0,0.0969127712246978,0.134234217227662,0.106583977538707,0.0967499161367133,0.0966485158433126
"ORD-025449",2026-03-08,0,0.0969127712246978,0.122725968553852,0.103483014556104,0.0967499161367133,0.0966485158433126
"ORD-025453",2026-03-08,1,0.0969127712246978,0.0653349060945617,0.0910591536381613,0.0967499161367133,0.0956981529605399
"ORD-025456",2026-03-08,0,0.0969127712246978,0.102120374539683,0.10040076239134,0.0967499161367133,0.0966485158433126
"ORD-025457",2026-03-08,1,0.0969127712246978,0.122725968553852,0.103483014556104,0.0967499161367133,0.0966485158433126
"ORD-025473",2026-03-08,0,0.0969127712246978,0.131000378916418,0.105773814255016,0.0967499161367133,0.0966485158433126
"ORD-025486",2026-03-08,0,0.0969127712246978,0.119849165251009,0.102934166006595,0.0967499161367133,0.0966485158433126
"ORD-025488",2026-03-08,0,0.0969127712246978,0.11214626366212,0.10136733302079,0.0967499161367133,0.0966485158433126
"ORD-025495",2026-03-08,0,0.0969127712246978,0.134234217227662,0.106583977538707,0.0967499161367133,0.0966485158433126
"ORD-025533",2026-03-08,0,0.0969127712246978,0.115830276688849,0.102255439415095,0.0967499161367133,0.0966485158433126
"ORD-025590",2026-03-08,1,0.0969127712246978,0.14341657388993,0.108703507450148,0.0967499161367133,0.0966485158433126
"ORD-025631",2026-03-08,1,0.0969127712246978,0.0950177255610067,0.0974920486907432,0.0967499161367133,0.0966485158433126
"ORD-025644",2026-03-09,0,0.0969127712246978,0.047626207572836,0.084178690398494,0.0967499161367133,0.0966485158433126
"ORD-025677",2026-03-09,0,0.0969127712246978,0.126342501547838,0.106100471129155,0.0995408243258331,0.102132575198061
"ORD-025685",2026-03-09,1,0.0969127712246978,0.0798543627443787,0.0925815479841537,0.0967499161367133,0.0966485158433126
"ORD-025690",2026-03-09,0,0.0969127712246978,0.0543781527522474,0.0859996451042329,0.0967499161367133,0.0966485158433126
"ORD-025699",2026-03-09,1,0.0969127712246978,0.061130282204248,0.0878107968703073,0.0967499161367133,0.0966485158433126
"ORD-025745",2026-03-09,0,0.0969127712246978,0.0864421232746102,0.0945782295585687,0.0967499161367133,0.0966485158433126
"ORD-025753",2026-03-09,1,0.0969127712246978,0.118939074556306,0.103422447027059,0.100541500134285,0.102408918308548
"ORD-025769",2026-03-09,0,0.0969127712246978,0.124660221562456,0.105445265233408,0.0989612395558877,0.101471725540576
"ORD-025785",2026-03-09,0,0.0969127712246978,0.0732400436160043,0.0909220458734375,0.0967499161367133,0.0966485158433126
"ORD-025786",2026-03-09,0,0.0969127712246978,0.107167111784537,0.0999824994370148,0.0967499161367133,0.0966485158433126
"ORD-025788",2026-03-09,0,0.0969127712246978,0.0874749021416831,0.0948172079876226,0.0967499161367133,0.0966485158433126
"ORD-025792",2026-03-09,0,0.0969127712246978,0.0844866409872701,0.0938139119583024,0.0967499161367133,0.0966485158433126
"ORD-025796",2026-03-09,0,0.0969127712246978,0.0895659486814031,0.0952851294788659,0.0967499161367133,0.0966485158433126
"ORD-025802",2026-03-09,0,0.0969127712246978,0.0813523971876776,0.0932465419576332,0.0967499161367133,0.0966485158433126
"ORD-025810",2026-03-09,0,0.0969127712246978,0.0994414831679311,0.0981480849350381,0.0967499161367133,0.0966485158433126
"ORD-025849",2026-03-09,0,0.0969127712246978,0.0895446166233885,0.0952114026176146,0.0967499161367133,0.0966485158433126
"ORD-025669",2026-03-09,0,0.0969127712246978,0.054604130388971,0.0858868317067512,0.0967499161367133,0.0966485158433126
"ORD-025684",2026-03-09,0,0.0969127712246978,0.0871293023850821,0.0946121405748047,0.0967499161367133,0.0966485158433126
"ORD-025701",2026-03-09,0,0.0969127712246978,0.118939074556306,0.103422447027059,0.100541500134285,0.102408918308548
"ORD-025719",2026-03-09,0,0.0969127712246978,0.0803311721869084,0.0928836243309295,0.0967499161367133,0.0966485158433126
"ORD-025734",2026-03-09,0,0.0969127712246978,0.0773750144371237,0.0920261102603003,0.0967499161367133,0.0966485158433126
"ORD-025756",2026-03-09,0,0.0969127712246978,0.0836044261142901,0.0937498380224783,0.0967499161367133,0.0966485158433126
"ORD-025778",2026-03-09,0,0.0969127712246978,0.0919123284514003,0.0959419241662581,0.0967499161367133,0.0966485158433126
"ORD-025800",2026-03-09,0,0.0969127712246978,0.0961978315646146,0.0965977509472058,0.0967499161367133,0.0966485158433126
"ORD-025823",2026-03-09,0,0.0969127712246978,0.0557064242789981,0.0863167944068734,0.0967499161367133,0.0966485158433126
"ORD-025828",2026-03-09,0,0.0969127712246978,0.087089613218079,0.094568127273459,0.0967499161367133,0.0966485158433126
"ORD-025830",2026-03-09,0,0.0969127712246978,0.0956458027126023,0.0971690802923953,0.0967499161367133,0.0966485158433126
"ORD-025831",2026-03-09,0,0.0969127712246978,0.0994414831679311,0.0981480849350381,0.0967499161367133,0.0966485158433126
"ORD-025843",2026-03-09,1,0.0969127712246978,0.0895446166233885,0.0952114026176146,0.0967499161367133,0.0966485158433126
"ORD-025645",2026-03-09,0,0.0969127712246978,0.093993921158111,0.0965118824398185,0.0967499161367133,0.0966485158433126
"ORD-025651",2026-03-09,0,0.0969127712246978,0.0608283882114032,0.087584971998197,0.0967499161367133,0.0966485158433126
"ORD-025670",2026-03-09,0,0.0969127712246978,0.0919123284514003,0.0959419241662581,0.0967499161367133,0.0966485158433126
"ORD-025672",2026-03-09,0,0.0969127712246978,0.0798543627443787,0.0925815479841537,0.0967499161367133,0.0966485158433126
"ORD-025678",2026-03-09,0,0.0969127712246978,0.0836044261142901,0.0937498380224783,0.0967499161367133,0.0966485158433126
"ORD-025697",2026-03-09,0,0.0969127712246978,0.0425902152163928,0.0828476861950971,0.0967499161367133,0.0966485158433126
"ORD-025703",2026-03-09,0,0.0969127712246978,0.0698090788521767,0.0898652506474042,0.0967499161367133,0.0966485158433126
"ORD-025707",2026-03-09,0,0.0969127712246978,0.104548805539809,0.0995709152859391,0.0967499161367133,0.0966485158433126
"ORD-025725",2026-03-09,0,0.0969127712246978,0.0861884825362114,0.0941170651686652,0.0967499161367133,0.0966485158433126
"ORD-025726",2026-03-09,1,0.0969127712246978,0.0714063238631375,0.0903154677740246,0.0967499161367133,0.0966485158433126
"ORD-025733",2026-03-09,0,0.0969127712246978,0.102016651790711,0.098888916607813,0.0967499161367133,0.0966485158433126
"ORD-025779",2026-03-09,0,0.0969127712246978,0.0798543627443787,0.0925815479841537,0.0967499161367133,0.0966485158433126
"ORD-025789",2026-03-09,1,0.0969127712246978,0.0919123284514003,0.0959419241662581,0.0967499161367133,0.0966485158433126
"ORD-025791",2026-03-09,0,0.0969127712246978,0.0956458027126023,0.0971690802923953,0.0967499161367133,0.0966485158433126
"ORD-025818",2026-03-09,0,0.0969127712246978,0.0608283882114032,0.087584971998197,0.0967499161367133,0.0966485158433126
"ORD-025822",2026-03-09,0,0.0969127712246978,0.0803311721869084,0.0928836243309295,0.0967499161367133,0.0966485158433126
"ORD-025833",2026-03-09,0,0.0969127712246978,0.0759120135938359,0.0928483978813658,0.0967499161367133,0.0966485158433126
"ORD-025856",2026-03-09,0,0.0969127712246978,0.0764623982742131,0.0915776341152096,0.0967499161367133,0.0966485158433126
"ORD-025859",2026-03-09,0,0.0969127712246978,0.0917698485289752,0.0957234671218967,0.0967499161367133,0.0966485158433126
"ORD-025647",2026-03-09,0,0.0969127712246978,0.118939074556306,0.103422447027059,0.100541500134285,0.102408918308548
"ORD-025673",2026-03-09,1,0.0969127712246978,0.104548805539809,0.0995709152859391,0.0967499161367133,0.0966485158433126
"ORD-025723",2026-03-09,0,0.0969127712246978,0.102016651790711,0.098888916607813,0.0967499161367133,0.0966485158433126
"ORD-025729",2026-03-09,1,0.0969127712246978,0.0425902152163928,0.0828476861950971,0.0967499161367133,0.0966485158433126
"ORD-025737",2026-03-09,0,0.0969127712246978,0.118939074556306,0.103422447027059,0.100541500134285,0.102408918308548
"ORD-025749",2026-03-09,0,0.0969127712246978,0.0981907455232642,0.0978612442359172,0.0967499161367133,0.0966485158433126
"ORD-025759",2026-03-09,0,0.0969127712246978,0.0480618922119629,0.0841437588408115,0.0967499161367133,0.0956981529605399
"ORD-025771",2026-03-09,0,0.0969127712246978,0.100708517353391,0.0986174857547576,0.0967499161367133,0.0966485158433126
"ORD-025801",2026-03-09,0,0.0969127712246978,0.0773750144371237,0.0920261102603003,0.0967499161367133,0.0966485158433126
"ORD-025813",2026-03-09,0,0.0969127712246978,0.093993921158111,0.0965118824398185,0.0967499161367133,0.0966485158433126
"ORD-025827",2026-03-09,0,0.0969127712246978,0.116490361061156,0.102435508678512,0.0967499161367133,0.0966485158433126
"ORD-025848",2026-03-09,0,0.0969127712246978,0.0795496496421236,0.0926120805764464,0.0967499161367133,0.0966485158433126
"ORD-025855",2026-03-09,0,0.0969127712246978,0.0895446166233885,0.0952114026176146,0.0967499161367133,0.0966485158433126
"ORD-025648",2026-03-09,0,0.0969127712246978,0.0604862971087222,0.0874538807038997,0.0967499161367133,0.0966485158433126
"ORD-025656",2026-03-09,0,0.0969127712246978,0.0813523971876776,0.0932465419576332,0.0967499161367133,0.0966485158433126
"ORD-025671",2026-03-09,0,0.0969127712246978,0.100708517353391,0.0986174857547576,0.0967499161367133,0.0966485158433126
"ORD-025695",2026-03-09,0,0.0969127712246978,0.0698090788521767,0.0898652506474042,0.0967499161367133,0.0966485158433126
"ORD-025708",2026-03-09,1,0.0969127712246978,0.0449194139044781,0.0833986499559856,0.0967499161367133,0.0966485158433126
"ORD-025717",2026-03-09,0,0.0969127712246978,0.124660221562456,0.105445265233408,0.0989612395558877,0.101471725540576
"ORD-025720",2026-03-09,0,0.0969127712246978,0.0798543627443787,0.0925815479841537,0.0967499161367133,0.0966485158433126
"ORD-025732",2026-03-09,0,0.0969127712246978,0.0732400436160043,0.0909220458734375,0.0967499161367133,0.0966485158433126
"ORD-025735",2026-03-09,0,0.0969127712246978,0.0813523971876776,0.0932465419576332,0.0967499161367133,0.0966485158433126
"ORD-025748",2026-03-09,0,0.0969127712246978,0.0734414033650383,0.0909813652492636,0.0967499161367133,0.0966485158433126
"ORD-025754",2026-03-09,0,0.0969127712246978,0.0734414033650383,0.0909813652492636,0.0967499161367133,0.0966485158433126
"ORD-025755",2026-03-09,1,0.0969127712246978,0.0732400436160043,0.0909220458734375,0.0967499161367133,0.0966485158433126
"ORD-025766",2026-03-09,1,0.0969127712246978,0.0994414831679311,0.0981480849350381,0.0967499161367133,0.0966485158433126
"ORD-025768",2026-03-09,0,0.0969127712246978,0.0734414033650383,0.0909813652492636,0.0967499161367133,0.0966485158433126
"ORD-025770",2026-03-09,0,0.0969127712246978,0.100708517353391,0.0986174857547576,0.0967499161367133,0.0966485158433126
"ORD-025776",2026-03-09,0,0.0969127712246978,0.0805456985648309,0.0927339040388395,0.0967499161367133,0.0966485158433126
"ORD-025814",2026-03-09,0,0.0969127712246978,0.0480618922119629,0.0841437588408115,0.0967499161367133,0.0956981529605399
"ORD-025816",2026-03-09,0,0.0969127712246978,0.0819136106112881,0.0931626988176923,0.0967499161367133,0.0966485158433126
"ORD-025844",2026-03-09,0,0.0969127712246978,0.0608283882114032,0.087584971998197,0.0967499161367133,0.0966485158433126
"ORD-025847",2026-03-09,0,0.0969127712246978,0.0795496496421236,0.0926120805764464,0.0967499161367133,0.0966485158433126
"ORD-025858",2026-03-09,0,0.0969127712246978,0.0604862971087222,0.0874538807038997,0.0967499161367133,0.0966485158433126
"ORD-025668",2026-03-09,0,0.0969127712246978,0.0791854426954461,0.0920677137150411,0.0967499161367133,0.0966485158433126
"ORD-025674",2026-03-09,0,0.0969127712246978,0.0912551072370054,0.0949922112763611,0.0967499161367133,0.0966485158433126
"ORD-025680",2026-03-09,0,0.0969127712246978,0.0754986521516898,0.0909989352424591,0.0967499161367133,0.0966485158433126
"ORD-025696",2026-03-09,0,0.0969127712246978,0.0820551104187277,0.0940158285224332,0.0967499161367133,0.0966485158433126
"ORD-025724",2026-03-09,0,0.0969127712246978,0.0966983533075939,0.0964799398705857,0.0967499161367133,0.0966485158433126
"ORD-025750",2026-03-09,0,0.0969127712246978,0.0754986521516898,0.0909989352424591,0.0967499161367133,0.0966485158433126
"ORD-025781",2026-03-09,1,0.0969127712246978,0.115804866755017,0.102042905387996,0.0967499161367133,0.0966485158433126
"ORD-025803",2026-03-09,0,0.0969127712246978,0.0613315148203863,0.0874985785801703,0.0967499161367133,0.0966485158433126
"ORD-025642",2026-03-09,0,0.0969127712246978,0.101942115224928,0.0978102632474621,0.0967499161367133,0.0966485158433126
"ORD-025660",2026-03-09,0,0.0969127712246978,0.0654695245298455,0.0885601049766705,0.0967499161367133,0.0966485158433126
"ORD-025687",2026-03-09,1,0.0969127712246978,0.107267650088665,0.0993748515911436,0.0967499161367133,0.0966485158433126
"ORD-025691",2026-03-09,0,0.0969127712246978,0.0870284569295254,0.0939000441031578,0.0967499161367133,0.0966485158433126
"ORD-025772",2026-03-09,0,0.0969127712246978,0.0930794266716703,0.0952987716556708,0.0967499161367133,0.0966485158433126
"ORD-025808",2026-03-09,0,0.0969127712246978,0.0802146895472459,0.0921848325756192,0.0967499161367133,0.0966485158433126
"ORD-025809",2026-03-09,0,0.0969127712246978,0.0588896969788587,0.0870892299470534,0.0967499161367133,0.0966485158433126
"ORD-025842",2026-03-09,0,0.0969127712246978,0.0878938764196082,0.0944184576253868,0.0967499161367133,0.0966485158433126
"ORD-025863",2026-03-09,1,0.0969127712246978,0.0483837721595563,0.0844804871858605,0.0967499161367133,0.0966485158433126
"ORD-025657",2026-03-09,0,0.0969127712246978,0.105930056426434,0.0990848195361432,0.0967499161367133,0.0966485158433126
"ORD-025681",2026-03-09,1,0.0969127712246978,0.0992112211098338,0.0971440859970859,0.0967499161367133,0.0966485158433126
"ORD-025682",2026-03-09,0,0.0969127712246978,0.086257729139884,0.0938331036656772,0.0967499161367133,0.0966485158433126
"ORD-025698",2026-03-09,0,0.0969127712246978,0.0820551104187277,0.0940158285224332,0.0967499161367133,0.0966485158433126
"ORD-025721",2026-03-09,0,0.0969127712246978,0.0590835574150813,0.087010505337648,0.0967499161367133,0.0966485158433126
"ORD-025730",2026-03-09,0,0.0969127712246978,0.10143965073402,0.0977204139590511,0.0967499161367133,0.0966485158433126
"ORD-025736",2026-03-09,0,0.0969127712246978,0.0658378241656828,0.0886926933098443,0.0967499161367133,0.0966485158433126
"ORD-025739",2026-03-09,1,0.0969127712246978,0.0905470283589745,0.0950709814027767,0.0967499161367133,0.0966485158433126
"ORD-025747",2026-03-09,0,0.0969127712246978,0.0859597353938357,0.0937768470408755,0.0967499161367133,0.0966485158433126
"ORD-025821",2026-03-09,0,0.0969127712246978,0.0510870134984274,0.0850113945019012,0.0967499161367133,0.0966485158433126
"ORD-025832",2026-03-09,1,0.0969127712246978,0.0791854426954461,0.0920677137150411,0.0967499161367133,0.0966485158433126
"ORD-025839",2026-03-09,0,0.0969127712246978,0.0930794266716703,0.0952987716556708,0.0967499161367133,0.0966485158433126
"ORD-025854",2026-03-09,0,0.0969127712246978,0.0944580666353035,0.096006773603666,0.0967499161367133,0.0966485158433126
"ORD-025861",2026-03-09,1,0.0969127712246978,0.128081484601857,0.104707484600998,0.100541500134285,0.102408918308548
"ORD-025862",2026-03-09,0,0.0969127712246978,0.0588896969788587,0.0870892299470534,0.0967499161367133,0.0966485158433126
"ORD-025650",2026-03-09,0,0.0969127712246978,0.0520782610521607,0.0852120224162965,0.0967499161367133,0.0956981529605399
"ORD-025653",2026-03-09,0,0.0969127712246978,0.0759431667965727,0.0913488266176573,0.0967499161367133,0.0966485158433126
"ORD-025694",2026-03-09,0,0.0969127712246978,0.115804866755017,0.102042905387996,0.0967499161367133,0.0966485158433126
"ORD-025709",2026-03-09,0,0.0969127712246978,0.0416886379040802,0.0828191428030554,0.0967499161367133,0.0966485158433126
"ORD-025716",2026-03-09,0,0.0969127712246978,0.108622373870728,0.0998494699346457,0.0967499161367133,0.0966485158433126
"ORD-025727",2026-03-09,0,0.0969127712246978,0.128081484601857,0.104707484600998,0.100541500134285,0.102408918308548
"ORD-025780",2026-03-09,0,0.0969127712246978,0.128081484601857,0.104707484600998,0.100541500134285,0.102408918308548
"ORD-025795",2026-03-09,0,0.0969127712246978,0.102022633122959,0.0979724505085675,0.0967499161367133,0.0966485158433126
"ORD-025798",2026-03-09,0,0.0969127712246978,0.0792707440035123,0.0920426594075798,0.0967499161367133,0.0966485158433126
"ORD-025824",2026-03-09,0,0.0969127712246978,0.0683722941304455,0.0891247507187578,0.0967499161367133,0.0966485158433126
"ORD-025852",2026-03-09,0,0.0969127712246978,0.058984920234332,0.0869979832541255,0.0967499161367133,0.0966485158433126
"ORD-025864",2026-03-09,0,0.0969127712246978,0.10143965073402,0.0977204139590511,0.0967499161367133,0.0966485158433126
"ORD-025659",2026-03-09,1,0.0969127712246978,0.0975037399907594,0.0966720036864882,0.0967499161367133,0.0966485158433126
"ORD-025661",2026-03-09,0,0.0969127712246978,0.0762295517670694,0.0912733250676894,0.0967499161367133,0.0966485158433126
"ORD-025662",2026-03-09,1,0.0969127712246978,0.0966983533075939,0.0964799398705857,0.0967499161367133,0.0966485158433126
"ORD-025679",2026-03-09,0,0.0969127712246978,0.0486866074438428,0.084458326206949,0.0967499161367133,0.0966485158433126
"ORD-025683",2026-03-09,0,0.0969127712246978,0.0613315148203863,0.0874985785801703,0.0967499161367133,0.0966485158433126
"ORD-025686",2026-03-09,0,0.0969127712246978,0.0940451898185155,0.0957548985239479,0.0967499161367133,0.0966485158433126
"ORD-025704",2026-03-09,1,0.0969127712246978,0.107267650088665,0.0993748515911436,0.0967499161367133,0.0966485158433126
"ORD-025743",2026-03-09,0,0.0969127712246978,0.0912551072370054,0.0949922112763611,0.0967499161367133,0.0966485158433126
"ORD-025760",2026-03-09,0,0.0969127712246978,0.086257729139884,0.0938331036656772,0.0967499161367133,0.0966485158433126
"ORD-025765",2026-03-09,0,0.0969127712246978,0.0613315148203863,0.0874985785801703,0.0967499161367133,0.0966485158433126
"ORD-025774",2026-03-09,0,0.0969127712246978,0.125471352300607,0.103709701890898,0.0967499161367133,0.0966485158433126
"ORD-025775",2026-03-09,0,0.0969127712246978,0.0416886379040802,0.0828191428030554,0.0967499161367133,0.0966485158433126
"ORD-025783",2026-03-09,0,0.0969127712246978,0.086257729139884,0.0938331036656772,0.0967499161367133,0.0966485158433126
"ORD-025837",2026-03-09,0,0.0969127712246978,0.0794017477521168,0.0921277047989585,0.0967499161367133,0.0966485158433126
"ORD-025846",2026-03-09,0,0.0969127712246978,0.077215269546741,0.0914542613138849,0.0967499161367133,0.0966485158433126
"ORD-025853",2026-03-09,0,0.0969127712246978,0.128081484601857,0.104707484600998,0.100541500134285,0.102408918308548
"ORD-025646",2026-03-09,0,0.0969127712246978,0.0940109723009067,0.0963329176538691,0.0967499161367133,0.0966485158433126
"ORD-025667",2026-03-09,0,0.0969127712246978,0.0962836013119018,0.0971258134923162,0.0967499161367133,0.0966485158433126
"ORD-025712",2026-03-09,0,0.0969127712246978,0.0858917140217658,0.09449081369961,0.0967499161367133,0.0966485158433126
"ORD-025715",2026-03-09,0,0.0969127712246978,0.100571311283169,0.0984828232115665,0.0967499161367133,0.0966485158433126
"ORD-025740",2026-03-09,0,0.0969127712246978,0.103143143178441,0.0992433396872851,0.0967499161367133,0.0966485158433126
"ORD-025744",2026-03-09,0,0.0969127712246978,0.08926823749506,0.0952152605503905,0.0967499161367133,0.0966485158433126
"ORD-025751",2026-03-09,0,0.0969127712246978,0.0858917140217658,0.09449081369961,0.0967499161367133,0.0966485158433126
"ORD-025757",2026-03-09,0,0.0969127712246978,0.0941565710212986,0.0965526170591316,0.0967499161367133,0.0966485158433126
"ORD-025777",2026-03-09,0,0.0969127712246978,0.091736886657573,0.0958179384001045,0.0967499161367133,0.0966485158433126
"ORD-025787",2026-03-09,0,0.0969127712246978,0.0883065556903555,0.0947173593671618,0.0967499161367133,0.0966485158433126
"ORD-025799",2026-03-09,0,0.0969127712246978,0.0783619503374848,0.092163379255853,0.0967499161367133,0.0966485158433126
"ORD-025805",2026-03-09,0,0.0969127712246978,0.104479227658455,0.099516302936503,0.0967499161367133,0.0966485158433126
"ORD-025811",2026-03-09,0,0.0969127712246978,0.0885658255080753,0.095181156088573,0.0967499161367133,0.0966485158433126
"ORD-025815",2026-03-09,0,0.0969127712246978,0.08926823749506,0.0952152605503905,0.0967499161367133,0.0966485158433126
"ORD-025641",2026-03-09,0,0.0969127712246978,0.0962836013119018,0.0971258134923162,0.0967499161367133,0.0966485158433126
"ORD-025664",2026-03-09,0,0.0969127712246978,0.0571222296927597,0.0868721082365202,0.0967499161367133,0.0966485158433126
"ORD-025689",2026-03-09,0,0.0969127712246978,0.0557621930178246,0.0865531118563425,0.0967499161367133,0.0966485158433126
"ORD-025710",2026-03-09,0,0.0969127712246978,0.110008043537475,0.101424960310058,0.0967499161367133,0.0966485158433126
"ORD-025718",2026-03-09,0,0.0969127712246978,0.0777990443066565,0.0934414349727617,0.0967499161367133,0.0966485158433126
"ORD-025746",2026-03-09,0,0.0969127712246978,0.0731902224910261,0.0908939476588774,0.0967499161367133,0.0966485158433126
"ORD-025782",2026-03-09,0,0.0969127712246978,0.046074439096105,0.0839369147566299,0.0967499161367133,0.0966485158433126
"ORD-025784",2026-03-09,0,0.0969127712246978,0.0688380689753667,0.0897461459234371,0.0967499161367133,0.0966485158433126
"ORD-025797",2026-03-09,0,0.0969127712246978,0.075066049633654,0.0915040201466756,0.0967499161367133,0.0966485158433126
"ORD-025807",2026-03-09,0,0.0969127712246978,0.103143143178441,0.0992433396872851,0.0967499161367133,0.0966485158433126
"ORD-025819",2026-03-09,0,0.0969127712246978,0.0719792589527602,0.0907890943801467,0.0967499161367133,0.0966485158433126
"ORD-025836",2026-03-09,0,0.0969127712246978,0.0722518646423277,0.0907140092735604,0.0967499161367133,0.0966485158433126
"ORD-025866",2026-03-09,0,0.0969127712246978,0.08926823749506,0.0952152605503905,0.0967499161367133,0.0966485158433126
"ORD-025643",2026-03-09,0,0.0969127712246978,0.0483526028136969,0.0844868837174689,0.0967499161367133,0.0966485158433126
"ORD-025652",2026-03-09,1,0.0969127712246978,0.091736886657573,0.0958179384001045,0.0967499161367133,0.0966485158433126
"ORD-025654",2026-03-09,0,0.0969127712246978,0.0925271475045801,0.0960831031689241,0.0967499161367133,0.0966485158433126
"ORD-025655",2026-03-09,0,0.0969127712246978,0.0492935503893943,0.0846863883489521,0.0967499161367133,0.0956981529605399
"ORD-025658",2026-03-09,0,0.0969127712246978,0.083936278793492,0.0937575359163017,0.0967499161367133,0.0966485158433126
"ORD-025688",2026-03-09,0,0.0969127712246978,0.0856649494056746,0.0943480339302011,0.0967499161367133,0.0966485158433126
"ORD-025700",2026-03-09,0,0.0969127712246978,0.0979713711641893,0.0977867394368055,0.0967499161367133,0.0966485158433126
"ORD-025706",2026-03-09,0,0.0969127712246978,0.101848947522918,0.0987712863455025,0.0967499161367133,0.0966485158433126
"ORD-025713",2026-03-09,0,0.0969127712246978,0.0865668534805279,0.0944124741141628,0.0967499161367133,0.0966485158433126
"ORD-025722",2026-03-09,0,0.0969127712246978,0.0800244068012113,0.0926741284832427,0.0967499161367133,0.0966485158433126
"ORD-025728",2026-03-09,0,0.0969127712246978,0.0715561493936708,0.0904411335422489,0.0967499161367133,0.0966485158433126
"ORD-025738",2026-03-09,0,0.0969127712246978,0.0856649494056746,0.0943480339302011,0.0967499161367133,0.0966485158433126
"ORD-025752",2026-03-09,0,0.0969127712246978,0.075066049633654,0.0915040201466756,0.0967499161367133,0.0966485158433126
"ORD-025761",2026-03-09,0,0.0969127712246978,0.0580823346300139,0.0869601805931631,0.0967499161367133,0.0966485158433126
"ORD-025763",2026-03-09,0,0.0969127712246978,0.103143143178441,0.0992433396872851,0.0967499161367133,0.0966485158433126
"ORD-025804",2026-03-09,0,0.0969127712246978,0.0760461748400336,0.0916204942961208,0.0967499161367133,0.0966485158433126
"ORD-025817",2026-03-09,0,0.0969127712246978,0.0492935503893943,0.0846863883489521,0.0967499161367133,0.0956981529605399
"ORD-025825",2026-03-09,0,0.0969127712246978,0.0620156070088743,0.088015805213128,0.0967499161367133,0.0966485158433126
"ORD-025826",2026-03-09,0,0.0969127712246978,0.0815191282896781,0.0932037633528993,0.0967499161367133,0.0966485158433126
"ORD-025840",2026-03-09,0,0.0969127712246978,0.0731902224910261,0.0908939476588774,0.0967499161367133,0.0966485158433126
"ORD-025845",2026-03-09,0,0.0969127712246978,0.046074439096105,0.0839369147566299,0.0967499161367133,0.0966485158433126
"ORD-025850",2026-03-09,0,0.0969127712246978,0.109738820943399,0.100616049152523,0.0967499161367133,0.0966485158433126
"ORD-025851",2026-03-09,0,0.0969127712246978,0.0483526028136969,0.0844868837174689,0.0967499161367133,0.0966485158433126
"ORD-025663",2026-03-09,0,0.0969127712246978,0.056994455969731,0.0867697555723259,0.0967499161367133,0.0966485158433126
"ORD-025665",2026-03-09,1,0.0969127712246978,0.0858917140217658,0.09449081369961,0.0967499161367133,0.0966485158433126
"ORD-025676",2026-03-09,0,0.0969127712246978,0.0783619503374848,0.092163379255853,0.0967499161367133,0.0966485158433126
"ORD-025702",2026-03-09,0,0.0969127712246978,0.0715561493936708,0.0904411335422489,0.0967499161367133,0.0966485158433126
"ORD-025714",2026-03-09,0,0.0969127712246978,0.101848947522918,0.0987712863455025,0.0967499161367133,0.0966485158433126
"ORD-025731",2026-03-09,0,0.0969127712246978,0.0789265812978021,0.09246088216668,0.0967499161367133,0.0966485158433126
"ORD-025742",2026-03-09,1,0.0969127712246978,0.0457870697258856,0.0839589514689533,0.0967499161367133,0.0966485158433126
"ORD-025758",2026-03-09,0,0.0969127712246978,0.0559463699861691,0.086474825966897,0.0967499161367133,0.0966485158433126
"ORD-025790",2026-03-09,0,0.0969127712246978,0.121754754269731,0.104075273728402,0.100541500134285,0.102408918308548
"ORD-025794",2026-03-09,0,0.0969127712246978,0.0896214884393541,0.095421497424396,0.0967499161367133,0.0966485158433126
"ORD-025806",2026-03-09,0,0.0969127712246978,0.0571222296927597,0.0868721082365202,0.0967499161367133,0.0966485158433126
"ORD-025820",2026-03-09,0,0.0969127712246978,0.0620156070088743,0.088015805213128,0.0967499161367133,0.0966485158433126
"ORD-025835",2026-03-09,0,0.0969127712246978,0.0715561493936708,0.0904411335422489,0.0967499161367133,0.0966485158433126
"ORD-025838",2026-03-09,0,0.0969127712246978,0.0979713711641893,0.0977867394368055,0.0967499161367133,0.0966485158433126
"ORD-025857",2026-03-09,1,0.0969127712246978,0.091736886657573,0.0958179384001045,0.0967499161367133,0.0966485158433126
"ORD-025865",2026-03-09,0,0.0969127712246978,0.0833624657937353,0.0938418589910573,0.0967499161367133,0.0966485158433126
"ORD-025705",2026-03-09,0,0.0969127712246978,0.0763977874045076,0.0920866982911326,0.0967499161367133,0.0966485158433126
"ORD-025711",2026-03-09,0,0.0969127712246978,0.114629585161026,0.102740286070695,0.0967499161367133,0.0966485158433126
"ORD-025741",2026-03-09,0,0.0969127712246978,0.0875702924124063,0.0949839377260522,0.0967499161367133,0.0966485158433126
"ORD-025829",2026-03-09,1,0.0969127712246978,0.0823632014703835,0.0936720761481035,0.0967499161367133,0.0966485158433126
"ORD-025834",2026-03-09,0,0.0969127712246978,0.0930674986978053,0.0964139198389911,0.0967499161367133,0.0966485158433126
"ORD-025675",2026-03-09,0,0.0969127712246978,0.0923800620693899,0.0964241983032822,0.0967499161367133,0.0966485158433126
"ORD-025793",2026-03-09,0,0.0969127712246978,0.0853820647820327,0.0943926085243905,0.0967499161367133,0.0966485158433126
"ORD-025841",2026-03-09,0,0.0969127712246978,0.0606711385247299,0.0881063134227155,0.0967499161367133,0.0966485158433126
"ORD-025860",2026-03-09,0,0.0969127712246978,0.132841714051427,0.107478158176096,0.0989612395558877,0.101471725540576
"ORD-025649",2026-03-09,1,0.0969127712246978,0.0956733548481832,0.0970684046745831,0.0967499161367133,0.0966485158433126
"ORD-025666",2026-03-09,0,0.0969127712246978,0.10870918376982,0.100592664889198,0.0967499161367133,0.0966485158433126
"ORD-025692",2026-03-09,0,0.0969127712246978,0.093109634298096,0.0964587006792271,0.0967499161367133,0.0966485158433126
"ORD-025693",2026-03-09,0,0.0969127712246978,0.0583482398983072,0.0876025749324291,0.0967499161367133,0.0966485158433126
"ORD-025762",2026-03-09,0,0.0969127712246978,0.104843109145021,0.0997642301340171,0.0967499161367133,0.0966485158433126
"ORD-025764",2026-03-09,0,0.0969127712246978,0.106168607585891,0.100056030030951,0.0967499161367133,0.0966485158433126
"ORD-025767",2026-03-09,0,0.0969127712246978,0.0858887992155236,0.094699977333509,0.0967499161367133,0.0966485158433126
"ORD-025773",2026-03-09,0,0.0969127712246978,0.0596709514476125,0.0880171921752674,0.0967499161367133,0.0966485158433126
"ORD-025812",2026-03-09,0,0.0969127712246978,0.0654540595260483,0.0895377415969628,0.0967499161367133,0.0966485158433126
"ORD-025895",2026-03-10,0,0.0969127712246978,0.147859245086044,0.109692787404952,0.100541500134285,0.102408918308548
"ORD-025901",2026-03-10,0,0.0969127712246978,0.117658640729002,0.102411103541913,0.0967499161367133,0.0966485158433126
"ORD-025904",2026-03-10,0,0.0969127712246978,0.0933927805935218,0.0966382672339109,0.0967499161367133,0.0966485158433126
"ORD-025906",2026-03-10,0,0.0969127712246978,0.102193376271486,0.0989680346707311,0.0967499161367133,0.0966485158433126
"ORD-025928",2026-03-10,0,0.0969127712246978,0.0999790605058279,0.0982988638005932,0.0967499161367133,0.0966485158433126
"ORD-025933",2026-03-10,0,0.0969127712246978,0.10093927851946,0.0985852699372076,0.0967499161367133,0.0966485158433126
"ORD-025977",2026-03-10,0,0.0969127712246978,0.109697060118341,0.10062437998533,0.0967499161367133,0.0966485158433126
"ORD-025979",2026-03-10,0,0.0969127712246978,0.112227900676068,0.101040022531428,0.0967499161367133,0.0966485158433126
"ORD-026053",2026-03-10,0,0.0969127712246978,0.100353496192831,0.0982666594121118,0.0967499161367133,0.0966485158433126
"ORD-026055",2026-03-10,0,0.0969127712246978,0.125828976146645,0.104630505576411,0.0967499161367133,0.0966485158433126
"ORD-025868",2026-03-10,0,0.0969127712246978,0.100353496192831,0.0982666594121118,0.0967499161367133,0.0966485158433126
"ORD-025880",2026-03-10,0,0.0969127712246978,0.147859245086044,0.109692787404952,0.100541500134285,0.102408918308548
"ORD-025881",2026-03-10,0,0.0969127712246978,0.112253970275614,0.101117758370093,0.0967499161367133,0.0966485158433126
"ORD-025889",2026-03-10,0,0.0969127712246978,0.117658640729002,0.102411103541913,0.0967499161367133,0.0966485158433126
"ORD-025903",2026-03-10,0,0.0969127712246978,0.0597909232271276,0.0891523143402611,0.0967499161367133,0.0966485158433126
"ORD-025911",2026-03-10,1,0.0969127712246978,0.156742572999667,0.112512800558479,0.0995408243258331,0.102132575198061
"ORD-025916",2026-03-10,0,0.0969127712246978,0.156742572999667,0.112512800558479,0.0995408243258331,0.102132575198061
"ORD-025922",2026-03-10,0,0.0969127712246978,0.0922113954736546,0.0965160919200562,0.0967499161367133,0.0966485158433126
"ORD-025925",2026-03-10,0,0.0969127712246978,0.105228372868827,0.0996485406471735,0.0967499161367133,0.0966485158433126
"ORD-025962",2026-03-10,0,0.0969127712246978,0.101202783217216,0.0984273563184383,0.0967499161367133,0.0966485158433126
"ORD-025986",2026-03-10,0,0.0969127712246978,0.0703260244473713,0.0915486423064726,0.0967499161367133,0.0966485158433126
"ORD-025996",2026-03-10,0,0.0969127712246978,0.0922113954736546,0.0965160919200562,0.0967499161367133,0.0966485158433126
"ORD-026006",2026-03-10,0,0.0969127712246978,0.0603951871104677,0.0893986467567651,0.0967499161367133,0.0966485158433126
"ORD-026007",2026-03-10,0,0.0969127712246978,0.127417176235345,0.104916560087008,0.0967499161367133,0.0966485158433126
"ORD-026018",2026-03-10,0,0.0969127712246978,0.130488181434138,0.105635255897342,0.0967499161367133,0.0966485158433126
"ORD-026032",2026-03-10,0,0.0969127712246978,0.124383586747897,0.104179969738241,0.0967499161367133,0.0966485158433126
"ORD-026038",2026-03-10,0,0.0969127712246978,0.120343723153716,0.102501625236751,0.0967499161367133,0.0966485158433126
"ORD-026046",2026-03-10,0,0.0969127712246978,0.124383586747897,0.104179969738241,0.0967499161367133,0.0966485158433126
"ORD-026047",2026-03-10,0,0.0969127712246978,0.112227900676068,0.101040022531428,0.0967499161367133,0.0966485158433126
"ORD-026066",2026-03-10,0,0.0969127712246978,0.0689366744238004,0.0912260223230601,0.0967499161367133,0.0966485158433126
"ORD-026075",2026-03-10,0,0.0969127712246978,0.0689366744238004,0.0912260223230601,0.0967499161367133,0.0966485158433126
"ORD-025869",2026-03-10,0,0.0969127712246978,0.087976073870705,0.0954010999729116,0.0967499161367133,0.0966485158433126
"ORD-025874",2026-03-10,0,0.0969127712246978,0.111803902995638,0.100893244090218,0.0967499161367133,0.0966485158433126
"ORD-025885",2026-03-10,0,0.0969127712246978,0.147859245086044,0.109692787404952,0.100541500134285,0.102408918308548
"ORD-025894",2026-03-10,0,0.0969127712246978,0.115119559277373,0.101810232748547,0.0967499161367133,0.0966485158433126
"ORD-025914",2026-03-10,0,0.0969127712246978,0.100320320458528,0.0983575387477074,0.0967499161367133,0.0966485158433126
"ORD-025920",2026-03-10,0,0.0969127712246978,0.130488181434138,0.105635255897342,0.0967499161367133,0.0966485158433126
"ORD-025924",2026-03-10,0,0.0969127712246978,0.0704814518779755,0.0916560663256339,0.0967499161367133,0.0966485158433126
"ORD-025934",2026-03-10,0,0.0969127712246978,0.127260500110897,0.105183316509916,0.0967499161367133,0.0966485158433126
"ORD-025940",2026-03-10,0,0.0969127712246978,0.125828976146645,0.104630505576411,0.0967499161367133,0.0966485158433126
"ORD-025957",2026-03-10,1,0.0969127712246978,0.120343723153716,0.102501625236751,0.0967499161367133,0.0966485158433126
"ORD-025970",2026-03-10,0,0.0969127712246978,0.0922113954736546,0.0965160919200562,0.0967499161367133,0.0966485158433126
"ORD-025980",2026-03-10,0,0.0969127712246978,0.0965025007966158,0.0976042844771225,0.0967499161367133,0.0966485158433126
"ORD-026011",2026-03-10,0,0.0969127712246978,0.0981820427194743,0.0977433966324874,0.0967499161367133,0.0966485158433126
"ORD-026020",2026-03-10,0,0.0969127712246978,0.0690507322105017,0.0912390921550982,0.0967499161367133,0.0966485158433126
"ORD-026021",2026-03-10,0,0.0969127712246978,0.0752575526678486,0.0929249339266265,0.0967499161367133,0.0966485158433126
"ORD-026026",2026-03-10,0,0.0969127712246978,0.100353496192831,0.0982666594121118,0.0967499161367133,0.0966485158433126
"ORD-026031",2026-03-10,0,0.0969127712246978,0.1227689146401,0.10383346524728,0.0967499161367133,0.0966485158433126
"ORD-026045",2026-03-10,0,0.0969127712246978,0.1227689146401,0.10383346524728,0.0967499161367133,0.0966485158433126
"ORD-026051",2026-03-10,1,0.0969127712246978,0.1227689146401,0.10383346524728,0.0967499161367133,0.0966485158433126
"ORD-026067",2026-03-10,0,0.0969127712246978,0.0494627918685657,0.0870053576407264,0.0967499161367133,0.0966485158433126
"ORD-025896",2026-03-10,0,0.0969127712246978,0.120343723153716,0.102501625236751,0.0967499161367133,0.0966485158433126
"ORD-025897",2026-03-10,0,0.0969127712246978,0.108433090191647,0.100372388074115,0.0967499161367133,0.0966485158433126
"ORD-025899",2026-03-10,0,0.0969127712246978,0.154727197341759,0.111822949956593,0.0989612395558877,0.101471725540576
"ORD-025913",2026-03-10,0,0.0969127712246978,0.0797735913754175,0.0934455703388865,0.0967499161367133,0.0966485158433126
"ORD-025915",2026-03-10,0,0.0969127712246978,0.100353496192831,0.0982666594121118,0.0967499161367133,0.0966485158433126
"ORD-025927",2026-03-10,0,0.0969127712246978,0.130488181434138,0.105635255897342,0.0967499161367133,0.0966485158433126
"ORD-025958",2026-03-10,0,0.0969127712246978,0.0691081928373918,0.0912021623231123,0.0967499161367133,0.0966485158433126
"ORD-025973",2026-03-10,0,0.0969127712246978,0.125828976146645,0.104630505576411,0.0967499161367133,0.0966485158433126
"ORD-025989",2026-03-10,0,0.0969127712246978,0.10093927851946,0.0985852699372076,0.0967499161367133,0.0966485158433126
"ORD-025991",2026-03-10,0,0.0969127712246978,0.114945657892143,0.10157991508221,0.0967499161367133,0.0966485158433126
"ORD-025997",2026-03-10,0,0.0969127712246978,0.127202070833937,0.104691760991126,0.0967499161367133,0.0966485158433126
"ORD-026050",2026-03-10,0,0.0969127712246978,0.087976073870705,0.0954010999729116,0.0967499161367133,0.0966485158433126
"ORD-026057",2026-03-10,0,0.0969127712246978,0.109697060118341,0.10062437998533,0.0967499161367133,0.0966485158433126
"ORD-026065",2026-03-10,0,0.0969127712246978,0.112227900676068,0.101040022531428,0.0967499161367133,0.0966485158433126
"ORD-026078",2026-03-10,0,0.0969127712246978,0.133978219222153,0.106916493342567,0.0967499161367133,0.0966485158433126
"ORD-025878",2026-03-10,0,0.0969127712246978,0.0609402079544073,0.0893617604387527,0.0967499161367133,0.0956981529605399
"ORD-025943",2026-03-10,0,0.0969127712246978,0.0924597097483252,0.0965786732306329,0.0967499161367133,0.0966485158433126
"ORD-025961",2026-03-10,0,0.0969127712246978,0.0597909232271276,0.0891523143402611,0.0967499161367133,0.0966485158433126
"ORD-025972",2026-03-10,0,0.0969127712246978,0.0691081928373918,0.0912021623231123,0.0967499161367133,0.0966485158433126
"ORD-025983",2026-03-10,0,0.0969127712246978,0.147859245086044,0.109692787404952,0.100541500134285,0.102408918308548
"ORD-025984",2026-03-10,1,0.0969127712246978,0.125828976146645,0.104630505576411,0.0967499161367133,0.0966485158433126
"ORD-026001",2026-03-10,1,0.0969127712246978,0.0570061186634892,0.0885749139076978,0.0967499161367133,0.0966485158433126
"ORD-026010",2026-03-10,0,0.0969127712246978,0.112253970275614,0.101117758370093,0.0967499161367133,0.0966485158433126
"ORD-026041",2026-03-10,0,0.0969127712246978,0.102193376271486,0.0989680346707311,0.0967499161367133,0.0966485158433126
"ORD-025888",2026-03-10,1,0.0969127712246978,0.0958951482569693,0.0968866804111311,0.0967499161367133,0.0966485158433126
"ORD-025923",2026-03-10,0,0.0969127712246978,0.0826074927630998,0.0940238609974149,0.0967499161367133,0.0966485158433126
"ORD-025929",2026-03-10,0,0.0969127712246978,0.108242812462936,0.0994947446402424,0.0967499161367133,0.0966485158433126
"ORD-025946",2026-03-10,0,0.0969127712246978,0.136880951244295,0.105990705512034,0.0967499161367133,0.0966485158433126
"ORD-025950",2026-03-10,0,0.0969127712246978,0.0834660741560798,0.0944048166231762,0.0967499161367133,0.0966485158433126
"ORD-025967",2026-03-10,0,0.0969127712246978,0.12957822413326,0.103776545783043,0.0967499161367133,0.0966485158433126
"ORD-026048",2026-03-10,0,0.0969127712246978,0.124009700420233,0.103077541378973,0.0967499161367133,0.0966485158433126
"ORD-026052",2026-03-10,1,0.0969127712246978,0.113162078373232,0.100740587513943,0.0967499161367133,0.0966485158433126
"ORD-026063",2026-03-10,1,0.0969127712246978,0.0830636330827553,0.0941637843160353,0.0967499161367133,0.0966485158433126
"ORD-026068",2026-03-10,0,0.0969127712246978,0.108869073390442,0.0998168962264777,0.0967499161367133,0.0966485158433126
"ORD-026071",2026-03-10,0,0.0969127712246978,0.113452599257104,0.100891963616691,0.0967499161367133,0.0966485158433126
"ORD-025873",2026-03-10,0,0.0969127712246978,0.108207342307982,0.0995866343055744,0.0967499161367133,0.0966485158433126
"ORD-025882",2026-03-10,0,0.0969127712246978,0.0914743870028925,0.0958599014453731,0.0967499161367133,0.0966485158433126
"ORD-025908",2026-03-10,0,0.0969127712246978,0.120925249447254,0.102298835725494,0.0967499161367133,0.0966485158433126
"ORD-025994",2026-03-10,1,0.0969127712246978,0.100796188624286,0.0978482099595717,0.0967499161367133,0.0966485158433126
"ORD-025995",2026-03-10,0,0.0969127712246978,0.065371430619703,0.0905270304573955,0.0967499161367133,0.0966485158433126
"ORD-025999",2026-03-10,1,0.0969127712246978,0.109150765825892,0.0996572278995786,0.0967499161367133,0.0966485158433126
"ORD-026033",2026-03-10,0,0.0969127712246978,0.0958951482569693,0.0968866804111311,0.0967499161367133,0.0966485158433126
"ORD-026058",2026-03-10,0,0.0969127712246978,0.0774760775281078,0.0929035188124298,0.0967499161367133,0.0966485158433126
"ORD-026077",2026-03-10,0,0.0969127712246978,0.133880903679428,0.105473312367434,0.0967499161367133,0.0966485158433126
"ORD-025871",2026-03-10,0,0.0969127712246978,0.120925249447254,0.102298835725494,0.0967499161367133,0.0966485158433126
"ORD-025877",2026-03-10,0,0.0969127712246978,0.0613427786656845,0.0897173247432277,0.0967499161367133,0.0966485158433126
"ORD-025953",2026-03-10,0,0.0969127712246978,0.0760542849988922,0.0927014004844493,0.0967499161367133,0.0966485158433126
"ORD-025964",2026-03-10,0,0.0969127712246978,0.0745608444330961,0.09237513122583,0.0967499161367133,0.0966485158433126
"ORD-026012",2026-03-10,0,0.0969127712246978,0.0997972936595289,0.0977879505883506,0.0967499161367133,0.0966485158433126
"ORD-026030",2026-03-10,0,0.0969127712246978,0.110945860128054,0.100114503074122,0.0967499161367133,0.0966485158433126
"ORD-026036",2026-03-10,0,0.0969127712246978,0.132161551765401,0.105123010990402,0.0967499161367133,0.0966485158433126
"ORD-026056",2026-03-10,0,0.0969127712246978,0.133780812016441,0.105428649156065,0.0967499161367133,0.0966485158433126
"ORD-026074",2026-03-10,0,0.0969127712246978,0.052954219998865,0.0879628904797339,0.0967499161367133,0.0966485158433126
"ORD-025892",2026-03-10,0,0.0969127712246978,0.109150765825892,0.0996572278995786,0.0967499161367133,0.0966485158433126
"ORD-025905",2026-03-10,0,0.0969127712246978,0.144669480629801,0.108036856222062,0.0967499161367133,0.0966485158433126
"ORD-025907",2026-03-10,0,0.0969127712246978,0.052954219998865,0.0879628904797339,0.0967499161367133,0.0966485158433126
"ORD-025919",2026-03-10,0,0.0969127712246978,0.132161551765401,0.105123010990402,0.0967499161367133,0.0966485158433126
"ORD-025939",2026-03-10,0,0.0969127712246978,0.133780812016441,0.105428649156065,0.0967499161367133,0.0966485158433126
"ORD-025941",2026-03-10,0,0.0969127712246978,0.0659582059328098,0.0904897248287807,0.0967499161367133,0.0956981529605399
"ORD-025981",2026-03-10,0,0.0969127712246978,0.0971084283121457,0.0970775555793744,0.0967499161367133,0.0966485158433126
"ORD-026002",2026-03-10,0,0.0969127712246978,0.100796188624286,0.0978482099595717,0.0967499161367133,0.0966485158433126
"ORD-026022",2026-03-10,0,0.0969127712246978,0.168235942314396,0.113896438556775,0.0995408243258331,0.102132575198061
"ORD-026042",2026-03-10,0,0.0969127712246978,0.14408758171439,0.108239703731845,0.0967499161367133,0.0966485158433126
"ORD-026059",2026-03-10,0,0.0969127712246978,0.0995314344222353,0.0977246704493468,0.0967499161367133,0.0966485158433126
"ORD-026069",2026-03-10,0,0.0969127712246978,0.100796188624286,0.0978482099595717,0.0967499161367133,0.0966485158433126
"ORD-026072",2026-03-10,0,0.0969127712246978,0.052954219998865,0.0879628904797339,0.0967499161367133,0.0966485158433126
"ORD-025879",2026-03-10,0,0.0969127712246978,0.117772987959203,0.101659977368266,0.0967499161367133,0.0966485158433126
"ORD-025883",2026-03-10,0,0.0969127712246978,0.132161551765401,0.105123010990402,0.0967499161367133,0.0966485158433126
"ORD-025890",2026-03-10,0,0.0969127712246978,0.100796188624286,0.0978482099595717,0.0967499161367133,0.0966485158433126
"ORD-025898",2026-03-10,1,0.0969127712246978,0.114317284553687,0.100808907844754,0.0967499161367133,0.0966485158433126
"ORD-025909",2026-03-10,0,0.0969127712246978,0.0659582059328098,0.0904897248287807,0.0967499161367133,0.0956981529605399
"ORD-025930",2026-03-10,0,0.0969127712246978,0.0958951482569693,0.0968866804111311,0.0967499161367133,0.0966485158433126
"ORD-025942",2026-03-10,1,0.0969127712246978,0.120925249447254,0.102298835725494,0.0967499161367133,0.0966485158433126
"ORD-025952",2026-03-10,0,0.0969127712246978,0.0997972936595289,0.0977879505883506,0.0967499161367133,0.0966485158433126
"ORD-025969",2026-03-10,1,0.0969127712246978,0.108242812462936,0.0994947446402424,0.0967499161367133,0.0966485158433126
"ORD-025974",2026-03-10,0,0.0969127712246978,0.0760542849988922,0.0927014004844493,0.0967499161367133,0.0966485158433126
"ORD-025993",2026-03-10,0,0.0969127712246978,0.104508017666202,0.0987395122202973,0.0967499161367133,0.0966485158433126
"ORD-025998",2026-03-10,0,0.0969127712246978,0.132161551765401,0.105123010990402,0.0967499161367133,0.0966485158433126
"ORD-026004",2026-03-10,0,0.0969127712246978,0.158823917001943,0.111046085226539,0.100541500134285,0.102408918308548
"ORD-026019",2026-03-10,0,0.0969127712246978,0.120925249447254,0.102298835725494,0.0967499161367133,0.0966485158433126
"ORD-026027",2026-03-10,0,0.0969127712246978,0.136943128868998,0.10648763451951,0.0967499161367133,0.0966485158433126
"ORD-026037",2026-03-10,0,0.0969127712246978,0.0744424651408368,0.092471446459772,0.0967499161367133,0.0966485158433126
"ORD-026062",2026-03-10,0,0.0969127712246978,0.166101895642121,0.113199186518157,0.0989612395558877,0.101471725540576
"ORD-026076",2026-03-10,0,0.0969127712246978,0.0997972936595289,0.0977879505883506,0.0967499161367133,0.0966485158433126
"ORD-025876",2026-03-10,1,0.0969127712246978,0.136769202362519,0.106736497896807,0.0967499161367133,0.0966485158433126
"ORD-025926",2026-03-10,0,0.0969127712246978,0.0988466225870616,0.0982244090418142,0.0967499161367133,0.0966485158433126
"ORD-025944",2026-03-10,0,0.0969127712246978,0.121125652155234,0.103322507442811,0.0967499161367133,0.0966485158433126
"ORD-025947",2026-03-10,0,0.0969127712246978,0.0956693633352147,0.0972529157055343,0.0967499161367133,0.0966485158433126
"ORD-025954",2026-03-10,0,0.0969127712246978,0.133535828536605,0.106300394314207,0.0967499161367133,0.0966485158433126
"ORD-025963",2026-03-10,0,0.0969127712246978,0.10465972088961,0.0995958674737751,0.0967499161367133,0.0966485158433126
"ORD-025966",2026-03-10,0,0.0969127712246978,0.111890113761275,0.101044090262679,0.0967499161367133,0.0966485158433126
"ORD-025975",2026-03-10,0,0.0969127712246978,0.0706635704086601,0.0918097457904022,0.0967499161367133,0.0966485158433126
"ORD-026000",2026-03-10,0,0.0969127712246978,0.072244042612472,0.092242262191555,0.0967499161367133,0.0966485158433126
"ORD-026008",2026-03-10,0,0.0969127712246978,0.102398059698694,0.0989229175826743,0.0967499161367133,0.0966485158433126
"ORD-026017",2026-03-10,0,0.0969127712246978,0.0817481219314056,0.0940420262516985,0.0967499161367133,0.0966485158433126
"ORD-026029",2026-03-10,0,0.0969127712246978,0.10465972088961,0.0995958674737751,0.0967499161367133,0.0966485158433126
"ORD-026034",2026-03-10,1,0.0969127712246978,0.16029037189208,0.113215761957095,0.0995408243258331,0.102132575198061
"ORD-026040",2026-03-10,0,0.0969127712246978,0.114472615865185,0.101531913799916,0.0967499161367133,0.0966485158433126
"ORD-025867",2026-03-10,0,0.0969127712246978,0.0787597447683441,0.0935885802020114,0.0967499161367133,0.0966485158433126
"ORD-025872",2026-03-10,0,0.0969127712246978,0.072244042612472,0.092242262191555,0.0967499161367133,0.0966485158433126
"ORD-025875",2026-03-10,0,0.0969127712246978,0.151242036626733,0.110380321169406,0.100541500134285,0.102408918308548
"ORD-025891",2026-03-10,0,0.0969127712246978,0.130184459455012,0.105351658431175,0.0967499161367133,0.0966485158433126
"ORD-025900",2026-03-10,0,0.0969127712246978,0.121032089891994,0.103152476314344,0.0967499161367133,0.0966485158433126
"ORD-025910",2026-03-10,0,0.0969127712246978,0.117856913765637,0.102454045688577,0.0967499161367133,0.0966485158433126
"ORD-025912",2026-03-10,0,0.0969127712246978,0.0901337438787767,0.0960087159747725,0.0967499161367133,0.0966485158433126
"ORD-025935",2026-03-10,0,0.0969127712246978,0.108585780277259,0.100197601691651,0.0967499161367133,0.0966485158433126
"ORD-025949",2026-03-10,0,0.0969127712246978,0.0580930386776028,0.0891666083937744,0.0967499161367133,0.0966485158433126
"ORD-025955",2026-03-10,0,0.0969127712246978,0.107481463807316,0.100129649522023,0.0967499161367133,0.0966485158433126
"ORD-025956",2026-03-10,0,0.0969127712246978,0.0909923804939826,0.0962966115484964,0.0967499161367133,0.0966485158433126
"ORD-025976",2026-03-10,0,0.0969127712246978,0.114932035937495,0.10175768844217,0.0967499161367133,0.0966485158433126
"ORD-026005",2026-03-10,0,0.0969127712246978,0.077129672582524,0.093518409470215,0.0967499161367133,0.0966485158433126
"ORD-026016",2026-03-10,0,0.0969127712246978,0.0901337438787767,0.0960087159747725,0.0967499161367133,0.0966485158433126
"ORD-026079",2026-03-10,0,0.0969127712246978,0.0901337438787767,0.0960087159747725,0.0967499161367133,0.0966485158433126
"ORD-026080",2026-03-10,0,0.0969127712246978,0.0705509070521802,0.0919055312158669,0.0967499161367133,0.0966485158433126
"ORD-025893",2026-03-10,0,0.0969127712246978,0.107759172929045,0.100280209981128,0.0967499161367133,0.0966485158433126
"ORD-025902",2026-03-10,0,0.0969127712246978,0.127309532013975,0.104837018979622,0.0967499161367133,0.0966485158433126
"ORD-025917",2026-03-10,0,0.0969127712246978,0.10465972088961,0.0995958674737751,0.0967499161367133,0.0966485158433126
"ORD-025921",2026-03-10,0,0.0969127712246978,0.0867759434403565,0.0952754262619723,0.0967499161367133,0.0966485158433126
"ORD-025932",2026-03-10,0,0.0969127712246978,0.0624802311260606,0.0899347356476714,0.0967499161367133,0.0956981529605399
"ORD-025936",2026-03-10,0,0.0969127712246978,0.151242036626733,0.110380321169406,0.100541500134285,0.102408918308548
"ORD-025937",2026-03-10,0,0.0969127712246978,0.127213631629926,0.104792593645201,0.0967499161367133,0.0966485158433126
"ORD-025945",2026-03-10,0,0.0969127712246978,0.087427586626502,0.0954054114176172,0.0967499161367133,0.0966485158433126
"ORD-025968",2026-03-10,0,0.0969127712246978,0.0909923804939826,0.0962966115484964,0.0967499161367133,0.0966485158433126
"ORD-025978",2026-03-10,0,0.0969127712246978,0.121125652155234,0.103322507442811,0.0967499161367133,0.0966485158433126
"ORD-025985",2026-03-10,0,0.0969127712246978,0.107481463807316,0.100129649522023,0.0967499161367133,0.0966485158433126
"ORD-025988",2026-03-10,0,0.0969127712246978,0.103378841691719,0.0992109419221252,0.0967499161367133,0.0966485158433126
"ORD-026015",2026-03-10,0,0.0969127712246978,0.112321843158778,0.101261539425561,0.0967499161367133,0.0966485158433126
"ORD-026023",2026-03-10,0,0.0969127712246978,0.092149952384296,0.0964864484271665,0.0967499161367133,0.0966485158433126
"ORD-026039",2026-03-10,0,0.0969127712246978,0.128783921365937,0.105290062315838,0.0967499161367133,0.0966485158433126
"ORD-026044",2026-03-10,0,0.0969127712246978,0.0787597447683441,0.0935885802020114,0.0967499161367133,0.0966485158433126
"ORD-026070",2026-03-10,1,0.0969127712246978,0.11767942721219,0.102222437330109,0.0967499161367133,0.0966485158433126
"ORD-026073",2026-03-10,0,0.0969127712246978,0.0580930386776028,0.0891666083937744,0.0967499161367133,0.0966485158433126
"ORD-025884",2026-03-10,0,0.0969127712246978,0.128783921365937,0.105290062315838,0.0967499161367133,0.0966485158433126
"ORD-025982",2026-03-10,0,0.0969127712246978,0.111890113761275,0.101044090262679,0.0967499161367133,0.0966485158433126
"ORD-025987",2026-03-10,0,0.0969127712246978,0.0787597447683441,0.0935885802020114,0.0967499161367133,0.0966485158433126
"ORD-025990",2026-03-10,0,0.0969127712246978,0.114905424892057,0.101679516296336,0.0967499161367133,0.0966485158433126
"ORD-026003",2026-03-10,0,0.0969127712246978,0.073438517139358,0.0923352283666023,0.0967499161367133,0.0966485158433126
"ORD-026009",2026-03-10,0,0.0969127712246978,0.121032089891994,0.103152476314344,0.0967499161367133,0.0966485158433126
"ORD-026013",2026-03-10,1,0.0969127712246978,0.0619223452509717,0.0899718351082516,0.0967499161367133,0.0966485158433126
"ORD-026049",2026-03-10,0,0.0969127712246978,0.111031401267632,0.101008131090474,0.0967499161367133,0.0966485158433126
"ORD-026061",2026-03-10,0,0.0969127712246978,0.0624802311260606,0.0899347356476714,0.0967499161367133,0.0956981529605399
"ORD-026081",2026-03-10,0,0.0969127712246978,0.102780520303658,0.0988905311658304,0.0967499161367133,0.0966485158433126
"ORD-025870",2026-03-10,0,0.0969127712246978,0.0949002396162646,0.0975526507376406,0.0967499161367133,0.0966485158433126
"ORD-025931",2026-03-10,0,0.0969127712246978,0.103053557266609,0.0995028247258205,0.0967499161367133,0.0966485158433126
"ORD-025938",2026-03-10,0,0.0969127712246978,0.06402642735405,0.0909030130500956,0.0967499161367133,0.0966485158433126
"ORD-025971",2026-03-10,0,0.0969127712246978,0.0807580924374382,0.0944703409813445,0.0967499161367133,0.0966485158433126
"ORD-026035",2026-03-10,0,0.0969127712246978,0.107134977682252,0.100176653491762,0.0967499161367133,0.0966485158433126
"ORD-026043",2026-03-10,0,0.0969127712246978,0.107134977682252,0.100176653491762,0.0967499161367133,0.0966485158433126
"ORD-026054",2026-03-10,0,0.0969127712246978,0.116580365843291,0.102355039351008,0.0967499161367133,0.0966485158433126
"ORD-025886",2026-03-10,0,0.0969127712246978,0.119705037349523,0.102997764861777,0.0967499161367133,0.0966485158433126
"ORD-025887",2026-03-10,0,0.0969127712246978,0.0852962205283055,0.0952717581430348,0.0967499161367133,0.0966485158433126
"ORD-025918",2026-03-10,0,0.0969127712246978,0.135524557453191,0.106711859949341,0.0967499161367133,0.0966485158433126
"ORD-025959",2026-03-10,0,0.0969127712246978,0.164511133034438,0.113963134920219,0.0989612395558877,0.101471725540576
"ORD-026024",2026-03-10,0,0.0969127712246978,0.0737692182579207,0.0930132843850259,0.0967499161367133,0.0966485158433126
"ORD-026025",2026-03-10,0,0.0969127712246978,0.0852962205283055,0.0952717581430348,0.0967499161367133,0.0966485158433126
"ORD-026060",2026-03-10,0,0.0969127712246978,0.138991430806212,0.10767137082218,0.0967499161367133,0.0966485158433126
"ORD-026064",2026-03-10,0,0.0969127712246978,0.164511133034438,0.113963134920219,0.0989612395558877,0.101471725540576
"ORD-025948",2026-03-10,1,0.0969127712246978,0.106738241199793,0.100209414270158,0.0967499161367133,0.0966485158433126
"ORD-025951",2026-03-10,0,0.0969127712246978,0.0610571620028195,0.0903153983833532,0.0967499161367133,0.0966485158433126
"ORD-025960",2026-03-10,0,0.0969127712246978,0.112010220220745,0.10143007325314,0.0967499161367133,0.0966485158433126
"ORD-025965",2026-03-10,0,0.0969127712246978,0.0736519957923124,0.0931101967331192,0.0967499161367133,0.0966485158433126
"ORD-025992",2026-03-10,0,0.0969127712246978,0.157289708736744,0.111797334826609,0.100541500134285,0.102408918308548
"ORD-026014",2026-03-10,0,0.0969127712246978,0.116528973629727,0.102307831094133,0.0967499161367133,0.0966485158433126
"ORD-026028",2026-03-10,0,0.0969127712246978,0.142335203882942,0.108112418509004,0.0967499161367133,0.0966485158433126
"ORD-026087",2026-03-11,0,0.0969127712246978,0.103306953206883,0.0993269299189832,0.0967499161367133,0.0966485158433126
"ORD-026090",2026-03-11,0,0.0969127712246978,0.10062613659299,0.0984335774729292,0.0967499161367133,0.0966485158433126
"ORD-026097",2026-03-11,0,0.0969127712246978,0.0693569394575517,0.0899878728693976,0.0967499161367133,0.0966485158433126
"ORD-026103",2026-03-11,0,0.0969127712246978,0.0724185466667006,0.0906724001519968,0.0967499161367133,0.0966485158433126
"ORD-026114",2026-03-11,0,0.0969127712246978,0.0384138439987079,0.0817079317421828,0.0967499161367133,0.0966485158433126
"ORD-026167",2026-03-11,0,0.0969127712246978,0.0537838077893699,0.0856957369222224,0.0967499161367133,0.0966485158433126
"ORD-026170",2026-03-11,0,0.0969127712246978,0.123212352136904,0.105188567099654,0.0989612395558877,0.101471725540576
"ORD-026171",2026-03-11,0,0.0969127712246978,0.0809163281074129,0.0929327952930011,0.0967499161367133,0.0966485158433126
"ORD-026199",2026-03-11,0,0.0969127712246978,0.099507211698842,0.0983755813955915,0.0967499161367133,0.0966485158433126
"ORD-026219",2026-03-11,0,0.0969127712246978,0.0892282119445405,0.0952400555178324,0.0967499161367133,0.0966485158433126
"ORD-026229",2026-03-11,1,0.0969127712246978,0.12487788069705,0.105842366672151,0.0995408243258331,0.102132575198061
"ORD-026231",2026-03-11,0,0.0969127712246978,0.10589783670894,0.0997376172493881,0.0967499161367133,0.0966485158433126
"ORD-026235",2026-03-11,0,0.0969127712246978,0.106606561437268,0.100350213629671,0.0967499161367133,0.0966485158433126
"ORD-026244",2026-03-11,0,0.0969127712246978,0.0689480992184041,0.0896426800549222,0.0967499161367133,0.0966485158433126
"ORD-026248",2026-03-11,1,0.0969127712246978,0.123212352136904,0.105188567099654,0.0989612395558877,0.101471725540576
"ORD-026256",2026-03-11,1,0.0969127712246978,0.136375583394019,0.108510785940659,0.0967499161367133,0.0966485158433126
"ORD-026125",2026-03-11,0,0.0969127712246978,0.0420497598104364,0.0826409179451258,0.0967499161367133,0.0966485158433126
"ORD-026149",2026-03-11,0,0.0969127712246978,0.0860352192751095,0.0943351162749889,0.0967499161367133,0.0966485158433126
"ORD-026177",2026-03-11,0,0.0969127712246978,0.117548730235208,0.103170105347718,0.100541500134285,0.102408918308548
"ORD-026187",2026-03-11,1,0.0969127712246978,0.055009091640438,0.0861021809017549,0.0967499161367133,0.0966485158433126
"ORD-026195",2026-03-11,0,0.0969127712246978,0.0705271384596353,0.0900918924989966,0.0967499161367133,0.0966485158433126
"ORD-026202",2026-03-11,1,0.0969127712246978,0.115124900863233,0.102185300591014,0.0967499161367133,0.0966485158433126
"ORD-026205",2026-03-11,0,0.0969127712246978,0.074981831758872,0.0926191907596622,0.0967499161367133,0.0966485158433126
"ORD-026206",2026-03-11,0,0.0969127712246978,0.074981831758872,0.0926191907596622,0.0967499161367133,0.0966485158433126
"ORD-026211",2026-03-11,0,0.0969127712246978,0.123212352136904,0.105188567099654,0.0989612395558877,0.101471725540576
"ORD-026218",2026-03-11,0,0.0969127712246978,0.0853948352069775,0.0943451962622613,0.0967499161367133,0.0966485158433126
"ORD-026251",2026-03-11,0,0.0969127712246978,0.0589998782723966,0.0870491655846963,0.0967499161367133,0.0966485158433126
"ORD-026128",2026-03-11,0,0.0969127712246978,0.074981831758872,0.0926191907596622,0.0967499161367133,0.0966485158433126
"ORD-026139",2026-03-11,0,0.0969127712246978,0.0474554446645002,0.0839340519255264,0.0967499161367133,0.0956981529605399
"ORD-026153",2026-03-11,0,0.0969127712246978,0.0760719070753575,0.0916463941223765,0.0967499161367133,0.0966485158433126
"ORD-026155",2026-03-11,1,0.0969127712246978,0.0793514903901194,0.0926543391305708,0.0967499161367133,0.0966485158433126
"ORD-026163",2026-03-11,0,0.0969127712246978,0.103306953206883,0.0993269299189832,0.0967499161367133,0.0966485158433126
"ORD-026164",2026-03-11,0,0.0969127712246978,0.037951150816006,0.0815738594561301,0.0967499161367133,0.0966485158433126
"ORD-026165",2026-03-11,0,0.0969127712246978,0.0474554446645002,0.0839340519255264,0.0967499161367133,0.0956981529605399
"ORD-026169",2026-03-11,0,0.0969127712246978,0.0589998782723966,0.0870491655846963,0.0967499161367133,0.0966485158433126
"ORD-026176",2026-03-11,0,0.0969127712246978,0.0689480992184041,0.0896426800549222,0.0967499161367133,0.0966485158433126
"ORD-026217",2026-03-11,0,0.0969127712246978,0.0539198083535965,0.085673186997941,0.0967499161367133,0.0966485158433126
"ORD-026224",2026-03-11,1,0.0969127712246978,0.0689480992184041,0.0896426800549222,0.0967499161367133,0.0966485158433126
"ORD-026238",2026-03-11,0,0.0969127712246978,0.0860352192751095,0.0943351162749889,0.0967499161367133,0.0966485158433126
"ORD-026258",2026-03-11,0,0.0969127712246978,0.0589998782723966,0.0870491655846963,0.0967499161367133,0.0966485158433126
"ORD-026089",2026-03-11,0,0.0969127712246978,0.0892282119445405,0.0952400555178324,0.0967499161367133,0.0966485158433126
"ORD-026102",2026-03-11,0,0.0969127712246978,0.099507211698842,0.0983755813955915,0.0967499161367133,0.0966485158433126
"ORD-026106",2026-03-11,0,0.0969127712246978,0.037951150816006,0.0815738594561301,0.0967499161367133,0.0966485158433126
"ORD-026179",2026-03-11,0,0.0969127712246978,0.0420497598104364,0.0826409179451258,0.0967499161367133,0.0966485158433126
"ORD-026197",2026-03-11,0,0.0969127712246978,0.0982536400905268,0.0979072069294899,0.0967499161367133,0.0966485158433126
"ORD-026226",2026-03-11,0,0.0969127712246978,0.0548857695357758,0.0860006499299135,0.0967499161367133,0.0966485158433126
"ORD-026252",2026-03-11,0,0.0969127712246978,0.0548857695357758,0.0860006499299135,0.0967499161367133,0.0966485158433126
"ORD-026254",2026-03-11,0,0.0969127712246978,0.0788532980965618,0.0924389033856296,0.0967499161367133,0.0966485158433126
"ORD-026257",2026-03-11,0,0.0969127712246978,0.0892282119445405,0.0952400555178324,0.0967499161367133,0.0966485158433126
"ORD-026084",2026-03-11,0,0.0969127712246978,0.106606561437268,0.100350213629671,0.0967499161367133,0.0966485158433126
"ORD-026091",2026-03-11,0,0.0969127712246978,0.0853948352069775,0.0943451962622613,0.0967499161367133,0.0966485158433126
"ORD-026092",2026-03-11,0,0.0969127712246978,0.103306953206883,0.0993269299189832,0.0967499161367133,0.0966485158433126
"ORD-026094",2026-03-11,0,0.0969127712246978,0.0788799971468321,0.092352932548285,0.0967499161367133,0.0966485158433126
"ORD-026098",2026-03-11,0,0.0969127712246978,0.0828077682955662,0.0936602894182111,0.0967499161367133,0.0966485158433126
"ORD-026105",2026-03-11,0,0.0969127712246978,0.0982536400905268,0.0979072069294899,0.0967499161367133,0.0966485158433126
"ORD-026116",2026-03-11,0,0.0969127712246978,0.0825884100551148,0.0935186349985981,0.0967499161367133,0.0966485158433126
"ORD-026123",2026-03-11,0,0.0969127712246978,0.0908053536928387,0.0957058860002267,0.0967499161367133,0.0966485158433126
"ORD-026127",2026-03-11,0,0.0969127712246978,0.123212352136904,0.105188567099654,0.0989612395558877,0.101471725540576
"ORD-026145",2026-03-11,1,0.0969127712246978,0.0597329149836392,0.0872367099424033,0.0967499161367133,0.0966485158433126
"ORD-026172",2026-03-11,0,0.0969127712246978,0.0723400395193385,0.0906971187288743,0.0967499161367133,0.0966485158433126
"ORD-026174",2026-03-11,0,0.0969127712246978,0.0933288402303567,0.0963632532753788,0.0967499161367133,0.0966485158433126
"ORD-026180",2026-03-11,0,0.0969127712246978,0.106158759857135,0.100540255651647,0.0967499161367133,0.0966485158433126
"ORD-026213",2026-03-11,0,0.0969127712246978,0.0864162850665318,0.0945836473780128,0.0967499161367133,0.0966485158433126
"ORD-026214",2026-03-11,0,0.0969127712246978,0.0834608801120222,0.0935825672346242,0.0967499161367133,0.0966485158433126
"ORD-026225",2026-03-11,0,0.0969127712246978,0.106158759857135,0.100540255651647,0.0967499161367133,0.0966485158433126
"ORD-026086",2026-03-11,0,0.0969127712246978,0.0919598190503967,0.0950641494030912,0.0967499161367133,0.0966485158433126
"ORD-026101",2026-03-11,0,0.0969127712246978,0.114167709635583,0.100982027059599,0.0967499161367133,0.0966485158433126
"ORD-026115",2026-03-11,1,0.0969127712246978,0.0480726752801192,0.0842479074292994,0.0967499161367133,0.0966485158433126
"ORD-026117",2026-03-11,0,0.0969127712246978,0.0605682838414981,0.087281307438565,0.0967499161367133,0.0966485158433126
"ORD-026178",2026-03-11,0,0.0969127712246978,0.082609536817109,0.0929543126146626,0.0967499161367133,0.0966485158433126
"ORD-026204",2026-03-11,0,0.0969127712246978,0.126599625860118,0.104452372818364,0.100541500134285,0.102408918308548
"ORD-026233",2026-03-11,0,0.0969127712246978,0.0892196235581618,0.0946936131929924,0.0967499161367133,0.0966485158433126
"ORD-026234",2026-03-11,0,0.0969127712246978,0.0762704364125497,0.09122814967613,0.0967499161367133,0.0966485158433126
"ORD-026242",2026-03-11,0,0.0969127712246978,0.100727742746524,0.0975701246357875,0.0967499161367133,0.0966485158433126
"ORD-026109",2026-03-11,0,0.0969127712246978,0.0852411196777712,0.0935147756490091,0.0967499161367133,0.0966485158433126
"ORD-026118",2026-03-11,1,0.0969127712246978,0.0980258291528756,0.0969054072706962,0.0967499161367133,0.0966485158433126
"ORD-026136",2026-03-11,0,0.0969127712246978,0.0722970358816838,0.0902001452469617,0.0967499161367133,0.0966485158433126
"ORD-026137",2026-03-11,0,0.0969127712246978,0.0638689704603973,0.0881507650437993,0.0967499161367133,0.0966485158433126
"ORD-026156",2026-03-11,0,0.0969127712246978,0.0857470960384766,0.0938195821213232,0.0967499161367133,0.0966485158433126
"ORD-026168",2026-03-11,0,0.0969127712246978,0.0849177484385973,0.0935455842837111,0.0967499161367133,0.0966485158433126
"ORD-026194",2026-03-11,1,0.0969127712246978,0.0929572293402857,0.0955636811219863,0.0967499161367133,0.0966485158433126
"ORD-026196",2026-03-11,0,0.0969127712246978,0.0833663665953113,0.0930142062423783,0.0967499161367133,0.0966485158433126
"ORD-026198",2026-03-11,0,0.0969127712246978,0.0455877754923079,0.0836918454232371,0.0967499161367133,0.0966485158433126
"ORD-026208",2026-03-11,0,0.0969127712246978,0.0978748936937963,0.0966849910222847,0.0967499161367133,0.0966485158433126
"ORD-026230",2026-03-11,0,0.0969127712246978,0.126599625860118,0.104452372818364,0.100541500134285,0.102408918308548
"ORD-026245",2026-03-11,0,0.0969127712246978,0.0750126342154256,0.0911229495120963,0.0967499161367133,0.0966485158433126
"ORD-026249",2026-03-11,1,0.0969127712246978,0.114924666732483,0.10160140410391,0.0967499161367133,0.0966485158433126
"ORD-026255",2026-03-11,0,0.0969127712246978,0.0646583458224673,0.0883404531039966,0.0967499161367133,0.0966485158433126
"ORD-026259",2026-03-11,1,0.0969127712246978,0.081056257278942,0.0937840374051946,0.0967499161367133,0.0966485158433126
"ORD-026085",2026-03-11,0,0.0969127712246978,0.105997325616639,0.0991312937603892,0.0967499161367133,0.0966485158433126
"ORD-026108",2026-03-11,0,0.0969127712246978,0.0477734669417955,0.0842700182784287,0.0967499161367133,0.0966485158433126
"ORD-026140",2026-03-11,0,0.0969127712246978,0.0717493017538919,0.0900765458193114,0.0967499161367133,0.0966485158433126
"ORD-026150",2026-03-11,0,0.0969127712246978,0.10256418545818,0.097567109323998,0.0967499161367133,0.0966485158433126
"ORD-026175",2026-03-11,0,0.0969127712246978,0.100727742746524,0.0975701246357875,0.0967499161367133,0.0966485158433126
"ORD-026220",2026-03-11,0,0.0969127712246978,0.0717493017538919,0.0900765458193114,0.0967499161367133,0.0966485158433126
"ORD-026228",2026-03-11,0,0.0969127712246978,0.0762704364125497,0.09122814967613,0.0967499161367133,0.0966485158433126
"ORD-026082",2026-03-11,0,0.0969127712246978,0.0857470960384766,0.0938195821213232,0.0967499161367133,0.0966485158433126
"ORD-026083",2026-03-11,0,0.0969127712246978,0.0646583458224673,0.0883404531039966,0.0967499161367133,0.0966485158433126
"ORD-026093",2026-03-11,0,0.0969127712246978,0.0792363059262949,0.0919570974909475,0.0967499161367133,0.0966485158433126
"ORD-026096",2026-03-11,0,0.0969127712246978,0.0819172459844235,0.0928811319662226,0.0967499161367133,0.0966485158433126
"ORD-026131",2026-03-11,0,0.0969127712246978,0.0750126342154256,0.0911229495120963,0.0967499161367133,0.0966485158433126
"ORD-026147",2026-03-11,0,0.0969127712246978,0.096336567446505,0.0964343609577048,0.0967499161367133,0.0966485158433126
"ORD-026148",2026-03-11,0,0.0969127712246978,0.0852411196777712,0.0935147756490091,0.0967499161367133,0.0966485158433126
"ORD-026157",2026-03-11,0,0.0969127712246978,0.0868306714087251,0.0941857770437852,0.0967499161367133,0.0966485158433126
"ORD-026158",2026-03-11,0,0.0969127712246978,0.0583465619549858,0.0867943308724783,0.0967499161367133,0.0966485158433126
"ORD-026246",2026-03-11,0,0.0969127712246978,0.0894548771915635,0.0948368611738101,0.0967499161367133,0.0966485158433126
"ORD-026141",2026-03-11,0,0.0969127712246978,0.078218545288953,0.0918402386922451,0.0967499161367133,0.0966485158433126
"ORD-026152",2026-03-11,0,0.0969127712246978,0.078218545288953,0.0918402386922451,0.0967499161367133,0.0966485158433126
"ORD-026154",2026-03-11,0,0.0969127712246978,0.0978748936937963,0.0966849910222847,0.0967499161367133,0.0966485158433126
"ORD-026184",2026-03-11,0,0.0969127712246978,0.126599625860118,0.104452372818364,0.100541500134285,0.102408918308548
"ORD-026189",2026-03-11,0,0.0969127712246978,0.108721770346605,0.0998787248885591,0.0967499161367133,0.0966485158433126
"ORD-026200",2026-03-11,0,0.0969127712246978,0.0857470960384766,0.0938195821213232,0.0967499161367133,0.0966485158433126
"ORD-026232",2026-03-11,0,0.0969127712246978,0.0722970358816838,0.0902001452469617,0.0967499161367133,0.0966485158433126
"ORD-026240",2026-03-11,0,0.0969127712246978,0.107337934973752,0.0996048775108323,0.0967499161367133,0.0966485158433126
"ORD-026243",2026-03-11,0,0.0969127712246978,0.0852411196777712,0.0935147756490091,0.0967499161367133,0.0966485158433126
"ORD-026088",2026-03-11,0,0.0969127712246978,0.105797006041782,0.0999567869053484,0.0967499161367133,0.0966485158433126
"ORD-026104",2026-03-11,0,0.0969127712246978,0.0956040286964672,0.0969763403498908,0.0967499161367133,0.0966485158433126
"ORD-026113",2026-03-11,0,0.0969127712246978,0.0783271673213335,0.0923857431080106,0.0967499161367133,0.0966485158433126
"ORD-026121",2026-03-11,0,0.0969127712246978,0.0808343526243754,0.0929431292595807,0.0967499161367133,0.0966485158433126
"ORD-026130",2026-03-11,0,0.0969127712246978,0.09302533592789,0.096315236519323,0.0967499161367133,0.0966485158433126
"ORD-026186",2026-03-11,0,0.0969127712246978,0.0848504750658736,0.0942579733665745,0.0967499161367133,0.0966485158433126
"ORD-026216",2026-03-11,0,0.0969127712246978,0.0815334208858413,0.0930960193004311,0.0967499161367133,0.0966485158433126
"ORD-026236",2026-03-11,0,0.0969127712246978,0.0928813071254888,0.0960960198055739,0.0967499161367133,0.0966485158433126
"ORD-026237",2026-03-11,0,0.0969127712246978,0.0564082327137113,0.0866562449781974,0.0967499161367133,0.0966485158433126
"ORD-026247",2026-03-11,0,0.0969127712246978,0.0774042629672636,0.0919356918026037,0.0967499161367133,0.0966485158433126
"ORD-026253",2026-03-11,0,0.0969127712246978,0.038934303378213,0.082101401763245,0.0967499161367133,0.0966485158433126
"ORD-026110",2026-03-11,0,0.0969127712246978,0.100713736964812,0.0985711083301323,0.0967499161367133,0.0966485158433126
"ORD-026119",2026-03-11,0,0.0969127712246978,0.0967992012257106,0.0975466523350234,0.0967499161367133,0.0966485158433126
"ORD-026124",2026-03-11,0,0.0969127712246978,0.117862365447903,0.102831213790527,0.0967499161367133,0.0966485158433126
"ORD-026129",2026-03-11,0,0.0969127712246978,0.0779625771114047,0.0922325344098931,0.0967499161367133,0.0966485158433126
"ORD-026134",2026-03-11,0,0.0969127712246978,0.117862365447903,0.102831213790527,0.0967499161367133,0.0966485158433126
"ORD-026143",2026-03-11,0,0.0969127712246978,0.0612444183909577,0.0877973733006429,0.0967499161367133,0.0966485158433126
"ORD-026144",2026-03-11,0,0.0969127712246978,0.101916087247563,0.0990000687481723,0.0967499161367133,0.0966485158433126
"ORD-026181",2026-03-11,0,0.0969127712246978,0.0808343526243754,0.0929431292595807,0.0967499161367133,0.0966485158433126
"ORD-026192",2026-03-11,0,0.0969127712246978,0.103238106501945,0.0992724366361788,0.0967499161367133,0.0966485158433126
"ORD-026223",2026-03-11,0,0.0969127712246978,0.120335991342404,0.10382152365631,0.100541500134285,0.102408918308548
"ORD-026112",2026-03-11,0,0.0969127712246978,0.13953866844056,0.109191819766163,0.0967499161367133,0.0966485158433126
"ORD-026120",2026-03-11,0,0.0969127712246978,0.038934303378213,0.082101401763245,0.0967499161367133,0.0966485158433126
"ORD-026146",2026-03-11,0,0.0969127712246978,0.10916646369268,0.100985831962428,0.0967499161367133,0.0966485158433126
"ORD-026161",2026-03-11,0,0.0969127712246978,0.10916646369268,0.100985831962428,0.0967499161367133,0.0966485158433126
"ORD-026162",2026-03-11,0,0.0969127712246978,0.0815334208858413,0.0930960193004311,0.0967499161367133,0.0966485158433126
"ORD-026166",2026-03-11,0,0.0969127712246978,0.0906318139998606,0.0955821730164991,0.0967499161367133,0.0966485158433126
"ORD-026182",2026-03-11,0,0.0969127712246978,0.0552462094377676,0.0862598566357598,0.0967499161367133,0.0966485158433126
"ORD-026183",2026-03-11,0,0.0969127712246978,0.0564082327137113,0.0866562449781974,0.0967499161367133,0.0966485158433126
"ORD-026207",2026-03-11,0,0.0969127712246978,0.0604940260421688,0.0876087393004388,0.0967499161367133,0.0966485158433126
"ORD-026210",2026-03-11,0,0.0969127712246978,0.0928813071254888,0.0960960198055739,0.0967499161367133,0.0966485158433126
"ORD-026212",2026-03-11,0,0.0969127712246978,0.126114714039348,0.105851225796334,0.0989612395558877,0.101471725540576
"ORD-026215",2026-03-11,0,0.0969127712246978,0.090281109234739,0.0954424812969326,0.0967499161367133,0.0966485158433126
"ORD-026227",2026-03-11,1,0.0969127712246978,0.120335991342404,0.10382152365631,0.100541500134285,0.102408918308548
"ORD-026239",2026-03-11,0,0.0969127712246978,0.10916646369268,0.100985831962428,0.0967499161367133,0.0966485158433126
"ORD-026100",2026-03-11,0,0.0969127712246978,0.0486723563266738,0.0844754538052725,0.0967499161367133,0.0956981529605399
"ORD-026107",2026-03-11,0,0.0969127712246978,0.0881900150109937,0.0949808223140002,0.0967499161367133,0.0966485158433126
"ORD-026111",2026-03-11,0,0.0969127712246978,0.0710935594003558,0.0905644633711745,0.0967499161367133,0.0966485158433126
"ORD-026122",2026-03-11,0,0.0969127712246978,0.0615905161017842,0.0879289298699295,0.0967499161367133,0.0966485158433126
"ORD-026126",2026-03-11,1,0.0969127712246978,0.0564082327137113,0.0866562449781974,0.0967499161367133,0.0966485158433126
"ORD-026133",2026-03-11,0,0.0969127712246978,0.0779625771114047,0.0922325344098931,0.0967499161367133,0.0966485158433126
"ORD-026135",2026-03-11,1,0.0969127712246978,0.0552462094377676,0.0862598566357598,0.0967499161367133,0.0966485158433126
"ORD-026138",2026-03-11,0,0.0969127712246978,0.0881900150109937,0.0949808223140002,0.0967499161367133,0.0966485158433126
"ORD-026160",2026-03-11,0,0.0969127712246978,0.0573570668897527,0.0867441192787708,0.0967499161367133,0.0966485158433126
"ORD-026188",2026-03-11,0,0.0969127712246978,0.0846262049514036,0.0941155088609307,0.0967499161367133,0.0966485158433126
"ORD-026191",2026-03-11,1,0.0969127712246978,0.103238106501945,0.0992724366361788,0.0967499161367133,0.0966485158433126
"ORD-026201",2026-03-11,0,0.0969127712246978,0.088149889324971,0.094936655487017,0.0967499161367133,0.0966485158433126
"ORD-026203",2026-03-11,0,0.0969127712246978,0.0713630686433145,0.0904895455512481,0.0967499161367133,0.0966485158433126
"ORD-026250",2026-03-11,0,0.0969127712246978,0.120335991342404,0.10382152365631,0.100541500134285,0.102408918308548
"ORD-026132",2026-03-11,0,0.0969127712246978,0.0709852365668218,0.0907004065504698,0.0967499161367133,0.0966485158433126
"ORD-026185",2026-03-11,0,0.0969127712246978,0.0776031494711352,0.0925353026213193,0.0967499161367133,0.0966485158433126
"ORD-026193",2026-03-11,0,0.0969127712246978,0.0643250057817776,0.0890865849882549,0.0967499161367133,0.0966485158433126
"ORD-026209",2026-03-11,1,0.0969127712246978,0.097011186739616,0.0975714924129921,0.0967499161367133,0.0966485158433126
"ORD-026221",2026-03-11,0,0.0969127712246978,0.0882872100606586,0.0953461005136526,0.0967499161367133,0.0966485158433126
"ORD-026222",2026-03-11,1,0.0969127712246978,0.094548193603461,0.0969047378600083,0.0967499161367133,0.0966485158433126
"ORD-026095",2026-03-11,0,0.0969127712246978,0.0589270878340316,0.0877987571520857,0.0967499161367133,0.0966485158433126
"ORD-026099",2026-03-11,0,0.0969127712246978,0.0882872100606586,0.0953461005136526,0.0967499161367133,0.0966485158433126
"ORD-026142",2026-03-11,1,0.0969127712246978,0.133071486578359,0.107881992110296,0.0995408243258331,0.102132575198061
"ORD-026151",2026-03-11,0,0.0969127712246978,0.0450887743756639,0.0842755819480506,0.0967499161367133,0.0966485158433126
"ORD-026159",2026-03-11,0,0.0969127712246978,0.107474305076433,0.100819905524956,0.0967499161367133,0.0966485158433126
"ORD-026173",2026-03-11,0,0.0969127712246978,0.0589270878340316,0.0877987571520857,0.0967499161367133,0.0966485158433126
"ORD-026190",2026-03-11,0,0.0969127712246978,0.113757168837863,0.102296111216697,0.0967499161367133,0.0966485158433126
"ORD-026241",2026-03-11,0,0.0969127712246978,0.0848475923151099,0.0944666753582127,0.0967499161367133,0.0966485158433126
"ORD-026260",2026-03-11,0,0.0969127712246978,0.0754621392581146,0.0918591811081166,0.0967499161367133,0.0966485158433126
"ORD-026269",2026-03-12,0,0.0969127712246978,0.0439970338615452,0.0834335075353118,0.0967499161367133,0.0966485158433126
"ORD-026286",2026-03-12,0,0.0969127712246978,0.0755793509012583,0.0915592618099552,0.0967499161367133,0.0966485158433126
"ORD-026290",2026-03-12,0,0.0969127712246978,0.0561515081359364,0.0866056495468497,0.0967499161367133,0.0966485158433126
"ORD-026291",2026-03-12,0,0.0969127712246978,0.104988718819489,0.0993612253712033,0.0967499161367133,0.0966485158433126
"ORD-026292",2026-03-12,0,0.0969127712246978,0.0889016931990347,0.0947743385752089,0.0967499161367133,0.0966485158433126
"ORD-026293",2026-03-12,0,0.0969127712246978,0.0862439680615156,0.09440481413174,0.0967499161367133,0.0966485158433126
"ORD-026312",2026-03-12,1,0.0969127712246978,0.142043276432644,0.109521865717717,0.0967499161367133,0.0966485158433126
"ORD-026327",2026-03-12,1,0.0969127712246978,0.0720473195035138,0.0904957974502849,0.0967499161367133,0.0966485158433126
"ORD-026328",2026-03-12,0,0.0969127712246978,0.0486928540824664,0.0845382832831148,0.0967499161367133,0.0966485158433126
"ORD-026340",2026-03-12,0,0.0969127712246978,0.0889016931990347,0.0947743385752089,0.0967499161367133,0.0966485158433126
"ORD-026344",2026-03-12,0,0.0969127712246978,0.0496400776059475,0.0847378980538448,0.0967499161367133,0.0956981529605399
"ORD-026351",2026-03-12,0,0.0969127712246978,0.102525089655522,0.0988304380405596,0.0967499161367133,0.0966485158433126
"ORD-026361",2026-03-12,0,0.0969127712246978,0.0823861525579948,0.0932292015955855,0.0967499161367133,0.0966485158433126
"ORD-026366",2026-03-12,0,0.0969127712246978,0.0573918514647596,0.0868224122662269,0.0967499161367133,0.0966485158433126
"ORD-026369",2026-03-12,1,0.0969127712246978,0.0931478233016318,0.0961408167158509,0.0967499161367133,0.0966485158433126
"ORD-026381",2026-03-12,0,0.0969127712246978,0.0496400776059475,0.0847378980538448,0.0967499161367133,0.0956981529605399
"ORD-026384",2026-03-12,0,0.0969127712246978,0.0755793509012583,0.0915592618099552,0.0967499161367133,0.0966485158433126
"ORD-026418",2026-03-12,0,0.0969127712246978,0.0562425684055726,0.0865148615037137,0.0967499161367133,0.0966485158433126
"ORD-026419",2026-03-12,0,0.0969127712246978,0.092374734013549,0.0959496961435095,0.0967499161367133,0.0966485158433126
"ORD-026263",2026-03-12,0,0.0969127712246978,0.087151387146611,0.0944692890515717,0.0967499161367133,0.0966485158433126
"ORD-026267",2026-03-12,0,0.0969127712246978,0.0923528008422565,0.0958755095661533,0.0967499161367133,0.0966485158433126
"ORD-026309",2026-03-12,0,0.0969127712246978,0.0991919335566474,0.0972704882093335,0.0967499161367133,0.0966485158433126
"ORD-026314",2026-03-12,0,0.0969127712246978,0.0755793509012583,0.0915592618099552,0.0967499161367133,0.0966485158433126
"ORD-026320",2026-03-12,0,0.0969127712246978,0.0573918514647596,0.0868224122662269,0.0967499161367133,0.0966485158433126
"ORD-026321",2026-03-12,0,0.0969127712246978,0.0627981263699399,0.0882010695765641,0.0967499161367133,0.0966485158433126
"ORD-026324",2026-03-12,0,0.0969127712246978,0.0969267841162387,0.0971840860184253,0.0967499161367133,0.0966485158433126
"ORD-026346",2026-03-12,0,0.0969127712246978,0.0755793509012583,0.0915592618099552,0.0967499161367133,0.0966485158433126
"ORD-026375",2026-03-12,0,0.0969127712246978,0.0823583728642613,0.0933159042827724,0.0967499161367133,0.0966485158433126
"ORD-026400",2026-03-12,0,0.0969127712246978,0.0986245980115592,0.0978453655253921,0.0967499161367133,0.0966485158433126
"ORD-026266",2026-03-12,0,0.0969127712246978,0.0839273502265111,0.0938983661517612,0.0967499161367133,0.0966485158433126
"ORD-026282",2026-03-12,0,0.0969127712246978,0.0765656234026942,0.0916757991801395,0.0967499161367133,0.0966485158433126
"ORD-026288",2026-03-12,0,0.0969127712246978,0.0693119746864562,0.0898004312434851,0.0967499161367133,0.0966485158433126
"ORD-026295",2026-03-12,1,0.0969127712246978,0.0486928540824664,0.0845382832831148,0.0967499161367133,0.0966485158433126
"ORD-026310",2026-03-12,0,0.0969127712246978,0.0862439680615156,0.09440481413174,0.0967499161367133,0.0966485158433126
"ORD-026356",2026-03-12,0,0.0969127712246978,0.101239927676262,0.0985418210422926,0.0967499161367133,0.0966485158433126
"ORD-026359",2026-03-12,0,0.0969127712246978,0.062445694259672,0.0880691451560498,0.0967499161367133,0.0966485158433126
"ORD-026377",2026-03-12,0,0.0969127712246978,0.065223751252622,0.0886309650107658,0.0967499161367133,0.0966485158433126
"ORD-026423",2026-03-12,0,0.0969127712246978,0.0491908258713955,0.0847730534328448,0.0967499161367133,0.0966485158433126
"ORD-026268",2026-03-12,0,0.0969127712246978,0.0823861525579948,0.0932292015955855,0.0967499161367133,0.0966485158433126
"ORD-026274",2026-03-12,0,0.0969127712246978,0.101239927676262,0.0985418210422926,0.0967499161367133,0.0966485158433126
"ORD-026322",2026-03-12,0,0.0969127712246978,0.0584868449391457,0.0870129418368686,0.0967499161367133,0.0966485158433126
"ORD-026370",2026-03-12,0,0.0969127712246978,0.11046089953583,0.100676182215447,0.0967499161367133,0.0966485158433126
"ORD-026378",2026-03-12,0,0.0969127712246978,0.0946405635951335,0.0963907652537662,0.0967499161367133,0.0966485158433126
"ORD-026389",2026-03-12,1,0.0969127712246978,0.0805686598918698,0.0927300044472691,0.0967499161367133,0.0966485158433126
"ORD-026402",2026-03-12,1,0.0969127712246978,0.105170786669747,0.0995758515065726,0.0967499161367133,0.0966485158433126
"ORD-026406",2026-03-12,1,0.0969127712246978,0.0898284028915165,0.0952282195682675,0.0967499161367133,0.0966485158433126
"ORD-026281",2026-03-12,0,0.0969127712246978,0.104988718819489,0.0993612253712033,0.0967499161367133,0.0966485158433126
"ORD-026285",2026-03-12,0,0.0969127712246978,0.0986245980115592,0.0978453655253921,0.0967499161367133,0.0966485158433126
"ORD-026296",2026-03-12,0,0.0969127712246978,0.0889016931990347,0.0947743385752089,0.0967499161367133,0.0966485158433126
"ORD-026325",2026-03-12,0,0.0969127712246978,0.142043276432644,0.109521865717717,0.0967499161367133,0.0966485158433126
"ORD-026343",2026-03-12,0,0.0969127712246978,0.128414331754207,0.106172377854419,0.0989612395558877,0.101471725540576
"ORD-026368",2026-03-12,0,0.0969127712246978,0.103826883844587,0.099302742933789,0.0967499161367133,0.0966485158433126
"ORD-026403",2026-03-12,0,0.0969127712246978,0.0969267841162387,0.0971840860184253,0.0967499161367133,0.0966485158433126
"ORD-026410",2026-03-12,0,0.0969127712246978,0.0823583728642613,0.0933159042827724,0.0967499161367133,0.0966485158433126
"ORD-026416",2026-03-12,0,0.0969127712246978,0.101239927676262,0.0985418210422926,0.0967499161367133,0.0966485158433126
"ORD-026277",2026-03-12,0,0.0969127712246978,0.0817856748025019,0.0926869282873398,0.0967499161367133,0.0966485158433126
"ORD-026307",2026-03-12,0,0.0969127712246978,0.0969794812615664,0.0964223924036387,0.0967499161367133,0.0966485158433126
"ORD-026358",2026-03-12,0,0.0969127712246978,0.11616903766877,0.101512275968953,0.0967499161367133,0.0966485158433126
"ORD-026407",2026-03-12,0,0.0969127712246978,0.110649085561447,0.100107432388671,0.0967499161367133,0.0966485158433126
"ORD-026261",2026-03-12,0,0.0969127712246978,0.129246282772571,0.10442624376021,0.0967499161367133,0.0966485158433126
"ORD-026303",2026-03-12,0,0.0969127712246978,0.086265942012741,0.093835697803536,0.0967499161367133,0.0966485158433126
"ORD-026315",2026-03-12,0,0.0969127712246978,0.0783615122959629,0.0919887309338444,0.0967499161367133,0.0966485158433126
"ORD-026323",2026-03-12,0,0.0969127712246978,0.0819204649630249,0.0927725081439103,0.0967499161367133,0.0966485158433126
"ORD-026333",2026-03-12,0,0.0969127712246978,0.0993009286836604,0.096935286435559,0.0967499161367133,0.0966485158433126
"ORD-026348",2026-03-12,0,0.0969127712246978,0.113249415090178,0.101075982431275,0.0967499161367133,0.0966485158433126
"ORD-026352",2026-03-12,0,0.0969127712246978,0.0931388962261874,0.0955897522746862,0.0967499161367133,0.0966485158433126
"ORD-026357",2026-03-12,0,0.0969127712246978,0.110564145233803,0.100064787209488,0.0967499161367133,0.0966485158433126
"ORD-026360",2026-03-12,0,0.0969127712246978,0.0962662161630113,0.0964326716747745,0.0967499161367133,0.0966485158433126
"ORD-026380",2026-03-12,0,0.0969127712246978,0.0846502560840419,0.0946724688222895,0.0967499161367133,0.0966485158433126
"ORD-026382",2026-03-12,0,0.0969127712246978,0.0682927452532852,0.0895456697859369,0.0967499161367133,0.0966485158433126
"ORD-026383",2026-03-12,0,0.0969127712246978,0.060800720847368,0.0877021755269459,0.0967499161367133,0.0966485158433126
"ORD-026396",2026-03-12,0,0.0969127712246978,0.0679580395214824,0.0893158201573423,0.0967499161367133,0.0966485158433126
"ORD-026280",2026-03-12,1,0.0969127712246978,0.0667562532463346,0.0889910720296551,0.0967499161367133,0.0966485158433126
"ORD-026316",2026-03-12,0,0.0969127712246978,0.0537808791105422,0.0858129978825003,0.0967499161367133,0.0956981529605399
"ORD-026317",2026-03-12,0,0.0969127712246978,0.0993009286836604,0.096935286435559,0.0967499161367133,0.0966485158433126
"ORD-026339",2026-03-12,0,0.0969127712246978,0.109190473043066,0.0997729646048405,0.0967499161367133,0.0966485158433126
"ORD-026347",2026-03-12,0,0.0969127712246978,0.0430670157086303,0.0834047806654876,0.0967499161367133,0.0966485158433126
"ORD-026391",2026-03-12,0,0.0969127712246978,0.0895288210077257,0.0947083150687056,0.0967499161367133,0.0966485158433126
"ORD-026299",2026-03-12,0,0.0969127712246978,0.0974038551706218,0.0966758355521298,0.0967499161367133,0.0966485158433126
"ORD-026308",2026-03-12,0,0.0969127712246978,0.138170851225215,0.10748748737216,0.0989612395558877,0.101471725540576
"ORD-026326",2026-03-12,0,0.0969127712246978,0.113196584373254,0.100601463785137,0.0967499161367133,0.0966485158433126
"ORD-026332",2026-03-12,0,0.0969127712246978,0.0886664438069826,0.0944319921842677,0.0967499161367133,0.0966485158433126
"ORD-026336",2026-03-12,0,0.0969127712246978,0.0890027018378621,0.0944009220196044,0.0967499161367133,0.0966485158433126
"ORD-026349",2026-03-12,0,0.0969127712246978,0.060800720847368,0.0877021755269459,0.0967499161367133,0.0966485158433126
"ORD-026363",2026-03-12,0,0.0969127712246978,0.0997063151550303,0.0971519448929361,0.0967499161367133,0.0966485158433126
"ORD-026404",2026-03-12,0,0.0969127712246978,0.0941113888273006,0.0956549509822494,0.0967499161367133,0.0966485158433126
"ORD-026264",2026-03-12,0,0.0969127712246978,0.0890027018378621,0.0944009220196044,0.0967499161367133,0.0966485158433126
"ORD-026272",2026-03-12,0,0.0969127712246978,0.109190473043066,0.0997729646048405,0.0967499161367133,0.0966485158433126
"ORD-026273",2026-03-12,0,0.0969127712246978,0.0846502560840419,0.0946724688222895,0.0967499161367133,0.0966485158433126
"ORD-026278",2026-03-12,1,0.0969127712246978,0.109190473043066,0.0997729646048405,0.0967499161367133,0.0966485158433126
"ORD-026301",2026-03-12,0,0.0969127712246978,0.113391082710025,0.100818469020143,0.0967499161367133,0.0966485158433126
"ORD-026318",2026-03-12,0,0.0969127712246978,0.106394070420412,0.0990687640935917,0.0967499161367133,0.0966485158433126
"ORD-026345",2026-03-12,0,0.0969127712246978,0.0890027018378621,0.0944009220196044,0.0967499161367133,0.0966485158433126
"ORD-026365",2026-03-12,0,0.0969127712246978,0.0993009286836604,0.096935286435559,0.0967499161367133,0.0966485158433126
"ORD-026376",2026-03-12,0,0.0969127712246978,0.0537808791105422,0.0858129978825003,0.0967499161367133,0.0956981529605399
"ORD-026379",2026-03-12,0,0.0969127712246978,0.0679580395214824,0.0893158201573423,0.0967499161367133,0.0966485158433126
"ORD-026392",2026-03-12,0,0.0969127712246978,0.0895288210077257,0.0947083150687056,0.0967499161367133,0.0966485158433126
"ORD-026409",2026-03-12,0,0.0969127712246978,0.0852581503798114,0.093379309845045,0.0967499161367133,0.0966485158433126
"ORD-026421",2026-03-12,0,0.0969127712246978,0.0430670157086303,0.0834047806654876,0.0967499161367133,0.0966485158433126
"ORD-026276",2026-03-12,0,0.0969127712246978,0.0509100162275024,0.0852840022820068,0.0967499161367133,0.0956981529605399
"ORD-026294",2026-03-12,0,0.0969127712246978,0.0668643163197524,0.0891997134447637,0.0967499161367133,0.0966485158433126
"ORD-026330",2026-03-12,0,0.0969127712246978,0.125433905216643,0.104794046061033,0.100541500134285,0.102408918308548
"ORD-026353",2026-03-12,0,0.0969127712246978,0.0849209678260868,0.0941301303140774,0.0967499161367133,0.0966485158433126
"ORD-026362",2026-03-12,0,0.0969127712246978,0.0472942689761474,0.0845519062276162,0.0967499161367133,0.0966485158433126
"ORD-026373",2026-03-12,0,0.0969127712246978,0.0643818820990941,0.0887673280474903,0.0967499161367133,0.0966485158433126
"ORD-026386",2026-03-12,1,0.0969127712246978,0.104998503620513,0.0994574943095004,0.0967499161367133,0.0966485158433126
"ORD-026390",2026-03-12,0,0.0969127712246978,0.0742815241264018,0.0914254722505475,0.0967499161367133,0.0966485158433126
"ORD-026265",2026-03-12,0,0.0969127712246978,0.0784675220000171,0.0922621084308601,0.0967499161367133,0.0966485158433126
"ORD-026270",2026-03-12,0,0.0969127712246978,0.0632390465055045,0.0884443805285354,0.0967499161367133,0.0966485158433126
"ORD-026279",2026-03-12,0,0.0969127712246978,0.0578163976922781,0.0870484507192898,0.0967499161367133,0.0966485158433126
"ORD-026287",2026-03-12,0,0.0969127712246978,0.0992800795971699,0.0978018302145252,0.0967499161367133,0.0966485158433126
"ORD-026298",2026-03-12,0,0.0969127712246978,0.0946066780268261,0.096485824832007,0.0967499161367133,0.0966485158433126
"ORD-026305",2026-03-12,0,0.0969127712246978,0.103685919126762,0.0991672476144575,0.0967499161367133,0.0966485158433126
"ORD-026335",2026-03-12,0,0.0969127712246978,0.0920686307484788,0.095879391556755,0.0967499161367133,0.0966485158433126
"ORD-026398",2026-03-12,1,0.0969127712246978,0.104998503620513,0.0994574943095004,0.0967499161367133,0.0966485158433126
"ORD-026408",2026-03-12,0,0.0969127712246978,0.0630290258246884,0.0887004184408386,0.0967499161367133,0.0966485158433126
"ORD-026411",2026-03-12,0,0.0969127712246978,0.071047554713301,0.0903759400037776,0.0967499161367133,0.0966485158433126
"ORD-026297",2026-03-12,0,0.0969127712246978,0.086585307992942,0.0944125602034689,0.0967499161367133,0.0966485158433126
"ORD-026300",2026-03-12,0,0.0969127712246978,0.0849209678260868,0.0941301303140774,0.0967499161367133,0.0966485158433126
"ORD-026311",2026-03-12,0,0.0969127712246978,0.0851466165494348,0.0939786089253914,0.0967499161367133,0.0966485158433126
"ORD-026331",2026-03-12,0,0.0969127712246978,0.0840988755526246,0.0938553194627986,0.0967499161367133,0.0966485158433126
"ORD-026334",2026-03-12,0,0.0969127712246978,0.113101637553946,0.101313632719934,0.0967499161367133,0.0966485158433126
"ORD-026338",2026-03-12,0,0.0969127712246978,0.0851466165494348,0.0939786089253914,0.0967499161367133,0.0966485158433126
"ORD-026342",2026-03-12,0,0.0969127712246978,0.0970939652076087,0.0972250738227571,0.0967499161367133,0.0966485158433126
"ORD-026354",2026-03-12,0,0.0969127712246978,0.0892908113846191,0.0950715940196489,0.0967499161367133,0.0966485158433126
"ORD-026372",2026-03-12,0,0.0969127712246978,0.0784675220000171,0.0922621084308601,0.0967499161367133,0.0966485158433126
"ORD-026394",2026-03-12,0,0.0969127712246978,0.104998503620513,0.0994574943095004,0.0967499161367133,0.0966485158433126
"ORD-026399",2026-03-12,0,0.0969127712246978,0.0451294623374707,0.0839719767004384,0.0967499161367133,0.0966485158433126
"ORD-026417",2026-03-12,0,0.0969127712246978,0.0946066780268261,0.096485824832007,0.0967499161367133,0.0966485158433126
"ORD-026289",2026-03-12,0,0.0969127712246978,0.105079673321379,0.0994999092905166,0.0967499161367133,0.0966485158433126
"ORD-026302",2026-03-12,0,0.0969127712246978,0.0509100162275024,0.0852840022820068,0.0967499161367133,0.0956981529605399
"ORD-026306",2026-03-12,0,0.0969127712246978,0.0942421863098025,0.0963449531279388,0.0967499161367133,0.0966485158433126
"ORD-026367",2026-03-12,0,0.0969127712246978,0.0589794921526496,0.0874836721248347,0.0967499161367133,0.0966485158433126
"ORD-026387",2026-03-12,0,0.0969127712246978,0.103685919126762,0.0991672476144575,0.0967499161367133,0.0966485158433126
"ORD-026388",2026-03-12,0,0.0969127712246978,0.103685919126762,0.0991672476144575,0.0967499161367133,0.0966485158433126
"ORD-026397",2026-03-12,0,0.0969127712246978,0.0742815241264018,0.0914254722505475,0.0967499161367133,0.0966485158433126
"ORD-026405",2026-03-12,0,0.0969127712246978,0.125433905216643,0.104794046061033,0.100541500134285,0.102408918308548
"ORD-026412",2026-03-12,0,0.0969127712246978,0.110356260402182,0.100897183181589,0.0967499161367133,0.0966485158433126
"ORD-026275",2026-03-12,0,0.0969127712246978,0.0837612042729116,0.0953248257885479,0.0967499161367133,0.0966485158433126
"ORD-026304",2026-03-12,0,0.0969127712246978,0.130608398248967,0.106147902400515,0.100541500134285,0.102408918308548
"ORD-026319",2026-03-12,0,0.0969127712246978,0.104096812049283,0.0993304966245635,0.0967499161367133,0.0966485158433126
"ORD-026329",2026-03-12,0,0.0969127712246978,0.104014846790709,0.0991663083593633,0.0967499161367133,0.0966485158433126
"ORD-026337",2026-03-12,0,0.0969127712246978,0.0497364935098436,0.0856468326299857,0.0967499161367133,0.0966485158433126
"ORD-026341",2026-03-12,0,0.0969127712246978,0.0626361242445525,0.0887257216500821,0.0967499161367133,0.0966485158433126
"ORD-026374",2026-03-12,0,0.0969127712246978,0.112044419364909,0.101290104589505,0.0967499161367133,0.0966485158433126
"ORD-026395",2026-03-12,0,0.0969127712246978,0.130608398248967,0.106147902400515,0.100541500134285,0.102408918308548
"ORD-026422",2026-03-12,0,0.0969127712246978,0.130608398248967,0.106147902400515,0.100541500134285,0.102408918308548
"ORD-026262",2026-03-12,0,0.0969127712246978,0.0778247895123878,0.0925480386252185,0.0967499161367133,0.0966485158433126
"ORD-026271",2026-03-12,0,0.0969127712246978,0.136803701371181,0.108217593074423,0.0989612395558877,0.101471725540576
"ORD-026284",2026-03-12,0,0.0969127712246978,0.0672314236725897,0.0899349329300899,0.0967499161367133,0.0966485158433126
"ORD-026313",2026-03-12,0,0.0969127712246978,0.088827950419583,0.0952075986944093,0.0967499161367133,0.0966485158433126
"ORD-026350",2026-03-12,0,0.0969127712246978,0.0861411783012589,0.0945436664866413,0.0967499161367133,0.0966485158433126
"ORD-026355",2026-03-12,0,0.0969127712246978,0.0747334487806108,0.0916880107725075,0.0967499161367133,0.0966485158433126
"ORD-026364",2026-03-12,0,0.0969127712246978,0.09827452602866,0.0976015547581435,0.0967499161367133,0.0966485158433126
"ORD-026371",2026-03-12,0,0.0969127712246978,0.0880723361202879,0.0950516042994216,0.0967499161367133,0.0966485158433126
"ORD-026385",2026-03-12,0,0.0969127712246978,0.0921696683563377,0.0962477579704328,0.0967499161367133,0.0966485158433126
"ORD-026393",2026-03-12,0,0.0969127712246978,0.12795432770339,0.105138005516723,0.0967499161367133,0.0966485158433126
"ORD-026413",2026-03-12,0,0.0969127712246978,0.0747334487806108,0.0916880107725075,0.0967499161367133,0.0966485158433126
"ORD-026414",2026-03-12,0,0.0969127712246978,0.0921696683563377,0.0962477579704328,0.0967499161367133,0.0966485158433126
"ORD-026415",2026-03-12,0,0.0969127712246978,0.0531971954304182,0.0864101339132708,0.0967499161367133,0.0956981529605399
"ORD-026283",2026-03-12,0,0.0969127712246978,0.081885930837651,0.0934709667498161,0.0967499161367133,0.0966485158433126
"ORD-026401",2026-03-12,0,0.0969127712246978,0.109435467843242,0.100750165859354,0.0967499161367133,0.0966485158433126
"ORD-026420",2026-03-12,0,0.0969127712246978,0.0861411783012589,0.0945436664866413,0.0967499161367133,0.0966485158433126
"ORD-026435",2026-03-13,0,0.0969127712246978,0.0879521132194504,0.0936663197692105,0.0967499161367133,0.0966485158433126
"ORD-026447",2026-03-13,0,0.0969127712246978,0.109821916675151,0.0988003383816367,0.0967499161367133,0.0966485158433126
"ORD-026453",2026-03-13,0,0.0969127712246978,0.102664186890501,0.097214493818654,0.0967499161367133,0.0966485158433126
"ORD-026471",2026-03-13,0,0.0969127712246978,0.106073927054968,0.09807018677312,0.0967499161367133,0.0966485158433126
"ORD-026474",2026-03-13,0,0.0969127712246978,0.0868422296272869,0.0934814574054992,0.0967499161367133,0.0966485158433126
"ORD-026519",2026-03-13,0,0.0969127712246978,0.105769351423261,0.0975938308560227,0.0967499161367133,0.0966485158433126
"ORD-026523",2026-03-13,0,0.0969127712246978,0.0673718941508148,0.0891128270985958,0.0967499161367133,0.0966485158433126
"ORD-026538",2026-03-13,0,0.0969127712246978,0.0987251032009184,0.0963196703637776,0.0967499161367133,0.0966485158433126
"ORD-026559",2026-03-13,0,0.0969127712246978,0.0700273175626762,0.0896243968864677,0.0967499161367133,0.0966485158433126
"ORD-026560",2026-03-13,0,0.0969127712246978,0.0933968237777607,0.0962832790986798,0.0967499161367133,0.0966485158433126
"ORD-026565",2026-03-13,0,0.0969127712246978,0.0913273276388989,0.0944127255110097,0.0967499161367133,0.0966485158433126
"ORD-026587",2026-03-13,0,0.0969127712246978,0.0751214149784664,0.09084463491971,0.0967499161367133,0.0966485158433126
"ORD-026597",2026-03-13,0,0.0969127712246978,0.12449157311249,0.102301753969596,0.0967499161367133,0.0966485158433126
"ORD-026608",2026-03-13,0,0.0969127712246978,0.112633297916429,0.0994786989492568,0.0967499161367133,0.0966485158433126
"ORD-026617",2026-03-13,0,0.0969127712246978,0.0751214149784664,0.09084463491971,0.0967499161367133,0.0966485158433126
"ORD-026424",2026-03-13,0,0.0969127712246978,0.117099919821053,0.100746051436465,0.0967499161367133,0.0966485158433126
"ORD-026427",2026-03-13,0,0.0969127712246978,0.059545329603966,0.087287601841233,0.0967499161367133,0.0956981529605399
"ORD-026428",2026-03-13,1,0.0969127712246978,0.0981182406820638,0.0960966147646613,0.0967499161367133,0.0966485158433126
"ORD-026440",2026-03-13,0,0.0969127712246978,0.0879521132194504,0.0936663197692105,0.0967499161367133,0.0966485158433126
"ORD-026475",2026-03-13,0,0.0969127712246978,0.12771790779497,0.103226193223515,0.0967499161367133,0.0966485158433126
"ORD-026479",2026-03-13,0,0.0969127712246978,0.106073927054968,0.09807018677312,0.0967499161367133,0.0966485158433126
"ORD-026490",2026-03-13,0,0.0969127712246978,0.0933968237777607,0.0962832790986798,0.0967499161367133,0.0966485158433126
"ORD-026502",2026-03-13,0,0.0969127712246978,0.0951620962365341,0.0954337715932901,0.0967499161367133,0.0966485158433126
"ORD-026507",2026-03-13,0,0.0969127712246978,0.0933968237777607,0.0962832790986798,0.0967499161367133,0.0966485158433126
"ORD-026528",2026-03-13,1,0.0969127712246978,0.1073137070167,0.0983170305041411,0.0967499161367133,0.0966485158433126
"ORD-026537",2026-03-13,0,0.0969127712246978,0.144781589193654,0.10720228228388,0.100541500134285,0.102408918308548
"ORD-026582",2026-03-13,0,0.0969127712246978,0.0675398017203095,0.0890894656181659,0.0967499161367133,0.0966485158433126
"ORD-026593",2026-03-13,1,0.0969127712246978,0.115124676702304,0.100067342380048,0.0967499161367133,0.0966485158433126
"ORD-026595",2026-03-13,0,0.0969127712246978,0.102930884643958,0.0973611451481434,0.0967499161367133,0.0966485158433126
"ORD-026603",2026-03-13,0,0.0969127712246978,0.130831680236378,0.103651147464696,0.0967499161367133,0.0966485158433126
"ORD-026611",2026-03-13,0,0.0969127712246978,0.0700273175626762,0.0896243968864677,0.0967499161367133,0.0966485158433126
"ORD-026431",2026-03-13,1,0.0969127712246978,0.0868422296272869,0.0934814574054992,0.0967499161367133,0.0966485158433126
"ORD-026456",2026-03-13,0,0.0969127712246978,0.0940610748598901,0.0949704256955551,0.0967499161367133,0.0966485158433126
"ORD-026466",2026-03-13,0,0.0969127712246978,0.103724760435511,0.097280681511247,0.0967499161367133,0.0966485158433126
"ORD-026485",2026-03-13,0,0.0969127712246978,0.0981182406820638,0.0960966147646613,0.0967499161367133,0.0966485158433126
"ORD-026487",2026-03-13,0,0.0969127712246978,0.144781589193654,0.10720228228388,0.100541500134285,0.102408918308548
"ORD-026497",2026-03-13,0,0.0969127712246978,0.10938039895558,0.0985804052283952,0.0967499161367133,0.0966485158433126
"ORD-026520",2026-03-13,0,0.0969127712246978,0.073560631655854,0.0907763154978596,0.0967499161367133,0.0966485158433126
"ORD-026524",2026-03-13,1,0.0969127712246978,0.0556959480323125,0.0865172835023642,0.0967499161367133,0.0966485158433126
"ORD-026532",2026-03-13,0,0.0969127712246978,0.106898909151172,0.0981052141678584,0.0967499161367133,0.0966485158433126
"ORD-026564",2026-03-13,0,0.0969127712246978,0.105769351423261,0.0975938308560227,0.0967499161367133,0.0966485158433126
"ORD-026591",2026-03-13,0,0.0969127712246978,0.109796342033852,0.0987241884275774,0.0967499161367133,0.0966485158433126
"ORD-026596",2026-03-13,0,0.0969127712246978,0.0860190494042223,0.0932011102245631,0.0967499161367133,0.0966485158433126
"ORD-026606",2026-03-13,0,0.0969127712246978,0.1073137070167,0.0983170305041411,0.0967499161367133,0.0966485158433126
"ORD-026443",2026-03-13,0,0.0969127712246978,0.12449157311249,0.102301753969596,0.0967499161367133,0.0966485158433126
"ORD-026472",2026-03-13,0,0.0969127712246978,0.0673718941508148,0.0891128270985958,0.0967499161367133,0.0966485158433126
"ORD-026504",2026-03-13,0,0.0969127712246978,0.0751214149784664,0.09084463491971,0.0967499161367133,0.0966485158433126
"ORD-026510",2026-03-13,0,0.0969127712246978,0.059545329603966,0.087287601841233,0.0967499161367133,0.0956981529605399
"ORD-026518",2026-03-13,0,0.0969127712246978,0.103724760435511,0.097280681511247,0.0967499161367133,0.0966485158433126
"ORD-026522",2026-03-13,0,0.0969127712246978,0.121724770987714,0.101800317910153,0.0967499161367133,0.0966485158433126
"ORD-026530",2026-03-13,0,0.0969127712246978,0.115776174476284,0.100324758986178,0.0967499161367133,0.0966485158433126
"ORD-026539",2026-03-13,0,0.0969127712246978,0.0879521132194504,0.0936663197692105,0.0967499161367133,0.0966485158433126
"ORD-026545",2026-03-13,0,0.0969127712246978,0.0987251032009184,0.0963196703637776,0.0967499161367133,0.0966485158433126
"ORD-026551",2026-03-13,0,0.0969127712246978,0.0751214149784664,0.09084463491971,0.0967499161367133,0.0966485158433126
"ORD-026552",2026-03-13,0,0.0969127712246978,0.144781589193654,0.10720228228388,0.100541500134285,0.102408918308548
"ORD-026555",2026-03-13,0,0.0969127712246978,0.112633297916429,0.0994786989492568,0.0967499161367133,0.0966485158433126
"ORD-026577",2026-03-13,0,0.0969127712246978,0.115124676702304,0.100067342380048,0.0967499161367133,0.0966485158433126
"ORD-026601",2026-03-13,0,0.0969127712246978,0.0913273276388989,0.0944127255110097,0.0967499161367133,0.0966485158433126
"ORD-026621",2026-03-13,0,0.0969127712246978,0.0981182406820638,0.0960966147646613,0.0967499161367133,0.0966485158433126
"ORD-026436",2026-03-13,0,0.0969127712246978,0.0933968237777607,0.0962832790986798,0.0967499161367133,0.0966485158433126
"ORD-026441",2026-03-13,0,0.0969127712246978,0.120139878324782,0.101460831756225,0.0967499161367133,0.0966485158433126
"ORD-026446",2026-03-13,0,0.0969127712246978,0.112462674979672,0.0992530728918262,0.0967499161367133,0.0966485158433126
"ORD-026448",2026-03-13,0,0.0969127712246978,0.115124676702304,0.100067342380048,0.0967499161367133,0.0966485158433126
"ORD-026561",2026-03-13,0,0.0969127712246978,0.0913273276388989,0.0944127255110097,0.0967499161367133,0.0966485158433126
"ORD-026568",2026-03-13,0,0.0969127712246978,0.106898909151172,0.0981052141678584,0.0967499161367133,0.0966485158433126
"ORD-026575",2026-03-13,0,0.0969127712246978,0.0687320356490523,0.0894287092029163,0.0967499161367133,0.0966485158433126
"ORD-026580",2026-03-13,0,0.0969127712246978,0.0960218897220351,0.0954950946231826,0.0967499161367133,0.0966485158433126
"ORD-026583",2026-03-13,0,0.0969127712246978,0.124548935012522,0.102783376050903,0.0967499161367133,0.0966485158433126
"ORD-026613",2026-03-13,0,0.0969127712246978,0.130831680236378,0.103651147464696,0.0967499161367133,0.0966485158433126
"ORD-026626",2026-03-13,0,0.0969127712246978,0.0700273175626762,0.0896243968864677,0.0967499161367133,0.0966485158433126
"ORD-026628",2026-03-13,0,0.0969127712246978,0.0947271981403501,0.0952760387861306,0.0967499161367133,0.0966485158433126
"ORD-026439",2026-03-13,1,0.0969127712246978,0.106777858366786,0.097369654553611,0.0967499161367133,0.0966485158433126
"ORD-026457",2026-03-13,0,0.0969127712246978,0.117886377304353,0.0998119774723172,0.0967499161367133,0.0966485158433126
"ORD-026470",2026-03-13,0,0.0969127712246978,0.0729984630271558,0.0902509030371143,0.0967499161367133,0.0966485158433126
"ORD-026476",2026-03-13,0,0.0969127712246978,0.0572304352948321,0.0870366375287353,0.0967499161367133,0.0966485158433126
"ORD-026489",2026-03-13,0,0.0969127712246978,0.0599392739121587,0.0876357074362808,0.0967499161367133,0.0966485158433126
"ORD-026494",2026-03-13,0,0.0969127712246978,0.0949694089360845,0.0948429593516038,0.0967499161367133,0.0966485158433126
"ORD-026511",2026-03-13,0,0.0969127712246978,0.110997823595385,0.0985791508896539,0.0967499161367133,0.0966485158433126
"ORD-026526",2026-03-13,0,0.0969127712246978,0.13256058086587,0.103513798130209,0.0967499161367133,0.0966485158433126
"ORD-026535",2026-03-13,0,0.0969127712246978,0.0807593172496721,0.0918524061013664,0.0967499161367133,0.0966485158433126
"ORD-026542",2026-03-13,0,0.0969127712246978,0.10080051668305,0.0974892569068887,0.0967499161367133,0.0966485158433126
"ORD-026547",2026-03-13,0,0.0969127712246978,0.0973447974501104,0.0954767536002935,0.0967499161367133,0.0966485158433126
"ORD-026548",2026-03-13,0,0.0969127712246978,0.0894471749096808,0.0936504268728813,0.0967499161367133,0.0966485158433126
"ORD-026563",2026-03-13,0,0.0969127712246978,0.0523536296293344,0.0860586807245689,0.0967499161367133,0.0966485158433126
"ORD-026570",2026-03-13,0,0.0969127712246978,0.0894471749096808,0.0936504268728813,0.0967499161367133,0.0966485158433126
"ORD-026615",2026-03-13,0,0.0969127712246978,0.0644563529459832,0.0883919265462312,0.0967499161367133,0.0956981529605399
"ORD-026426",2026-03-13,0,0.0969127712246978,0.141647182560962,0.105579489441418,0.0967499161367133,0.0966485158433126
"ORD-026449",2026-03-13,0,0.0969127712246978,0.0638820245877004,0.0884284514146782,0.0967499161367133,0.0966485158433126
"ORD-026459",2026-03-13,0,0.0969127712246978,0.179237928023138,0.114111372748734,0.0967499161367133,0.0966485158433126
"ORD-026462",2026-03-13,1,0.0969127712246978,0.0985848079080869,0.0955977524724244,0.0967499161367133,0.0966485158433126
"ORD-026480",2026-03-13,0,0.0969127712246978,0.124015157653628,0.101315403135694,0.0967499161367133,0.0966485158433126
"ORD-026506",2026-03-13,0,0.0969127712246978,0.0807593172496721,0.0918524061013664,0.0967499161367133,0.0966485158433126
"ORD-026512",2026-03-13,0,0.0969127712246978,0.13256058086587,0.103513798130209,0.0967499161367133,0.0966485158433126
"ORD-026521",2026-03-13,0,0.0969127712246978,0.0934344269805488,0.0947340252873711,0.0967499161367133,0.0966485158433126
"ORD-026536",2026-03-13,0,0.0969127712246978,0.129361037674952,0.10272428854584,0.0967499161367133,0.0966485158433126
"ORD-026567",2026-03-13,0,0.0969127712246978,0.1065015577292,0.0975260547941484,0.0967499161367133,0.0966485158433126
"ORD-026569",2026-03-13,0,0.0969127712246978,0.11833036867347,0.0999573577766337,0.0967499161367133,0.0966485158433126
"ORD-026585",2026-03-13,0,0.0969127712246978,0.1065015577292,0.0975260547941484,0.0967499161367133,0.0966485158433126
"ORD-026586",2026-03-13,0,0.0969127712246978,0.105852507603301,0.0973005062730406,0.0967499161367133,0.0966485158433126
"ORD-026598",2026-03-13,0,0.0969127712246978,0.13256058086587,0.103513798130209,0.0967499161367133,0.0966485158433126
"ORD-026609",2026-03-13,0,0.0969127712246978,0.13256058086587,0.103513798130209,0.0967499161367133,0.0966485158433126
"ORD-026618",2026-03-13,0,0.0969127712246978,0.11833036867347,0.0999573577766337,0.0967499161367133,0.0966485158433126
"ORD-026444",2026-03-13,0,0.0969127712246978,0.129361037674952,0.10272428854584,0.0967499161367133,0.0966485158433126
"ORD-026464",2026-03-13,0,0.0969127712246978,0.141647182560962,0.105579489441418,0.0967499161367133,0.0966485158433126
"ORD-026478",2026-03-13,0,0.0969127712246978,0.0812061557024603,0.0919894260433025,0.0967499161367133,0.0966485158433126
"ORD-026484",2026-03-13,0,0.0969127712246978,0.129361037674952,0.10272428854584,0.0967499161367133,0.0966485158433126
"ORD-026488",2026-03-13,0,0.0969127712246978,0.121175734680049,0.100492111962006,0.0967499161367133,0.0966485158433126
"ORD-026509",2026-03-13,0,0.0969127712246978,0.106777858366786,0.097369654553611,0.0967499161367133,0.0966485158433126
"ORD-026541",2026-03-13,1,0.0969127712246978,0.126824451220072,0.101405065751072,0.0967499161367133,0.0966485158433126
"ORD-026574",2026-03-13,1,0.0969127712246978,0.121175734680049,0.100492111962006,0.0967499161367133,0.0966485158433126
"ORD-026599",2026-03-13,0,0.0969127712246978,0.11833036867347,0.0999573577766337,0.0967499161367133,0.0966485158433126
"ORD-026602",2026-03-13,0,0.0969127712246978,0.0812061557024603,0.0919894260433025,0.0967499161367133,0.0966485158433126
"ORD-026604",2026-03-13,0,0.0969127712246978,0.108538682498871,0.0978175736326877,0.0967499161367133,0.0966485158433126
"ORD-026605",2026-03-13,0,0.0969127712246978,0.0928978241525771,0.094372514336018,0.0967499161367133,0.0966485158433126
"ORD-026620",2026-03-13,0,0.0969127712246978,0.0797901430234072,0.091655935192172,0.0967499161367133,0.0966485158433126
"ORD-026434",2026-03-13,0,0.0969127712246978,0.1065015577292,0.0975260547941484,0.0967499161367133,0.0966485158433126
"ORD-026450",2026-03-13,0,0.0969127712246978,0.124015157653628,0.101315403135694,0.0967499161367133,0.0966485158433126
"ORD-026460",2026-03-13,0,0.0969127712246978,0.152487526732808,0.1074987768495,0.0967499161367133,0.0966485158433126
"ORD-026505",2026-03-13,0,0.0969127712246978,0.124015157653628,0.101315403135694,0.0967499161367133,0.0966485158433126
"ORD-026514",2026-03-13,0,0.0969127712246978,0.11833036867347,0.0999573577766337,0.0967499161367133,0.0966485158433126
"ORD-026534",2026-03-13,0,0.0969127712246978,0.0745044328101197,0.0906638116185846,0.0967499161367133,0.0966485158433126
"ORD-026554",2026-03-13,0,0.0969127712246978,0.134220700894597,0.10379715354559,0.0967499161367133,0.0966485158433126
"ORD-026576",2026-03-13,0,0.0969127712246978,0.0743408433321695,0.0905574346145756,0.0967499161367133,0.0966485158433126
"ORD-026616",2026-03-13,0,0.0969127712246978,0.102224460369401,0.0964707473417716,0.0967499161367133,0.0966485158433126
"ORD-026429",2026-03-13,0,0.0969127712246978,0.0757332295826862,0.0907553460034726,0.0967499161367133,0.0966485158433126
"ORD-026430",2026-03-13,0,0.0969127712246978,0.155559697239969,0.10852859981364,0.100541500134285,0.102408918308548
"ORD-026468",2026-03-13,0,0.0969127712246978,0.114355792586102,0.0992960869715278,0.0967499161367133,0.0966485158433126
"ORD-026469",2026-03-13,0,0.0969127712246978,0.0985848079080869,0.0955977524724244,0.0967499161367133,0.0966485158433126
"ORD-026495",2026-03-13,0,0.0969127712246978,0.124015157653628,0.101315403135694,0.0967499161367133,0.0966485158433126
"ORD-026496",2026-03-13,0,0.0969127712246978,0.0807593172496721,0.0918524061013664,0.0967499161367133,0.0966485158433126
"ORD-026544",2026-03-13,0,0.0969127712246978,0.0727624767571591,0.0903322693877527,0.0967499161367133,0.0966485158433126
"ORD-026573",2026-03-13,0,0.0969127712246978,0.0937800781146826,0.0946560172721728,0.0967499161367133,0.0966485158433126
"ORD-026584",2026-03-13,0,0.0969127712246978,0.0797901430234072,0.091655935192172,0.0967499161367133,0.0966485158433126
"ORD-026612",2026-03-13,0,0.0969127712246978,0.097447590458076,0.095450869122702,0.0967499161367133,0.0966485158433126
"ORD-026614",2026-03-13,0,0.0969127712246978,0.0807593172496721,0.0918524061013664,0.0967499161367133,0.0966485158433126
"ORD-026622",2026-03-13,0,0.0969127712246978,0.0745044328101197,0.0906638116185846,0.0967499161367133,0.0966485158433126
"ORD-026624",2026-03-13,0,0.0969127712246978,0.141647182560962,0.105579489441418,0.0967499161367133,0.0966485158433126
"ORD-026425",2026-03-13,0,0.0969127712246978,0.105140563443865,0.0978324103548367,0.0967499161367133,0.0966485158433126
"ORD-026452",2026-03-13,0,0.0969127712246978,0.105412938538001,0.0979798926655706,0.0967499161367133,0.0966485158433126
"ORD-026455",2026-03-13,0,0.0969127712246978,0.0889748042787359,0.0940781186114397,0.0967499161367133,0.0966485158433126
"ORD-026458",2026-03-13,0,0.0969127712246978,0.157001638246051,0.110655211410339,0.0995408243258331,0.102132575198061
"ORD-026463",2026-03-13,0,0.0969127712246978,0.0765648558608506,0.0912898982295802,0.0967499161367133,0.0966485158433126
"ORD-026465",2026-03-13,0,0.0969127712246978,0.0974771713442695,0.0960415735901452,0.0967499161367133,0.0966485158433126
"ORD-026473",2026-03-13,0,0.0969127712246978,0.170879497581276,0.113429576071759,0.0967499161367133,0.0966485158433126
"ORD-026486",2026-03-13,0,0.0969127712246978,0.113369419267518,0.0996245088257147,0.0967499161367133,0.0966485158433126
"ORD-026491",2026-03-13,0,0.0969127712246978,0.106223690883119,0.0978989731293429,0.0967499161367133,0.0966485158433126
"ORD-026492",2026-03-13,0,0.0969127712246978,0.0966734152591185,0.0959662195685539,0.0967499161367133,0.0966485158433126
"ORD-026498",2026-03-13,0,0.0969127712246978,0.124597071334721,0.102444075303247,0.0967499161367133,0.0966485158433126
"ORD-026540",2026-03-13,0,0.0969127712246978,0.0799174981931585,0.0918701943755895,0.0967499161367133,0.0966485158433126
"ORD-026546",2026-03-13,0,0.0969127712246978,0.109464971294736,0.0987281731657808,0.0967499161367133,0.0966485158433126
"ORD-026553",2026-03-13,0,0.0969127712246978,0.0881333603380149,0.0937961672100653,0.0967499161367133,0.0966485158433126
"ORD-026557",2026-03-13,0,0.0969127712246978,0.134753921225021,0.104942630660321,0.0967499161367133,0.0966485158433126
"ORD-026566",2026-03-13,0,0.0969127712246978,0.0881333603380149,0.0937961672100653,0.0967499161367133,0.0966485158433126
"ORD-026579",2026-03-13,0,0.0969127712246978,0.127419688949342,0.10294831886539,0.0967499161367133,0.0966485158433126
"ORD-026590",2026-03-13,0,0.0969127712246978,0.0926241981092345,0.0949560096467497,0.0967499161367133,0.0966485158433126
"ORD-026600",2026-03-13,0,0.0969127712246978,0.0854816196630327,0.0932053324896522,0.0967499161367133,0.0966485158433126
"ORD-026619",2026-03-13,0,0.0969127712246978,0.148106206664698,0.10787609745385,0.100541500134285,0.102408918308548
"ORD-026623",2026-03-13,0,0.0969127712246978,0.0983556079795415,0.0961032456827104,0.0967499161367133,0.0966485158433126
"ORD-026451",2026-03-13,0,0.0969127712246978,0.134753921225021,0.104942630660321,0.0967499161367133,0.0966485158433126
"ORD-026501",2026-03-13,0,0.0969127712246978,0.124502922704673,0.102400547995976,0.0967499161367133,0.0966485158433126
"ORD-026503",2026-03-13,0,0.0969127712246978,0.126044584406621,0.102887966315038,0.0967499161367133,0.0966485158433126
"ORD-026527",2026-03-13,0,0.0969127712246978,0.0765648558608506,0.0912898982295802,0.0967499161367133,0.0966485158433126
"ORD-026562",2026-03-13,0,0.0969127712246978,0.105412938538001,0.0979798926655706,0.0967499161367133,0.0966485158433126
"ORD-026610",2026-03-13,0,0.0969127712246978,0.120551228573276,0.100790549709128,0.0967499161367133,0.0966485158433126
"ORD-026445",2026-03-13,0,0.0969127712246978,0.0765648558608506,0.0912898982295802,0.0967499161367133,0.0966485158433126
"ORD-026454",2026-03-13,0,0.0969127712246978,0.0717794283735417,0.0901988892844736,0.0967499161367133,0.0966485158433126
"ORD-026461",2026-03-13,0,0.0969127712246978,0.0881333603380149,0.0937961672100653,0.0967499161367133,0.0966485158433126
"ORD-026467",2026-03-13,0,0.0969127712246978,0.0704541932471327,0.090002071251903,0.0967499161367133,0.0966485158433126
"ORD-026499",2026-03-13,0,0.0969127712246978,0.0889748042787359,0.0940781186114397,0.0967499161367133,0.0966485158433126
"ORD-026556",2026-03-13,1,0.0969127712246978,0.0769904302621685,0.0914261635323163,0.0967499161367133,0.0966485158433126
"ORD-026578",2026-03-13,0,0.0969127712246978,0.0889748042787359,0.0940781186114397,0.0967499161367133,0.0966485158433126
"ORD-026581",2026-03-13,1,0.0969127712246978,0.0765648558608506,0.0912898982295802,0.0967499161367133,0.0966485158433126
"ORD-026592",2026-03-13,0,0.0969127712246978,0.0923754870417133,0.0948943693501511,0.0967499161367133,0.0966485158433126
"ORD-026481",2026-03-13,0,0.0969127712246978,0.103063185328769,0.097222445679185,0.0967499161367133,0.0966485158433126
"ORD-026493",2026-03-13,0,0.0969127712246978,0.070609882429015,0.0901078605136182,0.0967499161367133,0.0966485158433126
"ORD-026516",2026-03-13,1,0.0969127712246978,0.0926241981092345,0.0949560096467497,0.0967499161367133,0.0966485158433126
"ORD-026533",2026-03-13,0,0.0969127712246978,0.105140563443865,0.0978324103548367,0.0967499161367133,0.0966485158433126
"ORD-026549",2026-03-13,0,0.0969127712246978,0.115319237708499,0.100109411370182,0.0967499161367133,0.0966485158433126
"ORD-026550",2026-03-13,0,0.0969127712246978,0.122980017131718,0.102102686370758,0.0967499161367133,0.0966485158433126
"ORD-026594",2026-03-13,0,0.0969127712246978,0.103063185328769,0.097222445679185,0.0967499161367133,0.0966485158433126
"ORD-026625",2026-03-13,0,0.0969127712246978,0.115145073936505,0.0998825134707068,0.0967499161367133,0.0966485158433126
"ORD-026627",2026-03-13,0,0.0969127712246978,0.0756418763332434,0.0910945098260041,0.0967499161367133,0.0966485158433126
"ORD-026438",2026-03-13,0,0.0969127712246978,0.125553214306196,0.102098582951879,0.0967499161367133,0.0966485158433126
"ORD-026483",2026-03-13,0,0.0969127712246978,0.151003538975015,0.108228949936334,0.0967499161367133,0.0966485158433126
"ORD-026508",2026-03-13,1,0.0969127712246978,0.0637646161192203,0.0890052610508597,0.0967499161367133,0.0956981529605399
"ORD-026513",2026-03-13,0,0.0969127712246978,0.120133789081438,0.101409601880828,0.0967499161367133,0.0966485158433126
"ORD-026515",2026-03-13,0,0.0969127712246978,0.131240489202574,0.104220064462009,0.0967499161367133,0.0966485158433126
"ORD-026543",2026-03-13,1,0.0969127712246978,0.0803501008430333,0.0926251865678812,0.0967499161367133,0.0966485158433126
"ORD-026571",2026-03-13,0,0.0969127712246978,0.118113434456997,0.100919107839119,0.0967499161367133,0.0966485158433126
"ORD-026607",2026-03-13,1,0.0969127712246978,0.101171233554065,0.0971341661668567,0.0967499161367133,0.0966485158433126
"ORD-026433",2026-03-13,0,0.0969127712246978,0.0786899249587444,0.0925556644092708,0.0967499161367133,0.0966485158433126
"ORD-026482",2026-03-13,0,0.0969127712246978,0.100464824599174,0.096823230699063,0.0967499161367133,0.0966485158433126
"ORD-026500",2026-03-13,0,0.0969127712246978,0.109865265915762,0.099255476187735,0.0967499161367133,0.0966485158433126
"ORD-026531",2026-03-13,0,0.0969127712246978,0.109865265915762,0.099255476187735,0.0967499161367133,0.0966485158433126
"ORD-026589",2026-03-13,1,0.0969127712246978,0.0803501008430333,0.0926251865678812,0.0967499161367133,0.0966485158433126
"ORD-026432",2026-03-13,0,0.0969127712246978,0.0735513673067243,0.091184292170083,0.0967499161367133,0.0966485158433126
"ORD-026437",2026-03-13,0,0.0969127712246978,0.0631960350223573,0.0890420146034652,0.0967499161367133,0.0966485158433126
"ORD-026442",2026-03-13,0,0.0969127712246978,0.102544022955789,0.0973570344304366,0.0967499161367133,0.0966485158433126
"ORD-026477",2026-03-13,0,0.0969127712246978,0.0885126144362094,0.0942964748165757,0.0967499161367133,0.0966485158433126
"ORD-026517",2026-03-13,0,0.0969127712246978,0.0735513673067243,0.091184292170083,0.0967499161367133,0.0966485158433126
"ORD-026525",2026-03-13,0,0.0969127712246978,0.0807405525797514,0.0928626842514238,0.0967499161367133,0.0966485158433126
"ORD-026529",2026-03-13,0,0.0969127712246978,0.129644703353035,0.103727065158984,0.0967499161367133,0.0966485158433126
"ORD-026558",2026-03-13,0,0.0969127712246978,0.0511694149469299,0.0865159357762333,0.0967499161367133,0.0966485158433126
"ORD-026572",2026-03-13,0,0.0969127712246978,0.101632395175861,0.0972946443526188,0.0967499161367133,0.0966485158433126
"ORD-026588",2026-03-13,0,0.0969127712246978,0.0511694149469299,0.0865159357762333,0.0967499161367133,0.0966485158433126
"ORD-026629",2026-03-14,0,0.0969127712246978,0.14745097249017,0.109297253663821,0.100541500134285,0.102408918308548
"ORD-026642",2026-03-14,0,0.0969127712246978,0.0877161315724196,0.0950515978058737,0.0967499161367133,0.0966485158433126
"ORD-026643",2026-03-14,0,0.0969127712246978,0.126842346987358,0.104312147304146,0.0967499161367133,0.0966485158433126
"ORD-026655",2026-03-14,0,0.0969127712246978,0.117893092122874,0.102132187459533,0.0967499161367133,0.0966485158433126
"ORD-026662",2026-03-14,0,0.0969127712246978,0.104923319742829,0.0992851858304369,0.0967499161367133,0.0966485158433126
"ORD-026665",2026-03-14,0,0.0969127712246978,0.156314271044501,0.11210837875111,0.0995408243258331,0.102132575198061
"ORD-026675",2026-03-14,0,0.0969127712246978,0.127056932631375,0.104536226449546,0.0967499161367133,0.0966485158433126
"ORD-026681",2026-03-14,0,0.0969127712246978,0.154303394730248,0.111420696474933,0.0989612395558877,0.101471725540576
"ORD-026695",2026-03-14,0,0.0969127712246978,0.111905093931239,0.100672161194555,0.0967499161367133,0.0966485158433126
"ORD-026752",2026-03-14,0,0.0969127712246978,0.0795357713385955,0.0931024949223084,0.0967499161367133,0.0966485158433126
"ORD-026755",2026-03-14,0,0.0969127712246978,0.114616043170171,0.101210309432725,0.0967499161367133,0.0966485158433126
"ORD-026756",2026-03-14,0,0.0969127712246978,0.0568319809165635,0.0882479798638575,0.0967499161367133,0.0966485158433126
"ORD-026760",2026-03-14,0,0.0969127712246978,0.0761978167265389,0.09251520794612,0.0967499161367133,0.0966485158433126
"ORD-026797",2026-03-14,0,0.0969127712246978,0.14745097249017,0.109297253663821,0.100541500134285,0.102408918308548
"ORD-026798",2026-03-14,0,0.0969127712246978,0.104923319742829,0.0992851858304369,0.0967499161367133,0.0966485158433126
"ORD-026804",2026-03-14,0,0.0969127712246978,0.156314271044501,0.11210837875111,0.0995408243258331,0.102132575198061
"ORD-026839",2026-03-14,0,0.0969127712246978,0.108910377460507,0.099996068936592,0.0967499161367133,0.0966485158433126
"ORD-026858",2026-03-14,0,0.0969127712246978,0.0607548269264697,0.0890322058125979,0.0967499161367133,0.0956981529605399
"ORD-026631",2026-03-14,0,0.0969127712246978,0.108119869311334,0.100006687019437,0.0967499161367133,0.0966485158433126
"ORD-026635",2026-03-14,0,0.0969127712246978,0.0702692181347246,0.0913188990761846,0.0967499161367133,0.0966485158433126
"ORD-026638",2026-03-14,0,0.0969127712246978,0.156314271044501,0.11210837875111,0.0995408243258331,0.102132575198061
"ORD-026664",2026-03-14,0,0.0969127712246978,0.125472577146125,0.104251088139185,0.0967499161367133,0.0966485158433126
"ORD-026667",2026-03-14,0,0.0969127712246978,0.0701142234238872,0.09121183054713,0.0967499161367133,0.0966485158433126
"ORD-026668",2026-03-14,0,0.0969127712246978,0.105730751403061,0.0992033068389601,0.0967499161367133,0.0966485158433126
"ORD-026679",2026-03-14,0,0.0969127712246978,0.111905093931239,0.100672161194555,0.0967499161367133,0.0966485158433126
"ORD-026706",2026-03-14,0,0.0969127712246978,0.0687287483717816,0.0908902787454149,0.0967499161367133,0.0966485158433126
"ORD-026733",2026-03-14,0,0.0969127712246978,0.096577930520398,0.0971633093417428,0.0967499161367133,0.0966485158433126
"ORD-026741",2026-03-14,1,0.0969127712246978,0.122419969197139,0.103456604125108,0.0967499161367133,0.0966485158433126
"ORD-026746",2026-03-14,0,0.0969127712246978,0.108910377460507,0.099996068936592,0.0967499161367133,0.0966485158433126
"ORD-026767",2026-03-14,0,0.0969127712246978,0.154303394730248,0.111420696474933,0.0989612395558877,0.101471725540576
"ORD-026802",2026-03-14,0,0.0969127712246978,0.114789510557925,0.10143988369302,0.0967499161367133,0.0966485158433126
"ORD-026815",2026-03-14,0,0.0969127712246978,0.0959001715380649,0.0968522905913576,0.0967499161367133,0.0966485158433126
"ORD-026829",2026-03-14,1,0.0969127712246978,0.104652061769904,0.0991359546892584,0.0967499161367133,0.0966485158433126
"ORD-026844",2026-03-14,0,0.0969127712246978,0.127056932631375,0.104536226449546,0.0967499161367133,0.0966485158433126
"ORD-026850",2026-03-14,0,0.0969127712246978,0.0752789011122404,0.0923174634319992,0.0967499161367133,0.0966485158433126
"ORD-026857",2026-03-14,0,0.0969127712246978,0.0539199547679927,0.0876680436783058,0.0967499161367133,0.0966485158433126
"ORD-026861",2026-03-14,0,0.0969127712246978,0.100060994782055,0.0979077954932352,0.0967499161367133,0.0966485158433126
"ORD-026867",2026-03-14,0,0.0969127712246978,0.126842346987358,0.104312147304146,0.0967499161367133,0.0966485158433126
"ORD-026645",2026-03-14,0,0.0969127712246978,0.0568319809165635,0.0882479798638575,0.0967499161367133,0.0966485158433126
"ORD-026673",2026-03-14,0,0.0969127712246978,0.108910377460507,0.099996068936592,0.0967499161367133,0.0966485158433126
"ORD-026691",2026-03-14,0,0.0969127712246978,0.0877161315724196,0.0950515978058737,0.0967499161367133,0.0966485158433126
"ORD-026719",2026-03-14,0,0.0969127712246978,0.0885539789095982,0.0953369260089298,0.0967499161367133,0.0966485158433126
"ORD-026721",2026-03-14,0,0.0969127712246978,0.109380636054215,0.100257863131052,0.0967499161367133,0.0966485158433126
"ORD-026735",2026-03-14,0,0.0969127712246978,0.0752789011122404,0.0923174634319992,0.0967499161367133,0.0966485158433126
"ORD-026763",2026-03-14,0,0.0969127712246978,0.0885539789095982,0.0953369260089298,0.0967499161367133,0.0966485158433126
"ORD-026770",2026-03-14,0,0.0969127712246978,0.0952242980515561,0.0981883361762735,0.0967499161367133,0.0966485158433126
"ORD-026775",2026-03-14,0,0.0969127712246978,0.0493104919366372,0.0866836659120283,0.0967499161367133,0.0966485158433126
"ORD-026781",2026-03-14,1,0.0969127712246978,0.120000727877733,0.10212904711711,0.0967499161367133,0.0966485158433126
"ORD-026790",2026-03-14,0,0.0969127712246978,0.104923319742829,0.0992851858304369,0.0967499161367133,0.0966485158433126
"ORD-026838",2026-03-14,0,0.0969127712246978,0.104923319742829,0.0992851858304369,0.0967499161367133,0.0966485158433126
"ORD-026847",2026-03-14,0,0.0969127712246978,0.125472577146125,0.104251088139185,0.0967499161367133,0.0966485158433126
"ORD-026630",2026-03-14,0,0.0969127712246978,0.0702692181347246,0.0913188990761846,0.0967499161367133,0.0966485158433126
"ORD-026632",2026-03-14,0,0.0969127712246978,0.0962200234237924,0.0972475786391784,0.0967499161367133,0.0966485158433126
"ORD-026639",2026-03-14,0,0.0969127712246978,0.0978951817589654,0.0973862372599862,0.0967499161367133,0.0966485158433126
"ORD-026659",2026-03-14,0,0.0969127712246978,0.0970204148108743,0.09732383048568,0.0967499161367133,0.0966485158433126
"ORD-026669",2026-03-14,0,0.0969127712246978,0.105730751403061,0.0992033068389601,0.0967499161367133,0.0966485158433126
"ORD-026670",2026-03-14,0,0.0969127712246978,0.0686189420518678,0.0909852009915691,0.0967499161367133,0.0966485158433126
"ORD-026692",2026-03-14,0,0.0969127712246978,0.102583229068655,0.098518750209114,0.0967499161367133,0.0966485158433126
"ORD-026716",2026-03-14,0,0.0969127712246978,0.122419969197139,0.103456604125108,0.0967499161367133,0.0966485158433126
"ORD-026724",2026-03-14,0,0.0969127712246978,0.0701142234238872,0.09121183054713,0.0967499161367133,0.0966485158433126
"ORD-026777",2026-03-14,0,0.0969127712246978,0.108958824070418,0.100042329348993,0.0967499161367133,0.0966485158433126
"ORD-026794",2026-03-14,0,0.0969127712246978,0.0752789011122404,0.0923174634319992,0.0967499161367133,0.0966485158433126
"ORD-026855",2026-03-14,0,0.0969127712246978,0.111931097999699,0.100749645735247,0.0967499161367133,0.0966485158433126
"ORD-026859",2026-03-14,0,0.0969127712246978,0.0493104919366372,0.0866836659120283,0.0967499161367133,0.0966485158433126
"ORD-026862",2026-03-14,0,0.0969127712246978,0.125472577146125,0.104251088139185,0.0967499161367133,0.0966485158433126
"ORD-026864",2026-03-14,1,0.0969127712246978,0.0921878587734213,0.0962253159206747,0.0967499161367133,0.0966485158433126
"ORD-026640",2026-03-14,0,0.0969127712246978,0.100645260731362,0.0982253692164332,0.0967499161367133,0.0966485158433126
"ORD-026644",2026-03-14,0,0.0969127712246978,0.156314271044501,0.11210837875111,0.0995408243258331,0.102132575198061
"ORD-026647",2026-03-14,0,0.0969127712246978,0.0607548269264697,0.0890322058125979,0.0967499161367133,0.0956981529605399
"ORD-026661",2026-03-14,0,0.0969127712246978,0.0602113577376675,0.0890689694038397,0.0967499161367133,0.0966485158433126
"ORD-026666",2026-03-14,0,0.0969127712246978,0.0850757731785404,0.0944536792231723,0.0967499161367133,0.0966485158433126
"ORD-026685",2026-03-14,0,0.0969127712246978,0.0850757731785404,0.0944536792231723,0.0967499161367133,0.0966485158433126
"ORD-026713",2026-03-14,0,0.0969127712246978,0.0795357713385955,0.0931024949223084,0.0967499161367133,0.0966485158433126
"ORD-026715",2026-03-14,0,0.0969127712246978,0.0766215202741142,0.0926531157420209,0.0967499161367133,0.0966485158433126
"ORD-026720",2026-03-14,0,0.0969127712246978,0.0766215202741142,0.0926531157420209,0.0967499161367133,0.0966485158433126
"ORD-026754",2026-03-14,0,0.0969127712246978,0.100060994782055,0.0979077954932352,0.0967499161367133,0.0966485158433126
"ORD-026771",2026-03-14,0,0.0969127712246978,0.0850757731785404,0.0944536792231723,0.0967499161367133,0.0966485158433126
"ORD-026789",2026-03-14,0,0.0969127712246978,0.0761978167265389,0.09251520794612,0.0967499161367133,0.0966485158433126
"ORD-026800",2026-03-14,0,0.0969127712246978,0.0877161315724196,0.0950515978058737,0.0967499161367133,0.0966485158433126
"ORD-026805",2026-03-14,0,0.0969127712246978,0.0752789011122404,0.0923174634319992,0.0967499161367133,0.0966485158433126
"ORD-026816",2026-03-14,1,0.0969127712246978,0.126900635052553,0.104802129077137,0.0967499161367133,0.0966485158433126
"ORD-026818",2026-03-14,0,0.0969127712246978,0.117322277606993,0.102038817046569,0.0967499161367133,0.0966485158433126
"ORD-026827",2026-03-14,0,0.0969127712246978,0.0701142234238872,0.09121183054713,0.0967499161367133,0.0966485158433126
"ORD-026832",2026-03-14,0,0.0969127712246978,0.0931184676842207,0.0962847151225345,0.0967499161367133,0.0966485158433126
"ORD-026835",2026-03-14,0,0.0969127712246978,0.108910377460507,0.099996068936592,0.0967499161367133,0.0966485158433126
"ORD-026846",2026-03-14,1,0.0969127712246978,0.0978951817589654,0.0973862372599862,0.0967499161367133,0.0966485158433126
"ORD-026866",2026-03-14,0,0.0969127712246978,0.107810127554992,0.0995219628542976,0.0967499161367133,0.0966485158433126
"ORD-026653",2026-03-14,0,0.0969127712246978,0.0952625597152318,0.0966117058966914,0.0967499161367133,0.0966485158433126
"ORD-026671",2026-03-14,0,0.0969127712246978,0.120129539078546,0.101778990067056,0.0967499161367133,0.0966485158433126
"ORD-026672",2026-03-14,0,0.0969127712246978,0.133405327334163,0.105046677005276,0.0967499161367133,0.0966485158433126
"ORD-026674",2026-03-14,0,0.0969127712246978,0.105613924861072,0.0986045226171281,0.0967499161367133,0.0966485158433126
"ORD-026684",2026-03-14,0,0.0969127712246978,0.0912051419382658,0.095508895921508,0.0967499161367133,0.0966485158433126
"ORD-026687",2026-03-14,0,0.0969127712246978,0.165653043132846,0.112792611088949,0.0989612395558877,0.101471725540576
"ORD-026703",2026-03-14,0,0.0969127712246978,0.100502541039172,0.0974907089770314,0.0967499161367133,0.0966485158433126
"ORD-026710",2026-03-14,0,0.0969127712246978,0.120608570252443,0.102005251751385,0.0967499161367133,0.0966485158433126
"ORD-026726",2026-03-14,0,0.0969127712246978,0.165653043132846,0.112792611088949,0.0989612395558877,0.101471725540576
"ORD-026731",2026-03-14,0,0.0969127712246978,0.120608570252443,0.102005251751385,0.0967499161367133,0.0966485158433126
"ORD-026758",2026-03-14,0,0.0969127712246978,0.12347272588113,0.102471002326639,0.0967499161367133,0.0966485158433126
"ORD-026764",2026-03-14,0,0.0969127712246978,0.102756437842594,0.0994155504784534,0.0967499161367133,0.0966485158433126
"ORD-026769",2026-03-14,0,0.0969127712246978,0.128498226981054,0.104006796273161,0.0967499161367133,0.0966485158433126
"ORD-026810",2026-03-14,0,0.0969127712246978,0.107930074683393,0.0991318888740283,0.0967499161367133,0.0966485158433126
"ORD-026821",2026-03-14,0,0.0969127712246978,0.0956142605563932,0.0965323165933651,0.0967499161367133,0.0966485158433126
"ORD-026636",2026-03-14,0,0.0969127712246978,0.129212775405121,0.103399867412583,0.0967499161367133,0.0966485158433126
"ORD-026637",2026-03-14,0,0.0969127712246978,0.0823619804815674,0.0936788818426009,0.0967499161367133,0.0966485158433126
"ORD-026649",2026-03-14,0,0.0969127712246978,0.108835724927222,0.0992938448993956,0.0967499161367133,0.0966485158433126
"ORD-026650",2026-03-14,0,0.0969127712246978,0.0968243673724453,0.0967225684029169,0.0967499161367133,0.0966485158433126
"ORD-026663",2026-03-14,0,0.0969127712246978,0.100502541039172,0.0974907089770314,0.0967499161367133,0.0966485158433126
"ORD-026683",2026-03-14,0,0.0969127712246978,0.112836926130023,0.100373694621682,0.0967499161367133,0.0966485158433126
"ORD-026712",2026-03-14,0,0.0969127712246978,0.10382188631847,0.0984643186240003,0.0967499161367133,0.0966485158433126
"ORD-026717",2026-03-14,0,0.0969127712246978,0.0742192563619041,0.0921315839722286,0.0967499161367133,0.0966485158433126
"ORD-026776",2026-03-14,0,0.0969127712246978,0.0657586290147564,0.0901564222493888,0.0967499161367133,0.0956981529605399
"ORD-026784",2026-03-14,1,0.0969127712246978,0.136726499412683,0.105833469318938,0.0967499161367133,0.0966485158433126
"ORD-026787",2026-03-14,0,0.0969127712246978,0.128498226981054,0.104006796273161,0.0967499161367133,0.0966485158433126
"ORD-026793",2026-03-14,1,0.0969127712246978,0.120129539078546,0.101778990067056,0.0967499161367133,0.0966485158433126
"ORD-026814",2026-03-14,0,0.0969127712246978,0.155273191386978,0.109598831108668,0.0967499161367133,0.0966485158433126
"ORD-026820",2026-03-14,0,0.0969127712246978,0.120580823940912,0.101926911003565,0.0967499161367133,0.0966485158433126
"ORD-026823",2026-03-14,0,0.0969127712246978,0.121586296392807,0.102207070622004,0.0967499161367133,0.0966485158433126
"ORD-026860",2026-03-14,0,0.0969127712246978,0.123657725432003,0.102703109439828,0.0967499161367133,0.0966485158433126
"ORD-026646",2026-03-14,0,0.0969127712246978,0.117436341449446,0.101290113249802,0.0967499161367133,0.0966485158433126
"ORD-026654",2026-03-14,0,0.0969127712246978,0.136726499412683,0.105833469318938,0.0967499161367133,0.0966485158433126
"ORD-026676",2026-03-14,0,0.0969127712246978,0.0995062341072865,0.0974306459937201,0.0967499161367133,0.0966485158433126
"ORD-026678",2026-03-14,0,0.0969127712246978,0.120580823940912,0.101926911003565,0.0967499161367133,0.0966485158433126
"ORD-026696",2026-03-14,1,0.0969127712246978,0.11398923966268,0.100441793924428,0.0967499161367133,0.0966485158433126
"ORD-026699",2026-03-14,1,0.0969127712246978,0.075993229868439,0.0924690588417233,0.0967499161367133,0.0966485158433126
"ORD-026732",2026-03-14,0,0.0969127712246978,0.0758266392650424,0.0923607788544151,0.0967499161367133,0.0966485158433126
"ORD-026744",2026-03-14,0,0.0969127712246978,0.167782483320626,0.113487679307162,0.0995408243258331,0.102132575198061
"ORD-026749",2026-03-14,0,0.0969127712246978,0.109891895946291,0.099838755932508,0.0967499161367133,0.0966485158433126
"ORD-026751",2026-03-14,0,0.0969127712246978,0.108554746464124,0.0994529953340045,0.0967499161367133,0.0966485158433126
"ORD-026761",2026-03-14,0,0.0969127712246978,0.143349596046857,0.106994731181921,0.0967499161367133,0.0966485158433126
"ORD-026796",2026-03-14,0,0.0969127712246978,0.129212775405121,0.103399867412583,0.0967499161367133,0.0966485158433126
"ORD-026806",2026-03-14,0,0.0969127712246978,0.110626281465125,0.0997496374281552,0.0967499161367133,0.0966485158433126
"ORD-026812",2026-03-14,0,0.0969127712246978,0.10382188631847,0.0984643186240003,0.0967499161367133,0.0966485158433126
"ORD-026824",2026-03-14,0,0.0969127712246978,0.0859448432004248,0.0942727884372396,0.0967499161367133,0.0966485158433126
"ORD-026833",2026-03-14,0,0.0969127712246978,0.11398923966268,0.100441793924428,0.0967499161367133,0.0966485158433126
"ORD-026840",2026-03-14,0,0.0969127712246978,0.108554746464124,0.0994529953340045,0.0967499161367133,0.0966485158433126
"ORD-026680",2026-03-14,1,0.0969127712246978,0.074521189228339,0.0920115365268227,0.0967499161367133,0.0966485158433126
"ORD-026686",2026-03-14,0,0.0969127712246978,0.0918866994965042,0.0956391659304758,0.0967499161367133,0.0966485158433126
"ORD-026694",2026-03-14,0,0.0969127712246978,0.11312671873483,0.100524581047358,0.0967499161367133,0.0966485158433126
"ORD-026709",2026-03-14,0,0.0969127712246978,0.131789920422211,0.104742016524532,0.0967499161367133,0.0966485158433126
"ORD-026730",2026-03-14,0,0.0969127712246978,0.108835724927222,0.0992938448993956,0.0967499161367133,0.0966485158433126
"ORD-026768",2026-03-14,0,0.0969127712246978,0.0859448432004248,0.0942727884372396,0.0967499161367133,0.0966485158433126
"ORD-026778",2026-03-14,0,0.0969127712246978,0.0534253460958141,0.087781084738534,0.0967499161367133,0.0966485158433126
"ORD-026819",2026-03-14,0,0.0969127712246978,0.108554746464124,0.0994529953340045,0.0967499161367133,0.0966485158433126
"ORD-026852",2026-03-14,1,0.0969127712246978,0.139985882152727,0.1065576983726,0.0967499161367133,0.0966485158433126
"ORD-026656",2026-03-14,0,0.0969127712246978,0.135040220375956,0.1055452096451,0.0967499161367133,0.0966485158433126
"ORD-026677",2026-03-14,0,0.0969127712246978,0.0772445318736416,0.0925622302858201,0.0967499161367133,0.0966485158433126
"ORD-026688",2026-03-14,1,0.0969127712246978,0.0772445318736416,0.0925622302858201,0.0967499161367133,0.0966485158433126
"ORD-026689",2026-03-14,1,0.0969127712246978,0.0742192563619041,0.0921315839722286,0.0967499161367133,0.0966485158433126
"ORD-026702",2026-03-14,0,0.0969127712246978,0.0772445318736416,0.0925622302858201,0.0967499161367133,0.0966485158433126
"ORD-026707",2026-03-14,1,0.0969127712246978,0.109891895946291,0.099838755932508,0.0967499161367133,0.0966485158433126
"ORD-026739",2026-03-14,0,0.0969127712246978,0.105613924861072,0.0986045226171281,0.0967499161367133,0.0966485158433126
"ORD-026742",2026-03-14,0,0.0969127712246978,0.0956142605563932,0.0965323165933651,0.0967499161367133,0.0966485158433126
"ORD-026773",2026-03-14,0,0.0969127712246978,0.107894694610359,0.0992234803449006,0.0967499161367133,0.0966485158433126
"ORD-026779",2026-03-14,0,0.0969127712246978,0.0947165546803746,0.0962437913862522,0.0967499161367133,0.0966485158433126
"ORD-026803",2026-03-14,0,0.0969127712246978,0.11398923966268,0.100441793924428,0.0967499161367133,0.0966485158433126
"ORD-026826",2026-03-14,1,0.0969127712246978,0.11312671873483,0.100524581047358,0.0967499161367133,0.0966485158433126
"ORD-026851",2026-03-14,0,0.0969127712246978,0.128498226981054,0.104006796273161,0.0967499161367133,0.0966485158433126
"ORD-026854",2026-03-14,0,0.0969127712246978,0.121586296392807,0.102207070622004,0.0967499161367133,0.0966485158433126
"ORD-026648",2026-03-14,0,0.0969127712246978,0.0941850531753552,0.0967748883206142,0.0967499161367133,0.0966485158433126
"ORD-026651",2026-03-14,1,0.0969127712246978,0.102447951460246,0.0986207337974055,0.0967499161367133,0.0966485158433126
"ORD-026657",2026-03-14,0,0.0969127712246978,0.061734172957689,0.0896402520760376,0.0967499161367133,0.0966485158433126
"ORD-026701",2026-03-14,0,0.0969127712246978,0.0785246892854856,0.0932450337443614,0.0967499161367133,0.0966485158433126
"ORD-026714",2026-03-14,0,0.0969127712246978,0.137268096239048,0.106998735673784,0.0967499161367133,0.0966485158433126
"ORD-026737",2026-03-14,0,0.0969127712246978,0.120104899988596,0.10268391022233,0.0967499161367133,0.0966485158433126
"ORD-026750",2026-03-14,1,0.0969127712246978,0.150826076646894,0.109982614552485,0.100541500134285,0.102408918308548
"ORD-026762",2026-03-14,1,0.0969127712246978,0.0898680545257543,0.0956572231946746,0.0967499161367133,0.0966485158433126
"ORD-026772",2026-03-14,0,0.0969127712246978,0.114575910605528,0.101309589107254,0.0967499161367133,0.0966485158433126
"ORD-026780",2026-03-14,0,0.0969127712246978,0.102481750651101,0.0985296378523538,0.0967499161367133,0.0966485158433126
"ORD-026792",2026-03-14,0,0.0969127712246978,0.0579157846127877,0.0888377032529409,0.0967499161367133,0.0966485158433126
"ORD-026809",2026-03-14,0,0.0969127712246978,0.13003642532637,0.10519525870773,0.0967499161367133,0.0966485158433126
"ORD-026834",2026-03-14,0,0.0969127712246978,0.0703384799918032,0.0915675387906647,0.0967499161367133,0.0966485158433126
"ORD-026841",2026-03-14,0,0.0969127712246978,0.13003642532637,0.10519525870773,0.0967499161367133,0.0966485158433126
"ORD-026698",2026-03-14,0,0.0969127712246978,0.102100275294964,0.0985619190051061,0.0967499161367133,0.0966485158433126
"ORD-026705",2026-03-14,0,0.0969127712246978,0.129817555964357,0.104969932489655,0.0967499161367133,0.0966485158433126
"ORD-026738",2026-03-14,0,0.0969127712246978,0.097540723261953,0.0988117651634939,0.0967499161367133,0.0966485158433126
"ORD-026743",2026-03-14,1,0.0969127712246978,0.107447664127038,0.0999148074722374,0.0967499161367133,0.0966485158433126
"ORD-026782",2026-03-14,0,0.0969127712246978,0.126853879841486,0.10441265697711,0.0967499161367133,0.0966485158433126
"ORD-026788",2026-03-14,0,0.0969127712246978,0.126853879841486,0.10441265697711,0.0967499161367133,0.0966485158433126
"ORD-026795",2026-03-14,0,0.0969127712246978,0.0622904760787081,0.0896032758797558,0.0967499161367133,0.0956981529605399
"ORD-026808",2026-03-14,0,0.0969127712246978,0.103078532612183,0.0988490075647367,0.0967499161367133,0.0966485158433126
"ORD-026831",2026-03-14,0,0.0969127712246978,0.117520059315596,0.102081620842753,0.0967499161367133,0.0966485158433126
"ORD-026836",2026-03-14,0,0.0969127712246978,0.0771515077874051,0.0929074566742786,0.0967499161367133,0.0966485158433126
"ORD-026849",2026-03-14,0,0.0969127712246978,0.120104899988596,0.10268391022233,0.0967499161367133,0.0966485158433126
"ORD-026853",2026-03-14,1,0.0969127712246978,0.0941850531753552,0.0967748883206142,0.0967499161367133,0.0966485158433126
"ORD-026660",2026-03-14,1,0.0969127712246978,0.0941850531753552,0.0967748883206142,0.0967499161367133,0.0966485158433126
"ORD-026693",2026-03-14,0,0.0969127712246978,0.0785246892854856,0.0932450337443614,0.0967499161367133,0.0966485158433126
"ORD-026697",2026-03-14,0,0.0969127712246978,0.120780734276467,0.102947287792897,0.0967499161367133,0.0966485158433126
"ORD-026759",2026-03-14,1,0.0969127712246978,0.137268096239048,0.106998735673784,0.0967499161367133,0.0966485158433126
"ORD-026765",2026-03-14,0,0.0969127712246978,0.0903889004664239,0.0960231336517821,0.0967499161367133,0.0966485158433126
"ORD-026774",2026-03-14,0,0.0969127712246978,0.0718683406141246,0.0917954723788122,0.0967499161367133,0.0966485158433126
"ORD-026799",2026-03-14,0,0.0969127712246978,0.0993757334067054,0.0979423665931709,0.0967499161367133,0.0966485158433126
"ORD-026801",2026-03-14,0,0.0969127712246978,0.102481750651101,0.0985296378523538,0.0967499161367133,0.0966485158433126
"ORD-026825",2026-03-14,0,0.0969127712246978,0.111518694908991,0.100629695022859,0.0967499161367133,0.0966485158433126
"ORD-026842",2026-03-14,0,0.0969127712246978,0.110711606887757,0.100640372863721,0.0967499161367133,0.0966485158433126
"ORD-026845",2026-03-14,0,0.0969127712246978,0.108272171897597,0.0998324667922205,0.0967499161367133,0.0966485158433126
"ORD-026856",2026-03-14,0,0.0969127712246978,0.0703384799918032,0.0915675387906647,0.0967499161367133,0.0966485158433126
"ORD-026641",2026-03-14,0,0.0969127712246978,0.0944381293681449,0.0968376194498396,0.0967499161367133,0.0966485158433126
"ORD-026652",2026-03-14,1,0.0969127712246978,0.0732180804733419,0.0919958157743823,0.0967499161367133,0.0966485158433126
"ORD-026658",2026-03-14,0,0.0969127712246978,0.11414418268093,0.101162463140126,0.0967499161367133,0.0966485158433126
"ORD-026700",2026-03-14,0,0.0969127712246978,0.0942848581100151,0.0967486895520093,0.0967499161367133,0.0966485158433126
"ORD-026729",2026-03-14,0,0.0969127712246978,0.103078532612183,0.0988490075647367,0.0967499161367133,0.0966485158433126
"ORD-026736",2026-03-14,0,0.0969127712246978,0.117343012568571,0.101850758853648,0.0967499161367133,0.0966485158433126
"ORD-026747",2026-03-14,0,0.0969127712246978,0.111568156507746,0.100676215774772,0.0967499161367133,0.0966485158433126
"ORD-026748",2026-03-14,0,0.0969127712246978,0.107170661375884,0.0997647347948685,0.0967499161367133,0.0966485158433126
"ORD-026757",2026-03-14,0,0.0969127712246978,0.0815049368142957,0.0936969873404329,0.0967499161367133,0.0966485158433126
"ORD-026813",2026-03-14,0,0.0969127712246978,0.072026912626859,0.091903156730065,0.0967499161367133,0.0966485158433126
"ORD-026830",2026-03-14,0,0.0969127712246978,0.0865192107660213,0.0949263361870428,0.0967499161367133,0.0966485158433126
"ORD-026837",2026-03-14,0,0.0969127712246978,0.104356124001833,0.099232683553984,0.0967499161367133,0.0966485158433126
"ORD-026863",2026-03-14,0,0.0969127712246978,0.128420382295287,0.104908533387503,0.0967499161367133,0.0966485158433126
"ORD-026634",2026-03-14,0,0.0969127712246978,0.125790880720309,0.104280064702734,0.0967499161367133,0.0966485158433126
"ORD-026708",2026-03-14,0,0.0969127712246978,0.0805175942221966,0.0941238938571297,0.0967499161367133,0.0966485158433126
"ORD-026718",2026-03-14,1,0.0969127712246978,0.116195414713616,0.10193587738165,0.0967499161367133,0.0966485158433126
"ORD-026723",2026-03-14,1,0.0969127712246978,0.106825057258948,0.0998115864627576,0.0967499161367133,0.0966485158433126
"ORD-026734",2026-03-14,0,0.0969127712246978,0.106825057258948,0.0998115864627576,0.0967499161367133,0.0966485158433126
"ORD-026753",2026-03-14,0,0.0969127712246978,0.138603661500271,0.107282247656347,0.0967499161367133,0.0966485158433126
"ORD-026828",2026-03-14,0,0.0969127712246978,0.0823428767850604,0.0947071542386855,0.0967499161367133,0.0966485158433126
"ORD-026633",2026-03-14,0,0.0969127712246978,0.0734309691213922,0.092768226606434,0.0967499161367133,0.0966485158433126
"ORD-026682",2026-03-14,1,0.0969127712246978,0.102414973915571,0.0987378039893557,0.0967499161367133,0.0966485158433126
"ORD-026704",2026-03-14,0,0.0969127712246978,0.133699241456919,0.106263693240824,0.0967499161367133,0.0966485158433126
"ORD-026711",2026-03-14,0,0.0969127712246978,0.108769241888216,0.100522759345532,0.0967499161367133,0.0966485158433126
"ORD-026722",2026-03-14,0,0.0969127712246978,0.116195414713616,0.10193587738165,0.0967499161367133,0.0966485158433126
"ORD-026766",2026-03-14,0,0.0969127712246978,0.132078104223193,0.105762168189524,0.0967499161367133,0.0966485158433126
"ORD-026783",2026-03-14,0,0.0969127712246978,0.073668951219481,0.0926848896410875,0.0967499161367133,0.0966485158433126
"ORD-026785",2026-03-14,0,0.0969127712246978,0.135371396085756,0.106553681439157,0.0967499161367133,0.0966485158433126
"ORD-026786",2026-03-14,0,0.0969127712246978,0.081494821936611,0.0943251056541621,0.0967499161367133,0.0966485158433126
"ORD-026791",2026-03-14,0,0.0969127712246978,0.0994650897527201,0.0981603799408573,0.0967499161367133,0.0966485158433126
"ORD-026811",2026-03-14,0,0.0969127712246978,0.0946219611204637,0.0971961132761824,0.0967499161367133,0.0966485158433126
"ORD-026843",2026-03-14,0,0.0969127712246978,0.115358874708534,0.101946678111128,0.0967499161367133,0.0966485158433126
"ORD-026848",2026-03-14,0,0.0969127712246978,0.0750226633886892,0.092998843022749,0.0967499161367133,0.0966485158433126
"ORD-026865",2026-03-14,0,0.0969127712246978,0.142851041049842,0.108377626601652,0.0967499161367133,0.0966485158433126
"ORD-026690",2026-03-14,1,0.0969127712246978,0.106429331653818,0.0998442411005162,0.0967499161367133,0.0966485158433126
"ORD-026725",2026-03-14,0,0.0969127712246978,0.122230382363038,0.103170972557002,0.0967499161367133,0.0966485158433126
"ORD-026727",2026-03-14,1,0.0969127712246978,0.119363615403277,0.1026235895559,0.0967499161367133,0.0966485158433126
"ORD-026728",2026-03-14,0,0.0969127712246978,0.135371396085756,0.106553681439157,0.0967499161367133,0.0966485158433126
"ORD-026740",2026-03-14,0,0.0969127712246978,0.130476348935079,0.105455677129486,0.0967499161367133,0.0966485158433126
"ORD-026745",2026-03-14,0,0.0969127712246978,0.116693009706858,0.102202173379379,0.0967499161367133,0.0966485158433126
"ORD-026807",2026-03-14,1,0.0969127712246978,0.153767012526281,0.11034150504251,0.0967499161367133,0.0966485158433126
"ORD-026817",2026-03-14,1,0.0969127712246978,0.111687960830189,0.101060951484402,0.0967499161367133,0.0966485158433126
"ORD-026822",2026-03-14,1,0.0969127712246978,0.10452984215228,0.0992810028122386,0.0967499161367133,0.0966485158433126
"ORD-026869",2026-03-15,0,0.0969127712246978,0.102318870390794,0.0989066497198825,0.0967499161367133,0.0966485158433126
"ORD-026876",2026-03-15,0,0.0969127712246978,0.000000507801429145587,0.077034700146644,0.0967499161367133,0.0966485158433126
"ORD-026916",2026-03-15,0,0.0969127712246978,0.0570796504322294,0.0885193419907879,0.0967499161367133,0.0966485158433126
"ORD-026922",2026-03-15,0,0.0969127712246978,0.148031570971137,0.109625559753705,0.100541500134285,0.102408918308548
"ORD-026932",2026-03-15,1,0.0969127712246978,0.115258889027376,0.101747283992693,0.0967499161367133,0.0966485158433126
"ORD-026946",2026-03-15,0,0.0969127712246978,0.127569244109676,0.104851914912603,0.0967499161367133,0.0966485158433126
"ORD-026962",2026-03-15,0,0.0969127712246978,0.105084908731276,0.0994371458537886,0.0967499161367133,0.0966485158433126
"ORD-026963",2026-03-15,0,0.0969127712246978,0.0889268563226786,0.0956278003103623,0.0967499161367133,0.0966485158433126
"ORD-026995",2026-03-15,0,0.0969127712246978,0.148031570971137,0.109625559753705,0.100541500134285,0.102408918308548
"ORD-027005",2026-03-15,0,0.0969127712246978,0.115258889027376,0.101747283992693,0.0967499161367133,0.0966485158433126
"ORD-027012",2026-03-15,0,0.0969127712246978,0.0541556625600736,0.0879377945022102,0.0967499161367133,0.0966485158433126
"ORD-027030",2026-03-15,0,0.0969127712246978,0.101327198171994,0.0983662701124565,0.0967499161367133,0.0966485158433126
"ORD-027032",2026-03-15,0,0.0969127712246978,0.10935868583586,0.100299582325768,0.0967499161367133,0.0966485158433126
"ORD-027056",2026-03-15,0,0.0969127712246978,0.061018485915638,0.089305743226081,0.0967499161367133,0.0956981529605399
"ORD-027091",2026-03-15,1,0.0969127712246978,0.0567277226946863,0.0885424654860684,0.0967499161367133,0.0966485158433126
"ORD-027113",2026-03-15,0,0.0969127712246978,0.0885973441953713,0.0957065245304617,0.0967499161367133,0.0966485158433126
"ORD-027125",2026-03-15,0,0.0969127712246978,0.100443771783996,0.0982964911478507,0.0967499161367133,0.0966485158433126
"ORD-026870",2026-03-15,0,0.0969127712246978,0.076948395118036,0.0929366428945419,0.0967499161367133,0.0966485158433126
"ORD-026891",2026-03-15,0,0.0969127712246978,0.117800634436719,0.102347825604471,0.0967499161367133,0.0966485158433126
"ORD-026927",2026-03-15,0,0.0969127712246978,0.13381751932598,0.106003683435114,0.0967499161367133,0.0966485158433126
"ORD-026931",2026-03-15,0,0.0969127712246978,0.0963007135507345,0.0971472918075265,0.0967499161367133,0.0966485158433126
"ORD-026983",2026-03-15,0,0.0969127712246978,0.112364175049151,0.100977496454765,0.0967499161367133,0.0966485158433126
"ORD-026986",2026-03-15,0,0.0969127712246978,0.108254457169189,0.0998241968221176,0.0967499161367133,0.0966485158433126
"ORD-026990",2026-03-15,0,0.0969127712246978,0.101063405956414,0.0985240964365023,0.0967499161367133,0.0966485158433126
"ORD-026998",2026-03-15,0,0.0969127712246978,0.0854353776264856,0.0947421409428775,0.0967499161367133,0.0966485158433126
"ORD-027015",2026-03-15,0,0.0969127712246978,0.101063405956414,0.0985240964365023,0.0967499161367133,0.0966485158433126
"ORD-027016",2026-03-15,0,0.0969127712246978,0.134684950390445,0.106650207141568,0.0967499161367133,0.0966485158433126
"ORD-027035",2026-03-15,0,0.0969127712246978,0.12443844403872,0.104071570410469,0.0967499161367133,0.0966485158433126
"ORD-027058",2026-03-15,0,0.0969127712246978,0.124532550845764,0.104115725627511,0.0967499161367133,0.0966485158433126
"ORD-027066",2026-03-15,0,0.0969127712246978,0.061018485915638,0.089305743226081,0.0967499161367133,0.0956981529605399
"ORD-027068",2026-03-15,0,0.0969127712246978,0.125979422218276,0.104566016066224,0.0967499161367133,0.0966485158433126
"ORD-027070",2026-03-15,0,0.0969127712246978,0.0900607547698487,0.0958164585038812,0.0967499161367133,0.0966485158433126
"ORD-027109",2026-03-15,1,0.0969127712246978,0.0956223157369509,0.0984869630703236,0.0967499161367133,0.0966485158433126
"ORD-027120",2026-03-15,0,0.0969127712246978,0.092325892200898,0.09645606498279,0.0967499161367133,0.0966485158433126
"ORD-027129",2026-03-15,0,0.0969127712246978,0.100443771783996,0.0982964911478507,0.0967499161367133,0.0966485158433126
"ORD-027134",2026-03-15,0,0.0969127712246978,0.100476983784029,0.0982056620746813,0.0967499161367133,0.0966485158433126
"ORD-026878",2026-03-15,0,0.0969127712246978,0.0567277226946863,0.0885424654860684,0.0967499161367133,0.0966485158433126
"ORD-026919",2026-03-15,0,0.0969127712246978,0.113309960272497,0.101255340706022,0.0967499161367133,0.0966485158433126
"ORD-026928",2026-03-15,0,0.0969127712246978,0.0717400171937041,0.0916911387002861,0.0967499161367133,0.0966485158433126
"ORD-026940",2026-03-15,0,0.0969127712246978,0.092423928057842,0.0964299433108496,0.0967499161367133,0.0966485158433126
"ORD-026945",2026-03-15,0,0.0969127712246978,0.0963007135507345,0.0971472918075265,0.0967499161367133,0.0966485158433126
"ORD-026984",2026-03-15,1,0.0969127712246978,0.127412408301279,0.105118526274322,0.0967499161367133,0.0966485158433126
"ORD-027002",2026-03-15,0,0.0969127712246978,0.103008503667635,0.0988182718983181,0.0967499161367133,0.0966485158433126
"ORD-027027",2026-03-15,0,0.0969127712246978,0.105357156622338,0.0995867802632453,0.0967499161367133,0.0966485158433126
"ORD-027050",2026-03-15,0,0.0969127712246978,0.0798740032273706,0.093387255682577,0.0967499161367133,0.0966485158433126
"ORD-027071",2026-03-15,1,0.0969127712246978,0.112364175049151,0.100977496454765,0.0967499161367133,0.0966485158433126
"ORD-027076",2026-03-15,0,0.0969127712246978,0.100476983784029,0.0982056620746813,0.0967499161367133,0.0966485158433126
"ORD-027096",2026-03-15,0,0.0969127712246978,0.0717400171937041,0.0916911387002861,0.0967499161367133,0.0966485158433126
"ORD-027101",2026-03-15,0,0.0969127712246978,0.0489373650235771,0.0868088147935686,0.0967499161367133,0.0966485158433126
"ORD-027102",2026-03-15,0,0.0969127712246978,0.115258889027376,0.101747283992693,0.0967499161367133,0.0966485158433126
"ORD-027105",2026-03-15,0,0.0969127712246978,0.100476983784029,0.0982056620746813,0.0967499161367133,0.0966485158433126
"ORD-027115",2026-03-15,0,0.0969127712246978,0.060472810073351,0.0893426086901247,0.0967499161367133,0.0966485158433126
"ORD-026920",2026-03-15,0,0.0969127712246978,0.111939727440494,0.100830798655844,0.0967499161367133,0.0966485158433126
"ORD-026925",2026-03-15,0,0.0969127712246978,0.0966217585779758,0.0975436538211482,0.0967499161367133,0.0966485158433126
"ORD-026930",2026-03-15,0,0.0969127712246978,0.0489373650235771,0.0868088147935686,0.0967499161367133,0.0966485158433126
"ORD-026972",2026-03-15,0,0.0969127712246978,0.154906072557943,0.111754580661351,0.0989612395558877,0.101471725540576
"ORD-026981",2026-03-15,0,0.0969127712246978,0.060472810073351,0.0893426086901247,0.0967499161367133,0.0966485158433126
"ORD-027017",2026-03-15,0,0.0969127712246978,0.0854353776264856,0.0947421409428775,0.0967499161367133,0.0966485158433126
"ORD-027025",2026-03-15,0,0.0969127712246978,0.130643365698879,0.105570220122194,0.0967499161367133,0.0966485158433126
"ORD-027045",2026-03-15,0,0.0969127712246978,0.0765230338077349,0.0927983562488461,0.0967499161367133,0.0966485158433126
"ORD-027047",2026-03-15,0,0.0969127712246978,0.127569244109676,0.104851914912603,0.0967499161367133,0.0966485158433126
"ORD-027060",2026-03-15,1,0.0969127712246978,0.115258889027376,0.101747283992693,0.0967499161367133,0.0966485158433126
"ORD-027088",2026-03-15,0,0.0969127712246978,0.12443844403872,0.104071570410469,0.0967499161367133,0.0966485158433126
"ORD-027093",2026-03-15,0,0.0969127712246978,0.112364175049151,0.100977496454765,0.0967499161367133,0.0966485158433126
"ORD-027111",2026-03-15,0,0.0969127712246978,0.115258889027376,0.101747283992693,0.0967499161367133,0.0966485158433126
"ORD-027112",2026-03-15,0,0.0969127712246978,0.154906072557943,0.111754580661351,0.0989612395558877,0.101471725540576
"ORD-027114",2026-03-15,0,0.0969127712246978,0.106167530853699,0.0995046800282888,0.0967499161367133,0.0966485158433126
"ORD-026882",2026-03-15,0,0.0969127712246978,0.0689142250636833,0.0912641375454745,0.0967499161367133,0.0966485158433126
"ORD-026893",2026-03-15,0,0.0969127712246978,0.100476983784029,0.0982056620746813,0.0967499161367133,0.0966485158433126
"ORD-026896",2026-03-15,1,0.0969127712246978,0.0847972036262043,0.0946129649438602,0.0967499161367133,0.0966485158433126
"ORD-026901",2026-03-15,0,0.0969127712246978,0.11846524825526,0.102610439715772,0.0967499161367133,0.0966485158433126
"ORD-026906",2026-03-15,0,0.0969127712246978,0.127412408301279,0.105118526274322,0.0967499161367133,0.0966485158433126
"ORD-026909",2026-03-15,0,0.0969127712246978,0.0495271045910037,0.0869506765187342,0.0967499161367133,0.0966485158433126
"ORD-026913",2026-03-15,0,0.0969127712246978,0.061018485915638,0.089305743226081,0.0967499161367133,0.0956981529605399
"ORD-026915",2026-03-15,0,0.0969127712246978,0.120488514794694,0.102438297750883,0.0967499161367133,0.0966485158433126
"ORD-026923",2026-03-15,0,0.0969127712246978,0.124532550845764,0.104115725627511,0.0967499161367133,0.0966485158433126
"ORD-026934",2026-03-15,0,0.0969127712246978,0.13381751932598,0.106003683435114,0.0967499161367133,0.0966485158433126
"ORD-026937",2026-03-15,0,0.0969127712246978,0.100476983784029,0.0982056620746813,0.0967499161367133,0.0966485158433126
"ORD-026943",2026-03-15,0,0.0969127712246978,0.125979422218276,0.104566016066224,0.0967499161367133,0.0966485158433126
"ORD-026951",2026-03-15,0,0.0969127712246978,0.115084804542026,0.101517092635499,0.0967499161367133,0.0966485158433126
"ORD-026952",2026-03-15,0,0.0969127712246978,0.156923345583975,0.112444062881647,0.0995408243258331,0.102132575198061
"ORD-026976",2026-03-15,0,0.0969127712246978,0.154906072557943,0.111754580661351,0.0989612395558877,0.101471725540576
"ORD-026996",2026-03-15,0,0.0969127712246978,0.0963007135507345,0.0971472918075265,0.0967499161367133,0.0966485158433126
"ORD-027006",2026-03-15,1,0.0969127712246978,0.127569244109676,0.104851914912603,0.0967499161367133,0.0966485158433126
"ORD-027041",2026-03-15,0,0.0969127712246978,0.115258889027376,0.101747283992693,0.0967499161367133,0.0966485158433126
"ORD-027044",2026-03-15,0,0.0969127712246978,0.060472810073351,0.0893426086901247,0.0967499161367133,0.0966485158433126
"ORD-027092",2026-03-15,0,0.0969127712246978,0.0495271045910037,0.0869506765187342,0.0967499161367133,0.0966485158433126
"ORD-027094",2026-03-15,0,0.0969127712246978,0.134684950390445,0.106650207141568,0.0967499161367133,0.0966485158433126
"ORD-027097",2026-03-15,0,0.0969127712246978,0.088085821987381,0.0953416933124762,0.0967499161367133,0.0966485158433126
"ORD-027106",2026-03-15,0,0.0969127712246978,0.154906072557943,0.111754580661351,0.0989612395558877,0.101471725540576
"ORD-026877",2026-03-15,0,0.0969127712246978,0.0614215399082776,0.0896611065874495,0.0967499161367133,0.0966485158433126
"ORD-026883",2026-03-15,0,0.0969127712246978,0.0618006793395399,0.0896377196818334,0.0967499161367133,0.0966485158433126
"ORD-026888",2026-03-15,0,0.0969127712246978,0.15900663738729,0.110978131562557,0.100541500134285,0.102408918308548
"ORD-026912",2026-03-15,0,0.0969127712246978,0.0618006793395399,0.0896377196818334,0.0967499161367133,0.0966485158433126
"ORD-026918",2026-03-15,0,0.0969127712246978,0.123972637763744,0.102781169883258,0.0967499161367133,0.0966485158433126
"ORD-026935",2026-03-15,0,0.0969127712246978,0.103182347944406,0.0997174970732359,0.0967499161367133,0.0966485158433126
"ORD-026936",2026-03-15,0,0.0969127712246978,0.16629133378887,0.113130082959781,0.0989612395558877,0.101471725540576
"ORD-026955",2026-03-15,0,0.0969127712246978,0.127576510769048,0.103886557039828,0.0967499161367133,0.0966485158433126
"ORD-026964",2026-03-15,0,0.0969127712246978,0.129015491058078,0.104321072174643,0.0967499161367133,0.0966485158433126
"ORD-026969",2026-03-15,0,0.0969127712246978,0.108339330437033,0.0995249080488397,0.0967499161367133,0.0966485158433126
"ORD-026977",2026-03-15,0,0.0969127712246978,0.123972637763744,0.102781169883258,0.0967499161367133,0.0966485158433126
"ORD-026987",2026-03-15,1,0.0969127712246978,0.127478688364479,0.103715705055726,0.0967499161367133,0.0966485158433126
"ORD-027003",2026-03-15,0,0.0969127712246978,0.10092015985193,0.0977874441996539,0.0967499161367133,0.0966485158433126
"ORD-027110",2026-03-15,0,0.0969127712246978,0.11108077254827,0.100052485987676,0.0967499161367133,0.0966485158433126
"ORD-027116",2026-03-15,0,0.0969127712246978,0.126868137419615,0.103621054045445,0.0967499161367133,0.0966485158433126
"ORD-026890",2026-03-15,0,0.0969127712246978,0.0951126732028078,0.09653713729352,0.0967499161367133,0.0966485158433126
"ORD-026898",2026-03-15,0,0.0969127712246978,0.16629133378887,0.113130082959781,0.0989612395558877,0.101471725540576
"ORD-026910",2026-03-15,0,0.0969127712246978,0.144838720811217,0.107970520367715,0.0967499161367133,0.0966485158433126
"ORD-026911",2026-03-15,0,0.0969127712246978,0.0761504027261654,0.0926435027686266,0.0967499161367133,0.0966485158433126
"ORD-026942",2026-03-15,0,0.0969127712246978,0.113590170463343,0.100829518885959,0.0967499161367133,0.0966485158433126
"ORD-026944",2026-03-15,0,0.0969127712246978,0.0660424762232948,0.0904330707593137,0.0967499161367133,0.0956981529605399
"ORD-026956",2026-03-15,0,0.0969127712246978,0.109001770022252,0.0997550430596102,0.0967499161367133,0.0966485158433126
"ORD-026978",2026-03-15,0,0.0969127712246978,0.0915880609323565,0.0958002393437481,0.0967499161367133,0.0966485158433126
"ORD-027023",2026-03-15,0,0.0969127712246978,0.0863077745682634,0.0945607554042045,0.0967499161367133,0.0966485158433126
"ORD-027029",2026-03-15,0,0.0969127712246978,0.126868137419615,0.103621054045445,0.0967499161367133,0.0966485158433126
"ORD-027033",2026-03-15,0,0.0969127712246978,0.0972283543172714,0.0970172169440322,0.0967499161367133,0.0966485158433126
"ORD-027039",2026-03-15,0,0.0969127712246978,0.155878958870677,0.109927931273603,0.0967499161367133,0.0966485158433126
"ORD-027049",2026-03-15,0,0.0969127712246978,0.1092837636965,0.0995954627270388,0.0967499161367133,0.0966485158433126
"ORD-027053",2026-03-15,0,0.0969127712246978,0.0775738412590553,0.0928455077791898,0.0967499161367133,0.0966485158433126
"ORD-027104",2026-03-15,0,0.0969127712246978,0.15900663738729,0.110978131562557,0.100541500134285,0.102408918308548
"ORD-027132",2026-03-15,0,0.0969127712246978,0.0831678118721244,0.0941050679842919,0.0967499161367133,0.0966485158433126
"ORD-026868",2026-03-15,0,0.0969127712246978,0.143916771223372,0.107316954290695,0.0967499161367133,0.0966485158433126
"ORD-026881",2026-03-15,0,0.0969127712246978,0.120617777828139,0.102087301234459,0.0967499161367133,0.0966485158433126
"ORD-026900",2026-03-15,0,0.0969127712246978,0.117863199118061,0.101550212774461,0.0967499161367133,0.0966485158433126
"ORD-026926",2026-03-15,1,0.0969127712246978,0.0951126732028078,0.09653713729352,0.0967499161367133,0.0966485158433126
"ORD-026941",2026-03-15,0,0.0969127712246978,0.0831678118721244,0.0941050679842919,0.0967499161367133,0.0966485158433126
"ORD-026968",2026-03-15,0,0.0969127712246978,0.117863199118061,0.101550212774461,0.0967499161367133,0.0966485158433126
"ORD-026989",2026-03-15,1,0.0969127712246978,0.07631764589645,0.0927520803384187,0.0967499161367133,0.0966485158433126
"ORD-027004",2026-03-15,0,0.0969127712246978,0.12415828023701,0.103013898920711,0.0967499161367133,0.0966485158433126
"ORD-027026",2026-03-15,0,0.0969127712246978,0.0922721894339573,0.0959308645862179,0.0967499161367133,0.0966485158433126
"ORD-027036",2026-03-15,0,0.0969127712246978,0.0915880609323565,0.0958002393437481,0.0967499161367133,0.0966485158433126
"ORD-027085",2026-03-15,0,0.0969127712246978,0.108374838599616,0.099433069049372,0.0967499161367133,0.0966485158433126
"ORD-027122",2026-03-15,0,0.0969127712246978,0.123972637763744,0.102781169883258,0.0967499161367133,0.0966485158433126
"ORD-027123",2026-03-15,0,0.0969127712246978,0.0996540224966461,0.0976639731044996,0.0967499161367133,0.0966485158433126
"ORD-027130",2026-03-15,0,0.0969127712246978,0.15900663738729,0.110978131562557,0.100541500134285,0.102408918308548
"ORD-027135",2026-03-15,0,0.0969127712246978,0.0827111510641808,0.0939652228648973,0.0967499161367133,0.0966485158433126
"ORD-026886",2026-03-15,0,0.0969127712246978,0.121070644454476,0.102235619255212,0.0967499161367133,0.0966485158433126
"ORD-026975",2026-03-15,1,0.0969127712246978,0.127478688364479,0.103715705055726,0.0967499161367133,0.0966485158433126
"ORD-026988",2026-03-15,1,0.0969127712246978,0.0614215399082776,0.0896611065874495,0.0967499161367133,0.0966485158433126
"ORD-026997",2026-03-15,0,0.0969127712246978,0.0972283543172714,0.0970172169440322,0.0967499161367133,0.0966485158433126
"ORD-027001",2026-03-15,0,0.0969127712246978,0.117915101222509,0.101597111006101,0.0967499161367133,0.0966485158433126
"ORD-027007",2026-03-15,1,0.0969127712246978,0.0951126732028078,0.09653713729352,0.0967499161367133,0.0966485158433126
"ORD-027014",2026-03-15,0,0.0969127712246978,0.168427322745296,0.113826963988398,0.0995408243258331,0.102132575198061
"ORD-027031",2026-03-15,0,0.0969127712246978,0.0956607204176562,0.0969060529462793,0.0967499161367133,0.0966485158433126
"ORD-027055",2026-03-15,0,0.0969127712246978,0.0827111510641808,0.0939652228648973,0.0967499161367133,0.0966485158433126
"ORD-027079",2026-03-15,0,0.0969127712246978,0.000000552568009397509,0.0780203979135753,0.0967499161367133,0.0966485158433126
"ORD-026885",2026-03-15,0,0.0969127712246978,0.183095776280587,0.11667041898749,0.0967499161367133,0.0966485158433126
"ORD-026902",2026-03-15,0,0.0969127712246978,0.143916771223372,0.107316954290695,0.0967499161367133,0.0966485158433126
"ORD-026904",2026-03-15,0,0.0969127712246978,0.0831678118721244,0.0941050679842919,0.0967499161367133,0.0966485158433126
"ORD-026924",2026-03-15,0,0.0969127712246978,0.113590170463343,0.100829518885959,0.0967499161367133,0.0966485158433126
"ORD-026939",2026-03-15,1,0.0969127712246978,0.110343744249302,0.100141844965772,0.0967499161367133,0.0966485158433126
"ORD-026954",2026-03-15,0,0.0969127712246978,0.104636022909439,0.0986782534875103,0.0967499161367133,0.0966485158433126
"ORD-026961",2026-03-15,0,0.0969127712246978,0.0536590143674594,0.0880511498158397,0.0967499161367133,0.0966485158433126
"ORD-027011",2026-03-15,0,0.0969127712246978,0.121070644454476,0.102235619255212,0.0967499161367133,0.0966485158433126
"ORD-027021",2026-03-15,0,0.0969127712246978,0.0972283543172714,0.0970172169440322,0.0967499161367133,0.0966485158433126
"ORD-027028",2026-03-15,0,0.0969127712246978,0.109001770022252,0.0997550430596102,0.0967499161367133,0.0966485158433126
"ORD-027038",2026-03-15,0,0.0969127712246978,0.113590170463343,0.100829518885959,0.0967499161367133,0.0966485158433126
"ORD-027043",2026-03-15,0,0.0969127712246978,0.144838720811217,0.107970520367715,0.0967499161367133,0.0966485158433126
"ORD-027046",2026-03-15,1,0.0969127712246978,0.132318423261021,0.105058253540168,0.0967499161367133,0.0966485158433126
"ORD-027051",2026-03-15,0,0.0969127712246978,0.122079634321277,0.102516530538584,0.0967499161367133,0.0966485158433126
"ORD-027064",2026-03-15,0,0.0969127712246978,0.129015491058078,0.104321072174643,0.0967499161367133,0.0966485158433126
"ORD-026873",2026-03-15,0,0.0969127712246978,0.11799911475467,0.102390744244693,0.0967499161367133,0.0966485158433126
"ORD-026903",2026-03-15,0,0.0969127712246978,0.137815080443638,0.107320969393056,0.0967499161367133,0.0966485158433126
"ORD-026905",2026-03-15,0,0.0969127712246978,0.0723357219370543,0.0921846220999879,0.0967499161367133,0.0966485158433126
"ORD-026929",2026-03-15,0,0.0969127712246978,0.0946793600343403,0.0970434091177112,0.0967499161367133,0.0966485158433126
"ORD-026960",2026-03-15,0,0.0969127712246978,0.151417604507257,0.110312724357393,0.100541500134285,0.102408918308548
"ORD-026974",2026-03-15,1,0.0969127712246978,0.12127125487699,0.103258731149317,0.0967499161367133,0.0966485158433126
"ORD-026999",2026-03-15,0,0.0969127712246978,0.0911055155058008,0.0962367065742784,0.0967499161367133,0.0966485158433126
"ORD-027034",2026-03-15,0,0.0969127712246978,0.0986404689051297,0.0977648274502394,0.0967499161367133,0.0966485158433126
"ORD-027054",2026-03-15,0,0.0969127712246978,0.127461490184787,0.104772417078339,0.0967499161367133,0.0966485158433126
"ORD-027073",2026-03-15,0,0.0969127712246978,0.148412859698647,0.109268046969864,0.0967499161367133,0.0966485158433126
"ORD-027075",2026-03-15,0,0.0969127712246978,0.112026029729186,0.100981561951565,0.0967499161367133,0.0966485158433126
"ORD-027078",2026-03-15,0,0.0969127712246978,0.128937379373086,0.105225214059687,0.0967499161367133,0.0966485158433126
"ORD-027118",2026-03-15,0,0.0969127712246978,0.136930680051206,0.106670864991511,0.0967499161367133,0.0966485158433126
"ORD-027124",2026-03-15,0,0.0969127712246978,0.115044529168968,0.101616639218093,0.0967499161367133,0.0966485158433126
"ORD-027131",2026-03-15,0,0.0969127712246978,0.0818507980816292,0.0939833779656071,0.0967499161367133,0.0966485158433126
"ORD-026875",2026-03-15,0,0.0969127712246978,0.103505623739729,0.0991494228869526,0.0967499161367133,0.0966485158433126
"ORD-026884",2026-03-15,0,0.0969127712246978,0.110849019971901,0.100456855399027,0.0967499161367133,0.0966485158433126
"ORD-026889",2026-03-15,0,0.0969127712246978,0.0875367161904556,0.0953460023554042,0.0967499161367133,0.0966485158433126
"ORD-026895",2026-03-15,0,0.0969127712246978,0.0993354666441688,0.0980784583712762,0.0967499161367133,0.0966485158433126
"ORD-026948",2026-03-15,0,0.0969127712246978,0.0613825132612069,0.0896678569568912,0.0967499161367133,0.0966485158433126
"ORD-026949",2026-03-15,0,0.0969127712246978,0.114611264031861,0.101469117686912,0.0967499161367133,0.0966485158433126
"ORD-026953",2026-03-15,0,0.0969127712246978,0.0735315921394585,0.0922775360879379,0.0967499161367133,0.0966485158433126
"ORD-026958",2026-03-15,0,0.0969127712246978,0.0585281938366082,0.0890874441535856,0.0967499161367133,0.0966485158433126
"ORD-026979",2026-03-15,0,0.0969127712246978,0.130339336659908,0.105286776702239,0.0967499161367133,0.0966485158433126
"ORD-027008",2026-03-15,0,0.0969127712246978,0.0979473749679626,0.0991120797495676,0.0967499161367133,0.0966485158433126
"ORD-027009",2026-03-15,0,0.0969127712246978,0.108718173739369,0.100135538856886,0.0967499161367133,0.0966485158433126
"ORD-027019",2026-03-15,0,0.0969127712246978,0.0993354666441688,0.0980784583712762,0.0967499161367133,0.0966485158433126
"ORD-027040",2026-03-15,1,0.0969127712246978,0.102523776467704,0.0988615575453097,0.0967499161367133,0.0966485158433126
"ORD-027052",2026-03-15,0,0.0969127712246978,0.0945791811086244,0.0970696791173183,0.0967499161367133,0.0966485158433126
"ORD-027061",2026-03-15,0,0.0969127712246978,0.0772270357919489,0.0934600540448329,0.0967499161367133,0.0966485158433126
"ORD-027062",2026-03-15,0,0.0969127712246978,0.102906652796619,0.0988291890138486,0.0967499161367133,0.0966485158433126
"ORD-027065",2026-03-15,0,0.0969127712246978,0.070753397035404,0.0917523486507716,0.0967499161367133,0.0966485158433126
"ORD-027067",2026-03-15,0,0.0969127712246978,0.137256327500663,0.107522634800114,0.0967499161367133,0.0966485158433126
"ORD-027072",2026-03-15,0,0.0969127712246978,0.114611264031861,0.101469117686912,0.0967499161367133,0.0966485158433126
"ORD-027080",2026-03-15,0,0.0969127712246978,0.102523776467704,0.0988615575453097,0.0967499161367133,0.0966485158433126
"ORD-027082",2026-03-15,0,0.0969127712246978,0.125812603592038,0.104424171793305,0.0967499161367133,0.0966485158433126
"ORD-027084",2026-03-15,0,0.0969127712246978,0.078423964321002,0.0933911066217901,0.0967499161367133,0.0966485158433126
"ORD-027086",2026-03-15,0,0.0969127712246978,0.148412859698647,0.109268046969864,0.0967499161367133,0.0966485158433126
"ORD-027090",2026-03-15,1,0.0969127712246978,0.110849019971901,0.100456855399027,0.0967499161367133,0.0966485158433126
"ORD-027095",2026-03-15,0,0.0969127712246978,0.125812603592038,0.104424171793305,0.0967499161367133,0.0966485158433126
"ORD-027121",2026-03-15,0,0.0969127712246978,0.0907687347987213,0.0963158786820106,0.0967499161367133,0.0966485158433126
"ORD-027133",2026-03-15,0,0.0969127712246978,0.137815080443638,0.107320969393056,0.0967499161367133,0.0966485158433126
"ORD-026914",2026-03-15,1,0.0969127712246978,0.095787700681379,0.0971924798074371,0.0967499161367133,0.0966485158433126
"ORD-026921",2026-03-15,0,0.0969127712246978,0.070753397035404,0.0917523486507716,0.0967499161367133,0.0966485158433126
"ORD-026938",2026-03-15,0,0.0969127712246978,0.0507943075046141,0.0875096778083573,0.0967499161367133,0.0966485158433126
"ORD-026947",2026-03-15,0,0.0969127712246978,0.0581678859744287,0.0891107015429924,0.0967499161367133,0.0966485158433126
"ORD-026950",2026-03-15,0,0.0969127712246978,0.062001801476834,0.0899154732256704,0.0967499161367133,0.0966485158433126
"ORD-026980",2026-03-15,0,0.0969127712246978,0.0585281938366082,0.0890874441535856,0.0967499161367133,0.0966485158433126
"ORD-026985",2026-03-15,0,0.0969127712246978,0.0997891894300809,0.0982403268968888,0.0967499161367133,0.0966485158433126
"ORD-026993",2026-03-15,0,0.0969127712246978,0.095787700681379,0.0971924798074371,0.0967499161367133,0.0966485158433126
"ORD-027010",2026-03-15,1,0.0969127712246978,0.103505623739729,0.0991494228869526,0.0967499161367133,0.0966485158433126
"ORD-027013",2026-03-15,0,0.0969127712246978,0.107612673373052,0.100067624096288,0.0967499161367133,0.0966485158433126
"ORD-027020",2026-03-15,0,0.0969127712246978,0.107612673373052,0.100067624096288,0.0967499161367133,0.0966485158433126
"ORD-027024",2026-03-15,0,0.0969127712246978,0.102523776467704,0.0988615575453097,0.0967499161367133,0.0966485158433126
"ORD-027059",2026-03-15,1,0.0969127712246978,0.11799911475467,0.102390744244693,0.0967499161367133,0.0966485158433126
"ORD-027063",2026-03-15,0,0.0969127712246978,0.102906652796619,0.0988291890138486,0.0967499161367133,0.0966485158433126
"ORD-027087",2026-03-15,0,0.0969127712246978,0.0868843370472683,0.0952160896218612,0.0967499161367133,0.0966485158433126
"ORD-027089",2026-03-15,0,0.0969127712246978,0.115044529168968,0.101616639218093,0.0967499161367133,0.0966485158433126
"ORD-027098",2026-03-15,0,0.0969127712246978,0.130558953743526,0.105512702872512,0.0967499161367133,0.0966485158433126
"ORD-027103",2026-03-15,1,0.0969127712246978,0.114611264031861,0.101469117686912,0.0967499161367133,0.0966485158433126
"ORD-027108",2026-03-15,0,0.0969127712246978,0.095787700681379,0.0971924798074371,0.0967499161367133,0.0966485158433126
"ORD-027119",2026-03-15,0,0.0969127712246978,0.0555343725417838,0.0885025267861565,0.0967499161367133,0.0966485158433126
"ORD-027126",2026-03-15,1,0.0969127712246978,0.0723357219370543,0.0921846220999879,0.0967499161367133,0.0966485158433126
"ORD-026871",2026-03-15,0,0.0969127712246978,0.115071168241375,0.101694768495856,0.0967499161367133,0.0966485158433126
"ORD-026874",2026-03-15,0,0.0969127712246978,0.137256327500663,0.107522634800114,0.0967499161367133,0.0966485158433126
"ORD-026879",2026-03-15,1,0.0969127712246978,0.078423964321002,0.0933911066217901,0.0967499161367133,0.0966485158433126
"ORD-026899",2026-03-15,0,0.0969127712246978,0.0613825132612069,0.0896678569568912,0.0967499161367133,0.0966485158433126
"ORD-026917",2026-03-15,0,0.0969127712246978,0.098968459913367,0.0981634350755692,0.0967499161367133,0.0966485158433126
"ORD-026957",2026-03-15,1,0.0969127712246978,0.0948332054537404,0.0971325807853588,0.0967499161367133,0.0966485158433126
"ORD-026973",2026-03-15,0,0.0969127712246978,0.121177595651492,0.103088792907219,0.0967499161367133,0.0966485158433126
"ORD-026982",2026-03-15,0,0.0969127712246978,0.128937379373086,0.105225214059687,0.0967499161367133,0.0966485158433126
"ORD-026991",2026-03-15,0,0.0969127712246978,0.0735315921394585,0.0922775360879379,0.0967499161367133,0.0966485158433126
"ORD-027000",2026-03-15,0,0.0969127712246978,0.0875367161904556,0.0953460023554042,0.0967499161367133,0.0966485158433126
"ORD-027018",2026-03-15,0,0.0969127712246978,0.112026029729186,0.100981561951565,0.0967499161367133,0.0966485158433126
"ORD-027022",2026-03-15,0,0.0969127712246978,0.0625603554678768,0.089878394710306,0.0967499161367133,0.0956981529605399
"ORD-027048",2026-03-15,0,0.0969127712246978,0.128937379373086,0.105225214059687,0.0967499161367133,0.0966485158433126
"ORD-027057",2026-03-15,1,0.0969127712246978,0.114611264031861,0.101469117686912,0.0967499161367133,0.0966485158433126
"ORD-027081",2026-03-15,1,0.0969127712246978,0.10549220914652,0.0994452594940695,0.0967499161367133,0.0966485158433126
"ORD-027099",2026-03-15,0,0.0969127712246978,0.127461490184787,0.104772417078339,0.0967499161367133,0.0966485158433126
"ORD-027107",2026-03-15,1,0.0969127712246978,0.0922643805731869,0.0964264379586213,0.0967499161367133,0.0966485158433126
"ORD-026872",2026-03-15,0,0.0969127712246978,0.107230626605559,0.100207000627037,0.0967499161367133,0.0966485158433126
"ORD-026894",2026-03-15,0,0.0969127712246978,0.0822929298932873,0.0947539243842653,0.0967499161367133,0.0966485158433126
"ORD-026897",2026-03-15,0,0.0969127712246978,0.104962242867238,0.0995825859433016,0.0967499161367133,0.0966485158433126
"ORD-026965",2026-03-15,0,0.0969127712246978,0.0818406441065397,0.0946132157362182,0.0967499161367133,0.0966485158433126
"ORD-026966",2026-03-15,0,0.0969127712246978,0.104962242867238,0.0995825859433016,0.0967499161367133,0.0966485158433126
"ORD-026971",2026-03-15,1,0.0969127712246978,0.113292424715069,0.101436030453291,0.0967499161367133,0.0966485158433126
"ORD-027042",2026-03-15,0,0.0969127712246978,0.125596525598946,0.104327967013193,0.0967499161367133,0.0966485158433126
"ORD-027069",2026-03-15,0,0.0969127712246978,0.119849165251009,0.102934166006595,0.0967499161367133,0.0966485158433126
"ORD-027077",2026-03-15,0,0.0969127712246978,0.116669784291419,0.102244609698205,0.0967499161367133,0.0966485158433126
"ORD-027127",2026-03-15,0,0.0969127712246978,0.0998788763169766,0.0984589310926695,0.0967499161367133,0.0966485158433126
"ORD-027128",2026-03-15,0,0.0969127712246978,0.0647532913510592,0.0910966705085283,0.0967499161367133,0.0966485158433126
"ORD-026908",2026-03-15,0,0.0969127712246978,0.0941250375432967,0.0972009635590898,0.0967499161367133,0.0966485158433126
"ORD-026933",2026-03-15,0,0.0969127712246978,0.115501306726717,0.101761048126485,0.0967499161367133,0.0966485158433126
"ORD-026967",2026-03-15,0,0.0969127712246978,0.0941250375432967,0.0972009635590898,0.0967499161367133,0.0966485158433126
"ORD-026970",2026-03-15,0,0.0969127712246978,0.11214626366212,0.10136733302079,0.0967499161367133,0.0966485158433126
"ORD-027083",2026-03-15,0,0.0969127712246978,0.14341657388993,0.108703507450148,0.0967499161367133,0.0966485158433126
"ORD-027100",2026-03-15,0,0.0969127712246978,0.080859634603382,0.0944114534178287,0.0967499161367133,0.0966485158433126
"ORD-027117",2026-03-15,0,0.0969127712246978,0.0611355804117446,0.0902588426254757,0.0967499161367133,0.0966485158433126
"ORD-026880",2026-03-15,0,0.0969127712246978,0.107265815104881,0.100114602188722,0.0967499161367133,0.0966485158433126
"ORD-026887",2026-03-15,0,0.0969127712246978,0.142502168286332,0.108046041878648,0.0967499161367133,0.0966485158433126
"ORD-026892",2026-03-15,0,0.0969127712246978,0.14341657388993,0.108703507450148,0.0967499161367133,0.0966485158433126
"ORD-026907",2026-03-15,0,0.0969127712246978,0.102120374539683,0.10040076239134,0.0967499161367133,0.0966485158433126
"ORD-026959",2026-03-15,0,0.0969127712246978,0.0962210858058422,0.097683987488089,0.0967499161367133,0.0966485158433126
"ORD-026992",2026-03-15,0,0.0969127712246978,0.0950177255610067,0.0974920486907432,0.0967499161367133,0.0966485158433126
"ORD-026994",2026-03-15,0,0.0969127712246978,0.132607586220648,0.106081120285323,0.0967499161367133,0.0966485158433126
"ORD-027037",2026-03-15,0,0.0969127712246978,0.11214626366212,0.10136733302079,0.0967499161367133,0.0966485158433126
"ORD-027074",2026-03-15,0,0.0969127712246978,0.103560815684772,0.0993551837612841,0.0967499161367133,0.0966485158433126
"ORD-027140",2026-03-16,0,0.0969127712246978,0.0480618922119629,0.0841437588408115,0.0967499161367133,0.0956981529605399
"ORD-027154",2026-03-16,0,0.0969127712246978,0.0917698485289752,0.0957234671218967,0.0967499161367133,0.0966485158433126
"ORD-027163",2026-03-16,0,0.0969127712246978,0.0819136106112881,0.0931626988176923,0.0967499161367133,0.0966485158433126
"ORD-027164",2026-03-16,0,0.0969127712246978,0.0819136106112881,0.0931626988176923,0.0967499161367133,0.0966485158433126
"ORD-027183",2026-03-16,0,0.0969127712246978,0.0798543627443787,0.0925815479841537,0.0967499161367133,0.0966485158433126
"ORD-027187",2026-03-16,0,0.0969127712246978,0.118939074556306,0.103422447027059,0.100541500134285,0.102408918308548
"ORD-027191",2026-03-16,0,0.0969127712246978,0.061130282204248,0.0878107968703073,0.0967499161367133,0.0966485158433126
"ORD-027206",2026-03-16,0,0.0969127712246978,0.0891977061766273,0.09507219581094,0.0967499161367133,0.0966485158433126
"ORD-027213",2026-03-16,0,0.0969127712246978,0.070222639366794,0.0902112155982936,0.0967499161367133,0.0966485158433126
"ORD-027231",2026-03-16,0,0.0969127712246978,0.0595454493052835,0.0875188680123408,0.0967499161367133,0.0966485158433126
"ORD-027241",2026-03-16,0,0.0969127712246978,0.087089613218079,0.094568127273459,0.0967499161367133,0.0966485158433126
"ORD-027253",2026-03-16,0,0.0969127712246978,0.0698090788521767,0.0898652506474042,0.0967499161367133,0.0966485158433126
"ORD-027267",2026-03-16,0,0.0969127712246978,0.047143289494221,0.0839454153003407,0.0967499161367133,0.0966485158433126
"ORD-027275",2026-03-16,0,0.0969127712246978,0.0597446024181646,0.0872659141020723,0.0967499161367133,0.0966485158433126
"ORD-027290",2026-03-16,0,0.0969127712246978,0.0798543627443787,0.0925815479841537,0.0967499161367133,0.0966485158433126
"ORD-027296",2026-03-16,0,0.0969127712246978,0.107167111784537,0.0999824994370148,0.0967499161367133,0.0966485158433126
"ORD-027136",2026-03-16,0,0.0969127712246978,0.101839422831514,0.098675608836036,0.0967499161367133,0.0966485158433126
"ORD-027144",2026-03-16,1,0.0969127712246978,0.0608283882114032,0.087584971998197,0.0967499161367133,0.0966485158433126
"ORD-027147",2026-03-16,0,0.0969127712246978,0.118939074556306,0.103422447027059,0.100541500134285,0.102408918308548
"ORD-027167",2026-03-16,0,0.0969127712246978,0.0903178702605511,0.0954750661097533,0.0967499161367133,0.0966485158433126
"ORD-027168",2026-03-16,0,0.0969127712246978,0.102016651790711,0.098888916607813,0.0967499161367133,0.0966485158433126
"ORD-027179",2026-03-16,0,0.0969127712246978,0.101839422831514,0.098675608836036,0.0967499161367133,0.0966485158433126
"ORD-027186",2026-03-16,1,0.0969127712246978,0.0698090788521767,0.0898652506474042,0.0967499161367133,0.0966485158433126
"ORD-027194",2026-03-16,0,0.0969127712246978,0.102016651790711,0.098888916607813,0.0967499161367133,0.0966485158433126
"ORD-027211",2026-03-16,0,0.0969127712246978,0.047143289494221,0.0839454153003407,0.0967499161367133,0.0966485158433126
"ORD-027229",2026-03-16,0,0.0969127712246978,0.0698090788521767,0.0898652506474042,0.0967499161367133,0.0966485158433126
"ORD-027242",2026-03-16,0,0.0969127712246978,0.0597446024181646,0.0872659141020723,0.0967499161367133,0.0966485158433126
"ORD-027245",2026-03-16,0,0.0969127712246978,0.0895659486814031,0.0952851294788659,0.0967499161367133,0.0966485158433126
"ORD-027293",2026-03-16,0,0.0969127712246978,0.0919123284514003,0.0959419241662581,0.0967499161367133,0.0966485158433126
"ORD-027301",2026-03-16,0,0.0969127712246978,0.0566441621028706,0.0864043570496622,0.0967499161367133,0.0966485158433126
"ORD-027162",2026-03-16,1,0.0969127712246978,0.0608283882114032,0.087584971998197,0.0967499161367133,0.0966485158433126
"ORD-027172",2026-03-16,0,0.0969127712246978,0.0604862971087222,0.0874538807038997,0.0967499161367133,0.0966485158433126
"ORD-027177",2026-03-16,0,0.0969127712246978,0.0995188346589995,0.098190002387278,0.0967499161367133,0.0966485158433126
"ORD-027200",2026-03-16,1,0.0969127712246978,0.0741982395539582,0.0910378534683821,0.0967499161367133,0.0966485158433126
"ORD-027214",2026-03-16,0,0.0969127712246978,0.047626207572836,0.084178690398494,0.0967499161367133,0.0966485158433126
"ORD-027215",2026-03-16,0,0.0969127712246978,0.0944633816881885,0.0966007395078223,0.0967499161367133,0.0966485158433126
"ORD-027236",2026-03-16,0,0.0969127712246978,0.0597446024181646,0.0872659141020723,0.0967499161367133,0.0966485158433126
"ORD-027250",2026-03-16,0,0.0969127712246978,0.0759120135938359,0.0928483978813658,0.0967499161367133,0.0966485158433126
"ORD-027257",2026-03-16,0,0.0969127712246978,0.070222639366794,0.0902112155982936,0.0967499161367133,0.0966485158433126
"ORD-027287",2026-03-16,0,0.0969127712246978,0.0798543627443787,0.0925815479841537,0.0967499161367133,0.0966485158433126
"ORD-027303",2026-03-16,0,0.0969127712246978,0.0798543627443787,0.0925815479841537,0.0967499161367133,0.0966485158433126
"ORD-027197",2026-03-16,0,0.0969127712246978,0.0480618922119629,0.0841437588408115,0.0967499161367133,0.0956981529605399
"ORD-027201",2026-03-16,0,0.0969127712246978,0.087089613218079,0.094568127273459,0.0967499161367133,0.0966485158433126
"ORD-027205",2026-03-16,0,0.0969127712246978,0.100708517353391,0.0986174857547576,0.0967499161367133,0.0966485158433126
"ORD-027237",2026-03-16,0,0.0969127712246978,0.0780879699984766,0.0920854665333939,0.0967499161367133,0.0966485158433126
"ORD-027272",2026-03-16,0,0.0969127712246978,0.0671525614928797,0.0891742544900849,0.0967499161367133,0.0966485158433126
"ORD-027276",2026-03-16,0,0.0969127712246978,0.0803311721869084,0.0928836243309295,0.0967499161367133,0.0966485158433126
"ORD-027279",2026-03-16,0,0.0969127712246978,0.0449194139044781,0.0833986499559856,0.0967499161367133,0.0966485158433126
"ORD-027295",2026-03-16,0,0.0969127712246978,0.0795496496421236,0.0926120805764464,0.0967499161367133,0.0966485158433126
"ORD-027309",2026-03-16,0,0.0969127712246978,0.0764623982742131,0.0915776341152096,0.0967499161367133,0.0966485158433126
"ORD-027155",2026-03-16,0,0.0969127712246978,0.0555816308091625,0.0862150342386698,0.0967499161367133,0.0966485158433126
"ORD-027225",2026-03-16,0,0.0969127712246978,0.0733194502964266,0.0908972721228901,0.0967499161367133,0.0966485158433126
"ORD-027234",2026-03-16,0,0.0969127712246978,0.0838262363593031,0.0938918063757176,0.0967499161367133,0.0966485158433126
"ORD-027239",2026-03-16,0,0.0969127712246978,0.087089613218079,0.094568127273459,0.0967499161367133,0.0966485158433126
"ORD-027240",2026-03-16,0,0.0969127712246978,0.0895446166233885,0.0952114026176146,0.0967499161367133,0.0966485158433126
"ORD-027252",2026-03-16,0,0.0969127712246978,0.0425902152163928,0.0828476861950971,0.0967499161367133,0.0966485158433126
"ORD-027262",2026-03-16,0,0.0969127712246978,0.107883306202547,0.100596431834761,0.0967499161367133,0.0966485158433126
"ORD-027263",2026-03-16,0,0.0969127712246978,0.0732400436160043,0.0909220458734375,0.0967499161367133,0.0966485158433126
"ORD-027292",2026-03-16,0,0.0969127712246978,0.0861884825362114,0.0941170651686652,0.0967499161367133,0.0966485158433126
"ORD-027148",2026-03-16,0,0.0969127712246978,0.0658378241656828,0.0886926933098443,0.0967499161367133,0.0966485158433126
"ORD-027173",2026-03-16,0,0.0969127712246978,0.0794017477521168,0.0921277047989585,0.0967499161367133,0.0966485158433126
"ORD-027189",2026-03-16,0,0.0969127712246978,0.0832387627661158,0.0930298667029894,0.0967499161367133,0.0966485158433126
"ORD-027198",2026-03-16,0,0.0969127712246978,0.0588896969788587,0.0870892299470534,0.0967499161367133,0.0966485158433126
"ORD-027199",2026-03-16,0,0.0969127712246978,0.0912551072370054,0.0949922112763611,0.0967499161367133,0.0966485158433126
"ORD-027202",2026-03-16,0,0.0969127712246978,0.072642531828041,0.0903000867890446,0.0967499161367133,0.0966485158433126
"ORD-027203",2026-03-16,0,0.0969127712246978,0.0940451898185155,0.0957548985239479,0.0967499161367133,0.0966485158433126
"ORD-027208",2026-03-16,0,0.0969127712246978,0.072642531828041,0.0903000867890446,0.0967499161367133,0.0966485158433126
"ORD-027221",2026-03-16,0,0.0969127712246978,0.0646709306905795,0.0883699909894402,0.0967499161367133,0.0966485158433126
"ORD-027246",2026-03-16,0,0.0969127712246978,0.10143965073402,0.0977204139590511,0.0967499161367133,0.0966485158433126
"ORD-027247",2026-03-16,0,0.0969127712246978,0.0862867004212353,0.0937459701182881,0.0967499161367133,0.0966485158433126
"ORD-027256",2026-03-16,0,0.0969127712246978,0.0878938764196082,0.0944184576253868,0.0967499161367133,0.0966485158433126
"ORD-027266",2026-03-16,1,0.0969127712246978,0.0940877221400615,0.0957994057244797,0.0967499161367133,0.0966485158433126
"ORD-027281",2026-03-16,0,0.0969127712246978,0.115523299053194,0.101229621043856,0.0967499161367133,0.0966485158433126
"ORD-027289",2026-03-16,0,0.0969127712246978,0.0683722941304455,0.0891247507187578,0.0967499161367133,0.0966485158433126
"ORD-027298",2026-03-16,0,0.0969127712246978,0.0940877221400615,0.0957994057244797,0.0967499161367133,0.0966485158433126
"ORD-027307",2026-03-16,1,0.0969127712246978,0.0878938764196082,0.0944184576253868,0.0967499161367133,0.0966485158433126
"ORD-027150",2026-03-16,0,0.0969127712246978,0.0878938764196082,0.0944184576253868,0.0967499161367133,0.0966485158433126
"ORD-027171",2026-03-16,0,0.0969127712246978,0.0884958693712936,0.0943336703758059,0.0967499161367133,0.0966485158433126
"ORD-027210",2026-03-16,0,0.0969127712246978,0.116288064121664,0.10185034466888,0.0967499161367133,0.0966485158433126
"ORD-027216",2026-03-16,0,0.0969127712246978,0.0520782610521607,0.0852120224162965,0.0967499161367133,0.0956981529605399
"ORD-027243",2026-03-16,0,0.0969127712246978,0.0754986521516898,0.0909989352424591,0.0967499161367133,0.0966485158433126
"ORD-027280",2026-03-16,0,0.0969127712246978,0.0870284569295254,0.0939000441031578,0.0967499161367133,0.0966485158433126
"ORD-027297",2026-03-16,0,0.0969127712246978,0.0992112211098338,0.0971440859970859,0.0967499161367133,0.0966485158433126
"ORD-027311",2026-03-16,0,0.0969127712246978,0.112726610954841,0.100813478096723,0.0967499161367133,0.0966485158433126
"ORD-027141",2026-03-16,0,0.0969127712246978,0.108622373870728,0.0998494699346457,0.0967499161367133,0.0966485158433126
"ORD-027174",2026-03-16,0,0.0969127712246978,0.0658378241656828,0.0886926933098443,0.0967499161367133,0.0966485158433126
"ORD-027175",2026-03-16,0,0.0969127712246978,0.0843910728246198,0.0932442904636347,0.0967499161367133,0.0966485158433126
"ORD-027223",2026-03-16,0,0.0969127712246978,0.0944580666353035,0.096006773603666,0.0967499161367133,0.0966485158433126
"ORD-027261",2026-03-16,0,0.0969127712246978,0.116288064121664,0.10185034466888,0.0967499161367133,0.0966485158433126
"ORD-027270",2026-03-16,0,0.0969127712246978,0.109831294334196,0.099908238640856,0.0967499161367133,0.0966485158433126
"ORD-027302",2026-03-16,0,0.0969127712246978,0.0867982942639026,0.0940514519712742,0.0967499161367133,0.0966485158433126
"ORD-027139",2026-03-16,0,0.0969127712246978,0.0944580666353035,0.096006773603666,0.0967499161367133,0.0966485158433126
"ORD-027142",2026-03-16,0,0.0969127712246978,0.0520782610521607,0.0852120224162965,0.0967499161367133,0.0956981529605399
"ORD-027158",2026-03-16,0,0.0969127712246978,0.107267650088665,0.0993748515911436,0.0967499161367133,0.0966485158433126
"ORD-027159",2026-03-16,0,0.0969127712246978,0.0862867004212353,0.0937459701182881,0.0967499161367133,0.0966485158433126
"ORD-027160",2026-03-16,1,0.0969127712246978,0.115523299053194,0.101229621043856,0.0967499161367133,0.0966485158433126
"ORD-027176",2026-03-16,0,0.0969127712246978,0.086257729139884,0.0938331036656772,0.0967499161367133,0.0966485158433126
"ORD-027180",2026-03-16,1,0.0969127712246978,0.112726610954841,0.100813478096723,0.0967499161367133,0.0966485158433126
"ORD-027193",2026-03-16,0,0.0969127712246978,0.0731965471727907,0.090423962468863,0.0967499161367133,0.0966485158433126
"ORD-027228",2026-03-16,0,0.0969127712246978,0.0878938764196082,0.0944184576253868,0.0967499161367133,0.0966485158433126
"ORD-027248",2026-03-16,0,0.0969127712246978,0.0603211402908496,0.0874100131425404,0.0967499161367133,0.0966485158433126
"ORD-027249",2026-03-16,0,0.0969127712246978,0.0905470283589745,0.0950709814027767,0.0967499161367133,0.0966485158433126
"ORD-027259",2026-03-16,0,0.0969127712246978,0.10735036356276,0.0994172352189094,0.0967499161367133,0.0966485158433126
"ORD-027265",2026-03-16,0,0.0969127712246978,0.0516081415813263,0.0852473561755172,0.0967499161367133,0.0966485158433126
"ORD-027268",2026-03-16,0,0.0969127712246978,0.10735036356276,0.0994172352189094,0.0967499161367133,0.0966485158433126
"ORD-027283",2026-03-16,0,0.0969127712246978,0.0867982942639026,0.0940514519712742,0.0967499161367133,0.0966485158433126
"ORD-027153",2026-03-16,0,0.0969127712246978,0.0878938764196082,0.0944184576253868,0.0967499161367133,0.0966485158433126
"ORD-027188",2026-03-16,0,0.0969127712246978,0.0940877221400615,0.0957994057244797,0.0967499161367133,0.0966485158433126
"ORD-027217",2026-03-16,0,0.0969127712246978,0.0870284569295254,0.0939000441031578,0.0967499161367133,0.0966485158433126
"ORD-027235",2026-03-16,1,0.0969127712246978,0.0791854426954461,0.0920677137150411,0.0967499161367133,0.0966485158433126
"ORD-027251",2026-03-16,0,0.0969127712246978,0.0588896969788587,0.0870892299470534,0.0967499161367133,0.0966485158433126
"ORD-027264",2026-03-16,0,0.0969127712246978,0.112726610954841,0.100813478096723,0.0967499161367133,0.0966485158433126
"ORD-027271",2026-03-16,0,0.0969127712246978,0.0912551072370054,0.0949922112763611,0.0967499161367133,0.0966485158433126
"ORD-027284",2026-03-16,0,0.0969127712246978,0.083625789089765,0.0931842639018837,0.0967499161367133,0.0966485158433126
"ORD-027294",2026-03-16,0,0.0969127712246978,0.000000429312525210614,0.0734581045198987,0.0967499161367133,0.0966485158433126
"ORD-027310",2026-03-16,0,0.0969127712246978,0.105930056426434,0.0990848195361432,0.0967499161367133,0.0966485158433126
"ORD-027149",2026-03-16,0,0.0969127712246978,0.0925271475045801,0.0960831031689241,0.0967499161367133,0.0966485158433126
"ORD-027156",2026-03-16,0,0.0969127712246978,0.0492935503893943,0.0846863883489521,0.0967499161367133,0.0956981529605399
"ORD-027190",2026-03-16,1,0.0969127712246978,0.0719792589527602,0.0907890943801467,0.0967499161367133,0.0966485158433126
"ORD-027204",2026-03-16,0,0.0969127712246978,0.091736886657573,0.0958179384001045,0.0967499161367133,0.0966485158433126
"ORD-027212",2026-03-16,0,0.0969127712246978,0.0967632764538903,0.0972151749781545,0.0967499161367133,0.0966485158433126
"ORD-027233",2026-03-16,0,0.0969127712246978,0.091736886657573,0.0958179384001045,0.0967499161367133,0.0966485158433126
"ORD-027282",2026-03-16,0,0.0969127712246978,0.0488472735959451,0.0847215243361338,0.0967499161367133,0.0966485158433126
"ORD-027166",2026-03-16,1,0.0969127712246978,0.08926823749506,0.0952152605503905,0.0967499161367133,0.0966485158433126
"ORD-027169",2026-03-16,0,0.0969127712246978,0.091736886657573,0.0958179384001045,0.0967499161367133,0.0966485158433126
"ORD-027170",2026-03-16,0,0.0969127712246978,0.0722518646423277,0.0907140092735604,0.0967499161367133,0.0966485158433126
"ORD-027195",2026-03-16,0,0.0969127712246978,0.0940109723009067,0.0963329176538691,0.0967499161367133,0.0966485158433126
"ORD-027207",2026-03-16,0,0.0969127712246978,0.103143143178441,0.0992433396872851,0.0967499161367133,0.0966485158433126
"ORD-027258",2026-03-16,0,0.0969127712246978,0.0623657732505133,0.0881476574556196,0.0967499161367133,0.0966485158433126
"ORD-027277",2026-03-16,0,0.0969127712246978,0.110470075510695,0.101233434225284,0.0967499161367133,0.0966485158433126
"ORD-027306",2026-03-16,0,0.0969127712246978,0.056994455969731,0.0867697555723259,0.0967499161367133,0.0966485158433126
"ORD-027137",2026-03-16,0,0.0969127712246978,0.109738820943399,0.100616049152523,0.0967499161367133,0.0966485158433126
"ORD-027143",2026-03-16,0,0.0969127712246978,0.0715561493936708,0.0904411335422489,0.0967499161367133,0.0966485158433126
"ORD-027145",2026-03-16,0,0.0969127712246978,0.0856649494056746,0.0943480339302011,0.0967499161367133,0.0966485158433126
"ORD-027161",2026-03-16,0,0.0969127712246978,0.0722518646423277,0.0907140092735604,0.0967499161367133,0.0966485158433126
"ORD-027181",2026-03-16,0,0.0969127712246978,0.0483526028136969,0.0844868837174689,0.0967499161367133,0.0966485158433126
"ORD-027192",2026-03-16,1,0.0969127712246978,0.0962836013119018,0.0971258134923162,0.0967499161367133,0.0966485158433126
"ORD-027209",2026-03-16,0,0.0969127712246978,0.0722518646423277,0.0907140092735604,0.0967499161367133,0.0966485158433126
"ORD-027219",2026-03-16,0,0.0969127712246978,0.0818307147472243,0.0931730557231484,0.0967499161367133,0.0966485158433126
"ORD-027255",2026-03-16,0,0.0969127712246978,0.0865668534805279,0.0944124741141628,0.0967499161367133,0.0966485158433126
"ORD-027269",2026-03-16,0,0.0969127712246978,0.101927959728372,0.0988134407946051,0.0967499161367133,0.0966485158433126
"ORD-027278",2026-03-16,1,0.0969127712246978,0.0940109723009067,0.0963329176538691,0.0967499161367133,0.0966485158433126
"ORD-027288",2026-03-16,1,0.0969127712246978,0.0492935503893943,0.0846863883489521,0.0967499161367133,0.0956981529605399
"ORD-027291",2026-03-16,0,0.0969127712246978,0.100571311283169,0.0984828232115665,0.0967499161367133,0.0966485158433126
"ORD-027299",2026-03-16,0,0.0969127712246978,0.129307722454259,0.106768189109418,0.0995408243258331,0.102132575198061
"ORD-027304",2026-03-16,0,0.0969127712246978,0.100571311283169,0.0984828232115665,0.0967499161367133,0.0966485158433126
"ORD-027305",2026-03-16,0,0.0969127712246978,0.091736886657573,0.0958179384001045,0.0967499161367133,0.0966485158433126
"ORD-027308",2026-03-16,0,0.0969127712246978,0.100571311283169,0.0984828232115665,0.0967499161367133,0.0966485158433126
"ORD-027138",2026-03-16,0,0.0969127712246978,0.0858917140217658,0.09449081369961,0.0967499161367133,0.0966485158433126
"ORD-027152",2026-03-16,1,0.0969127712246978,0.0917586883411102,0.0958920851547607,0.0967499161367133,0.0966485158433126
"ORD-027165",2026-03-16,0,0.0969127712246978,0.0925271475045801,0.0960831031689241,0.0967499161367133,0.0966485158433126
"ORD-027178",2026-03-16,0,0.0969127712246978,0.0786283949092281,0.0925414911090172,0.0967499161367133,0.0966485158433126
"ORD-027196",2026-03-16,0,0.0969127712246978,0.0580823346300139,0.0869601805931631,0.0967499161367133,0.0966485158433126
"ORD-027218",2026-03-16,0,0.0969127712246978,0.12759172602464,0.106109349293274,0.0989612395558877,0.101471725540576
"ORD-027226",2026-03-16,0,0.0969127712246978,0.12759172602464,0.106109349293274,0.0989612395558877,0.101471725540576
"ORD-027227",2026-03-16,0,0.0969127712246978,0.0941565710212986,0.0965526170591316,0.0967499161367133,0.0966485158433126
"ORD-027230",2026-03-16,0,0.0969127712246978,0.110008043537475,0.101424960310058,0.0967499161367133,0.0966485158433126
"ORD-027254",2026-03-16,0,0.0969127712246978,0.08926823749506,0.0952152605503905,0.0967499161367133,0.0966485158433126
"ORD-027273",2026-03-16,0,0.0969127712246978,0.0719792589527602,0.0907890943801467,0.0967499161367133,0.0966485158433126
"ORD-027182",2026-03-16,0,0.0969127712246978,0.0896021072226275,0.0957257940352862,0.0967499161367133,0.0966485158433126
"ORD-027184",2026-03-16,0,0.0969127712246978,0.0934765261343933,0.0966673431001135,0.0967499161367133,0.0966485158433126
"ORD-027222",2026-03-16,0,0.0969127712246978,0.0903035305208702,0.0956465387139588,0.0967499161367133,0.0966485158433126
"ORD-027244",2026-03-16,0,0.0969127712246978,0.0606711385247299,0.0881063134227155,0.0967499161367133,0.0966485158433126
"ORD-027285",2026-03-16,0,0.0969127712246978,0.100891470519836,0.0984818897302617,0.0967499161367133,0.0966485158433126
"ORD-027300",2026-03-16,0,0.0969127712246978,0.074697872780396,0.091628541042395,0.0967499161367133,0.0966485158433126
"ORD-027146",2026-03-16,0,0.0969127712246978,0.0754216525216034,0.0919046373795685,0.0967499161367133,0.0966485158433126
"ORD-027151",2026-03-16,0,0.0969127712246978,0.106168607585891,0.100056030030951,0.0967499161367133,0.0966485158433126
"ORD-027185",2026-03-16,0,0.0969127712246978,0.0981856446186306,0.0978116340261568,0.0967499161367133,0.0966485158433126
"ORD-027224",2026-03-16,0,0.0969127712246978,0.058253980849365,0.0876943948359826,0.0967499161367133,0.0966485158433126
"ORD-027238",2026-03-16,0,0.0969127712246978,0.132841714051427,0.107478158176096,0.0989612395558877,0.101471725540576
"ORD-027260",2026-03-16,0,0.0969127712246978,0.059537836617422,0.087913620265366,0.0967499161367133,0.0966485158433126
"ORD-027286",2026-03-16,0,0.0969127712246978,0.0823632014703835,0.0936720761481035,0.0967499161367133,0.0966485158433126
"ORD-027157",2026-03-16,0,0.0969127712246978,0.0956733548481832,0.0970684046745831,0.0967499161367133,0.0966485158433126
"ORD-027220",2026-03-16,0,0.0969127712246978,0.107511122729431,0.100533538552289,0.0967499161367133,0.0966485158433126
"ORD-027232",2026-03-16,0,0.0969127712246978,0.0811908969283092,0.0946641339128608,0.0967499161367133,0.0966485158433126
"ORD-027274",2026-03-16,0,0.0969127712246978,0.0651322937428683,0.0893079103225761,0.0967499161367133,0.0966485158433126
"ORD-027327",2026-03-17,0,0.0969127712246978,0.127202070833937,0.104691760991126,0.0967499161367133,0.0966485158433126
"ORD-027337",2026-03-17,0,0.0969127712246978,0.156742572999667,0.112512800558479,0.0995408243258331,0.102132575198061
"ORD-027369",2026-03-17,0,0.0969127712246978,0.109274177604694,0.100408146198375,0.0967499161367133,0.0966485158433126
"ORD-027375",2026-03-17,0,0.0969127712246978,0.118230872565249,0.10250477572759,0.0967499161367133,0.0966485158433126
"ORD-027378",2026-03-17,0,0.0969127712246978,0.0689366744238004,0.0912260223230601,0.0967499161367133,0.0966485158433126
"ORD-027384",2026-03-17,0,0.0969127712246978,0.0981820427194743,0.0977433966324874,0.0967499161367133,0.0966485158433126
"ORD-027385",2026-03-17,0,0.0969127712246978,0.084691172343639,0.0946719650570014,0.0967499161367133,0.0966485158433126
"ORD-027410",2026-03-17,0,0.0969127712246978,0.084691172343639,0.0946719650570014,0.0967499161367133,0.0966485158433126
"ORD-027435",2026-03-17,0,0.0969127712246978,0.156742572999667,0.112512800558479,0.0995408243258331,0.102132575198061
"ORD-027447",2026-03-17,0,0.0969127712246978,0.130488181434138,0.105635255897342,0.0967499161367133,0.0966485158433126
"ORD-027460",2026-03-17,0,0.0969127712246978,0.127202070833937,0.104691760991126,0.0967499161367133,0.0966485158433126
"ORD-027467",2026-03-17,0,0.0969127712246978,0.147859245086044,0.109692787404952,0.100541500134285,0.102408918308548
"ORD-027479",2026-03-17,0,0.0969127712246978,0.0999790605058279,0.0982988638005932,0.0967499161367133,0.0966485158433126
"ORD-027493",2026-03-17,0,0.0969127712246978,0.147859245086044,0.109692787404952,0.100541500134285,0.102408918308548
"ORD-027521",2026-03-17,1,0.0969127712246978,0.0955041611290326,0.0985481160354211,0.0967499161367133,0.0966485158433126
"ORD-027523",2026-03-17,0,0.0969127712246978,0.113172685105214,0.101318019437134,0.0967499161367133,0.0966485158433126
"ORD-027318",2026-03-17,0,0.0969127712246978,0.118322560886317,0.102673861446613,0.0967499161367133,0.0966485158433126
"ORD-027319",2026-03-17,0,0.0969127712246978,0.100353496192831,0.0982666594121118,0.0967499161367133,0.0966485158433126
"ORD-027321",2026-03-17,0,0.0969127712246978,0.0488737787214232,0.0868634151895981,0.0967499161367133,0.0966485158433126
"ORD-027331",2026-03-17,0,0.0969127712246978,0.111803902995638,0.100893244090218,0.0967499161367133,0.0966485158433126
"ORD-027334",2026-03-17,0,0.0969127712246978,0.0973049889440747,0.0976807857530283,0.0967499161367133,0.0966485158433126
"ORD-027341",2026-03-17,0,0.0969127712246978,0.127202070833937,0.104691760991126,0.0967499161367133,0.0966485158433126
"ORD-027350",2026-03-17,0,0.0969127712246978,0.0764264846513998,0.0928563408368353,0.0967499161367133,0.0966485158433126
"ORD-027353",2026-03-17,0,0.0969127712246978,0.0923093221170513,0.0964899557279718,0.0967499161367133,0.0966485158433126
"ORD-027382",2026-03-17,0,0.0969127712246978,0.07685135394525,0.0929947050328351,0.0967499161367133,0.0966485158433126
"ORD-027403",2026-03-17,0,0.0969127712246978,0.113172685105214,0.101318019437134,0.0967499161367133,0.0966485158433126
"ORD-027440",2026-03-17,0,0.0969127712246978,0.10093927851946,0.0985852699372076,0.0967499161367133,0.0966485158433126
"ORD-027441",2026-03-17,0,0.0969127712246978,0.124383586747897,0.104179969738241,0.0967499161367133,0.0966485158433126
"ORD-027470",2026-03-17,0,0.0969127712246978,0.120343723153716,0.102501625236751,0.0967499161367133,0.0966485158433126
"ORD-027475",2026-03-17,0,0.0969127712246978,0.07685135394525,0.0929947050328351,0.0967499161367133,0.0966485158433126
"ORD-027477",2026-03-17,0,0.0969127712246978,0.0689366744238004,0.0912260223230601,0.0967499161367133,0.0966485158433126
"ORD-027500",2026-03-17,0,0.0969127712246978,0.0884870206032776,0.0957661344501517,0.0967499161367133,0.0966485158433126
"ORD-027522",2026-03-17,0,0.0969127712246978,0.0981820427194743,0.0977433966324874,0.0967499161367133,0.0966485158433126
"ORD-027330",2026-03-17,0,0.0969127712246978,0.117658640729002,0.102411103541913,0.0967499161367133,0.0966485158433126
"ORD-027360",2026-03-17,0,0.0969127712246978,0.109225607966425,0.100361735493268,0.0967499161367133,0.0966485158433126
"ORD-027402",2026-03-17,0,0.0969127712246978,0.130488181434138,0.105635255897342,0.0967499161367133,0.0966485158433126
"ORD-027416",2026-03-17,0,0.0969127712246978,0.068826560456758,0.0913212599846638,0.0967499161367133,0.0966485158433126
"ORD-027428",2026-03-17,0,0.0969127712246978,0.113172685105214,0.101318019437134,0.0967499161367133,0.0966485158433126
"ORD-027434",2026-03-17,0,0.0969127712246978,0.0690507322105017,0.0912390921550982,0.0967499161367133,0.0966485158433126
"ORD-027452",2026-03-17,0,0.0969127712246978,0.101202783217216,0.0984273563184383,0.0967499161367133,0.0966485158433126
"ORD-027483",2026-03-17,0,0.0969127712246978,0.102882260653222,0.0988796080176712,0.0967499161367133,0.0966485158433126
"ORD-027485",2026-03-17,0,0.0969127712246978,0.130488181434138,0.105635255897342,0.0967499161367133,0.0966485158433126
"ORD-027490",2026-03-17,0,0.0969127712246978,0.0955041611290326,0.0985481160354211,0.0967499161367133,0.0966485158433126
"ORD-027494",2026-03-17,0,0.0969127712246978,0.0764264846513998,0.0928563408368353,0.0967499161367133,0.0966485158433126
"ORD-027520",2026-03-17,0,0.0969127712246978,0.0955041611290326,0.0985481160354211,0.0967499161367133,0.0966485158433126
"ORD-027313",2026-03-17,0,0.0969127712246978,0.0955041611290326,0.0985481160354211,0.0967499161367133,0.0966485158433126
"ORD-027340",2026-03-17,0,0.0969127712246978,0.0797735913754175,0.0934455703388865,0.0967499161367133,0.0966485158433126
"ORD-027352",2026-03-17,0,0.0969127712246978,0.118322560886317,0.102673861446613,0.0967499161367133,0.0966485158433126
"ORD-027390",2026-03-17,1,0.0969127712246978,0.0923093221170513,0.0964899557279718,0.0967499161367133,0.0966485158433126
"ORD-027391",2026-03-17,0,0.0969127712246978,0.0597909232271276,0.0891523143402611,0.0967499161367133,0.0966485158433126
"ORD-027406",2026-03-17,0,0.0969127712246978,0.106037873942911,0.0995663951265998,0.0967499161367133,0.0966485158433126
"ORD-027411",2026-03-17,0,0.0969127712246978,0.0690507322105017,0.0912390921550982,0.0967499161367133,0.0966485158433126
"ORD-027422",2026-03-17,0,0.0969127712246978,0.0691081928373918,0.0912021623231123,0.0967499161367133,0.0966485158433126
"ORD-027424",2026-03-17,0,0.0969127712246978,0.0884870206032776,0.0957661344501517,0.0967499161367133,0.0966485158433126
"ORD-027426",2026-03-17,0,0.0969127712246978,0.154727197341759,0.111822949956593,0.0989612395558877,0.101471725540576
"ORD-027427",2026-03-17,0,0.0969127712246978,0.125828976146645,0.104630505576411,0.0967499161367133,0.0966485158433126
"ORD-027448",2026-03-17,0,0.0969127712246978,0.154727197341759,0.111822949956593,0.0989612395558877,0.101471725540576
"ORD-027468",2026-03-17,0,0.0969127712246978,0.113172685105214,0.101318019437134,0.0967499161367133,0.0966485158433126
"ORD-027474",2026-03-17,1,0.0969127712246978,0.100353496192831,0.0982666594121118,0.0967499161367133,0.0966485158433126
"ORD-027478",2026-03-17,0,0.0969127712246978,0.147859245086044,0.109692787404952,0.100541500134285,0.102408918308548
"ORD-027504",2026-03-17,0,0.0969127712246978,0.109274177604694,0.100408146198375,0.0967499161367133,0.0966485158433126
"ORD-027317",2026-03-17,0,0.0969127712246978,0.114945657892143,0.10157991508221,0.0967499161367133,0.0966485158433126
"ORD-027328",2026-03-17,1,0.0969127712246978,0.0609402079544073,0.0893617604387527,0.0967499161367133,0.0956981529605399
"ORD-027329",2026-03-17,0,0.0969127712246978,0.112227900676068,0.101040022531428,0.0967499161367133,0.0966485158433126
"ORD-027348",2026-03-17,0,0.0969127712246978,0.105228372868827,0.0996485406471735,0.0967499161367133,0.0966485158433126
"ORD-027388",2026-03-17,0,0.0969127712246978,0.112227900676068,0.101040022531428,0.0967499161367133,0.0966485158433126
"ORD-027389",2026-03-17,1,0.0969127712246978,0.109274177604694,0.100408146198375,0.0967499161367133,0.0966485158433126
"ORD-027395",2026-03-17,0,0.0969127712246978,0.0981820427194743,0.0977433966324874,0.0967499161367133,0.0966485158433126
"ORD-027400",2026-03-17,0,0.0969127712246978,0.0955041611290326,0.0985481160354211,0.0967499161367133,0.0966485158433126
"ORD-027423",2026-03-17,0,0.0969127712246978,0.0899487887481381,0.0958761296353701,0.0967499161367133,0.0966485158433126
"ORD-027444",2026-03-17,0,0.0969127712246978,0.0603951871104677,0.0893986467567651,0.0967499161367133,0.0966485158433126
"ORD-027469",2026-03-17,0,0.0969127712246978,0.127417176235345,0.104916560087008,0.0967499161367133,0.0966485158433126
"ORD-027472",2026-03-17,0,0.0969127712246978,0.0924597097483252,0.0965786732306329,0.0967499161367133,0.0966485158433126
"ORD-027491",2026-03-17,0,0.0969127712246978,0.0488737787214232,0.0868634151895981,0.0967499161367133,0.0966485158433126
"ORD-027497",2026-03-17,0,0.0969127712246978,0.111803902995638,0.100893244090218,0.0967499161367133,0.0966485158433126
"ORD-027517",2026-03-17,0,0.0969127712246978,0.108122559901693,0.0998860881102198,0.0967499161367133,0.0966485158433126
"ORD-027518",2026-03-17,0,0.0969127712246978,0.084691172343639,0.0946719650570014,0.0967499161367133,0.0966485158433126
"ORD-027527",2026-03-17,0,0.0969127712246978,0.108433090191647,0.100372388074115,0.0967499161367133,0.0966485158433126
"ORD-027323",2026-03-17,0,0.0969127712246978,0.120925249447254,0.102298835725494,0.0967499161367133,0.0966485158433126
"ORD-027358",2026-03-17,0,0.0969127712246978,0.126716783904937,0.103685028247736,0.0967499161367133,0.0966485158433126
"ORD-027362",2026-03-17,0,0.0969127712246978,0.127326712682194,0.10377973092869,0.0967499161367133,0.0966485158433126
"ORD-027366",2026-03-17,0,0.0969127712246978,0.108869073390442,0.0998168962264777,0.0967499161367133,0.0966485158433126
"ORD-027372",2026-03-17,0,0.0969127712246978,0.116875068290586,0.101623823794061,0.0967499161367133,0.0966485158433126
"ORD-027374",2026-03-17,0,0.0969127712246978,0.136943128868998,0.10648763451951,0.0967499161367133,0.0966485158433126
"ORD-027405",2026-03-17,0,0.0969127712246978,0.0816181082924001,0.0938232252366805,0.0967499161367133,0.0966485158433126
"ORD-027425",2026-03-17,0,0.0969127712246978,0.144669480629801,0.108036856222062,0.0967499161367133,0.0966485158433126
"ORD-027465",2026-03-17,0,0.0969127712246978,0.132161551765401,0.105123010990402,0.0967499161367133,0.0966485158433126
"ORD-027484",2026-03-17,0,0.0969127712246978,0.137109852934225,0.106217962861993,0.0967499161367133,0.0966485158433126
"ORD-027499",2026-03-17,0,0.0969127712246978,0.110209615999478,0.100203911273766,0.0967499161367133,0.0966485158433126
"ORD-027528",2026-03-17,0,0.0969127712246978,0.109150765825892,0.0996572278995786,0.0967499161367133,0.0966485158433126
"ORD-027339",2026-03-17,0,0.0969127712246978,0.117721140059819,0.101613053399143,0.0967499161367133,0.0966485158433126
"ORD-027343",2026-03-17,1,0.0969127712246978,0.14374842723105,0.107382936939513,0.0967499161367133,0.0966485158433126
"ORD-027355",2026-03-17,0,0.0969127712246978,0.0617214638949896,0.0896939246186459,0.0967499161367133,0.0966485158433126
"ORD-027365",2026-03-17,0,0.0969127712246978,0.0744424651408368,0.092471446459772,0.0967499161367133,0.0966485158433126
"ORD-027367",2026-03-17,0,0.0969127712246978,0.117721140059819,0.101613053399143,0.0967499161367133,0.0966485158433126
"ORD-027370",2026-03-17,0,0.0969127712246978,0.0921577525435953,0.0959905994019113,0.0967499161367133,0.0966485158433126
"ORD-027381",2026-03-17,0,0.0969127712246978,0.0949950821820626,0.0965972092901218,0.0967499161367133,0.0966485158433126
"ORD-027398",2026-03-17,0,0.0969127712246978,0.10592074824208,0.0989656601058045,0.0967499161367133,0.0966485158433126
"ORD-027413",2026-03-17,0,0.0969127712246978,0.0746834611656424,0.0923883489523346,0.0967499161367133,0.0966485158433126
"ORD-027415",2026-03-17,0,0.0969127712246978,0.136943128868998,0.10648763451951,0.0967499161367133,0.0966485158433126
"ORD-027432",2026-03-17,0,0.0969127712246978,0.0958951482569693,0.0968866804111311,0.0967499161367133,0.0966485158433126
"ORD-027443",2026-03-17,0,0.0969127712246978,0.0617214638949896,0.0896939246186459,0.0967499161367133,0.0966485158433126
"ORD-027451",2026-03-17,0,0.0969127712246978,0.0659582059328098,0.0904897248287807,0.0967499161367133,0.0956981529605399
"ORD-027454",2026-03-17,0,0.0969127712246978,0.0958951482569693,0.0968866804111311,0.0967499161367133,0.0966485158433126
"ORD-027461",2026-03-17,0,0.0969127712246978,0.0746834611656424,0.0923883489523346,0.0967499161367133,0.0966485158433126
"ORD-027315",2026-03-17,0,0.0969127712246978,0.108242812462936,0.0994947446402424,0.0967499161367133,0.0966485158433126
"ORD-027349",2026-03-17,0,0.0969127712246978,0.108869073390442,0.0998168962264777,0.0967499161367133,0.0966485158433126
"ORD-027351",2026-03-17,0,0.0969127712246978,0.0774760775281078,0.0929035188124298,0.0967499161367133,0.0966485158433126
"ORD-027368",2026-03-17,0,0.0969127712246978,0.133780812016441,0.105428649156065,0.0967499161367133,0.0966485158433126
"ORD-027371",2026-03-17,0,0.0969127712246978,0.121933195706654,0.102579900860715,0.0967499161367133,0.0966485158433126
"ORD-027409",2026-03-17,0,0.0969127712246978,0.124009700420233,0.103077541378973,0.0967499161367133,0.0966485158433126
"ORD-027455",2026-03-17,0,0.0969127712246978,0.136880951244295,0.105990705512034,0.0967499161367133,0.0966485158433126
"ORD-027487",2026-03-17,0,0.0969127712246978,0.100796188624286,0.0978482099595717,0.0967499161367133,0.0966485158433126
"ORD-027498",2026-03-17,0,0.0969127712246978,0.100796188624286,0.0978482099595717,0.0967499161367133,0.0966485158433126
"ORD-027505",2026-03-17,0,0.0969127712246978,0.120925249447254,0.102298835725494,0.0967499161367133,0.0966485158433126
"ORD-027312",2026-03-17,0,0.0969127712246978,0.0830636330827553,0.0941637843160353,0.0967499161367133,0.0966485158433126
"ORD-027322",2026-03-17,0,0.0969127712246978,0.100796188624286,0.0978482099595717,0.0967499161367133,0.0966485158433126
"ORD-027344",2026-03-17,0,0.0969127712246978,0.0830636330827553,0.0941637843160353,0.0967499161367133,0.0966485158433126
"ORD-027345",2026-03-17,0,0.0969127712246978,0.14374842723105,0.107382936939513,0.0967499161367133,0.0966485158433126
"ORD-027354",2026-03-17,0,0.0969127712246978,0.100796188624286,0.0978482099595717,0.0967499161367133,0.0966485158433126
"ORD-027376",2026-03-17,0,0.0969127712246978,0.12382424869663,0.102844685045793,0.0967499161367133,0.0966485158433126
"ORD-027394",2026-03-17,0,0.0969127712246978,0.0830636330827553,0.0941637843160353,0.0967499161367133,0.0966485158433126
"ORD-027429",2026-03-17,0,0.0969127712246978,0.0816181082924001,0.0938232252366805,0.0967499161367133,0.0966485158433126
"ORD-027456",2026-03-17,0,0.0969127712246978,0.120925249447254,0.102298835725494,0.0967499161367133,0.0966485158433126
"ORD-027464",2026-03-17,0,0.0969127712246978,0.0774760775281078,0.0929035188124298,0.0967499161367133,0.0966485158433126
"ORD-027466",2026-03-17,0,0.0969127712246978,0.0535896387261938,0.0881064562164725,0.0967499161367133,0.0966485158433126
"ORD-027471",2026-03-17,0,0.0969127712246978,0.0949950821820626,0.0965972092901218,0.0967499161367133,0.0966485158433126
"ORD-027476",2026-03-17,0,0.0969127712246978,0.14408758171439,0.108239703731845,0.0967499161367133,0.0966485158433126
"ORD-027507",2026-03-17,0,0.0969127712246978,0.0830636330827553,0.0941637843160353,0.0967499161367133,0.0966485158433126
"ORD-027514",2026-03-17,0,0.0969127712246978,0.0830636330827553,0.0941637843160353,0.0967499161367133,0.0966485158433126
"ORD-027324",2026-03-17,1,0.0969127712246978,0.086200032355663,0.0946197263622807,0.0967499161367133,0.0966485158433126
"ORD-027326",2026-03-17,0,0.0969127712246978,0.14374842723105,0.107382936939513,0.0967499161367133,0.0966485158433126
"ORD-027336",2026-03-17,0,0.0969127712246978,0.12382424869663,0.102844685045793,0.0967499161367133,0.0966485158433126
"ORD-027361",2026-03-17,0,0.0969127712246978,0.104508017666202,0.0987395122202973,0.0967499161367133,0.0966485158433126
"ORD-027364",2026-03-17,0,0.0969127712246978,0.124009700420233,0.103077541378973,0.0967499161367133,0.0966485158433126
"ORD-027373",2026-03-17,0,0.0969127712246978,0.100796188624286,0.0978482099595717,0.0967499161367133,0.0966485158433126
"ORD-027392",2026-03-17,0,0.0969127712246978,0.158823917001943,0.111046085226539,0.100541500134285,0.102408918308548
"ORD-027404",2026-03-17,0,0.0969127712246978,0.110945860128054,0.100114503074122,0.0967499161367133,0.0966485158433126
"ORD-027412",2026-03-17,0,0.0969127712246978,0.10378100034724,0.0984239980930643,0.0967499161367133,0.0966485158433126
"ORD-027414",2026-03-17,0,0.0969127712246978,0.104508017666202,0.0987395122202973,0.0967499161367133,0.0966485158433126
"ORD-027420",2026-03-17,0,0.0969127712246978,0.144669480629801,0.108036856222062,0.0967499161367133,0.0966485158433126
"ORD-027421",2026-03-17,0,0.0969127712246978,0.118224394810378,0.10187860172629,0.0967499161367133,0.0966485158433126
"ORD-027457",2026-03-17,0,0.0969127712246978,0.108869073390442,0.0998168962264777,0.0967499161367133,0.0966485158433126
"ORD-027480",2026-03-17,0,0.0969127712246978,0.0955425233687241,0.0969663298688195,0.0967499161367133,0.0966485158433126
"ORD-027524",2026-03-17,0,0.0969127712246978,0.0813523504407766,0.0940932270785044,0.0967499161367133,0.0966485158433126
"ORD-027338",2026-03-17,0,0.0969127712246978,0.137652726152878,0.107386954213545,0.0967499161367133,0.0966485158433126
"ORD-027393",2026-03-17,0,0.0969127712246978,0.0996664534880291,0.0983013434182642,0.0967499161367133,0.0966485158433126
"ORD-027397",2026-03-17,0,0.0969127712246978,0.0501251471616373,0.0874219091947897,0.0967499161367133,0.0966485158433126
"ORD-027417",2026-03-17,1,0.0969127712246978,0.115869807970131,0.101959073118353,0.0967499161367133,0.0966485158433126
"ORD-027439",2026-03-17,0,0.0969127712246978,0.107759172929045,0.100280209981128,0.0967499161367133,0.0966485158433126
"ORD-027445",2026-03-17,0,0.0969127712246978,0.100562421014267,0.0983643086981925,0.0967499161367133,0.0966485158433126
"ORD-027446",2026-03-17,0,0.0969127712246978,0.102746633856801,0.0989819241395215,0.0967499161367133,0.0966485158433126
"ORD-027450",2026-03-17,0,0.0969127712246978,0.0978266581930171,0.0991735781653038,0.0967499161367133,0.0966485158433126
"ORD-027462",2026-03-17,0,0.0969127712246978,0.0708390585349069,0.0917857485384266,0.0967499161367133,0.0966485158433126
"ORD-027489",2026-03-17,0,0.0969127712246978,0.0901337438787767,0.0960087159747725,0.0967499161367133,0.0966485158433126
"ORD-027525",2026-03-17,0,0.0969127712246978,0.0705509070521802,0.0919055312158669,0.0967499161367133,0.0966485158433126
"ORD-027325",2026-03-17,0,0.0969127712246978,0.102780520303658,0.0988905311658304,0.0967499161367133,0.0966485158433126
"ORD-027347",2026-03-17,0,0.0969127712246978,0.102398059698694,0.0989229175826743,0.0967499161367133,0.0966485158433126
"ORD-027359",2026-03-17,0,0.0969127712246978,0.133535828536605,0.106300394314207,0.0967499161367133,0.0966485158433126
"ORD-027383",2026-03-17,0,0.0969127712246978,0.111890113761275,0.101044090262679,0.0967499161367133,0.0966485158433126
"ORD-027386",2026-03-17,1,0.0969127712246978,0.0901337438787767,0.0960087159747725,0.0967499161367133,0.0966485158433126
"ORD-027401",2026-03-17,0,0.0969127712246978,0.087427586626502,0.0954054114176172,0.0967499161367133,0.0966485158433126
"ORD-027407",2026-03-17,0,0.0969127712246978,0.11767942721219,0.102222437330109,0.0967499161367133,0.0966485158433126
"ORD-027430",2026-03-17,0,0.0969127712246978,0.13024405423881,0.105845946042002,0.0967499161367133,0.0966485158433126
"ORD-027431",2026-03-17,0,0.0969127712246978,0.136769202362519,0.106736497896807,0.0967499161367133,0.0966485158433126
"ORD-027453",2026-03-17,0,0.0969127712246978,0.0706635704086601,0.0918097457904022,0.0967499161367133,0.0966485158433126
"ORD-027473",2026-03-17,0,0.0969127712246978,0.0624802311260606,0.0899347356476714,0.0967499161367133,0.0956981529605399
"ORD-027495",2026-03-17,0,0.0969127712246978,0.0720850297068141,0.092134220818243,0.0967499161367133,0.0966485158433126
"ORD-027501",2026-03-17,0,0.0969127712246978,0.107481463807316,0.100129649522023,0.0967499161367133,0.0966485158433126
"ORD-027529",2026-03-17,0,0.0969127712246978,0.136769202362519,0.106736497896807,0.0967499161367133,0.0966485158433126
"ORD-027316",2026-03-17,0,0.0969127712246978,0.0988466225870616,0.0982244090418142,0.0967499161367133,0.0966485158433126
"ORD-027346",2026-03-17,0,0.0969127712246978,0.0554627143559714,0.088558089172233,0.0967499161367133,0.0966485158433126
"ORD-027377",2026-03-17,0,0.0969127712246978,0.0554627143559714,0.088558089172233,0.0967499161367133,0.0966485158433126
"ORD-027380",2026-03-17,0,0.0969127712246978,0.0992132272553766,0.0981393852984015,0.0967499161367133,0.0966485158433126
"ORD-027396",2026-03-17,0,0.0969127712246978,0.127309532013975,0.104837018979622,0.0967499161367133,0.0966485158433126
"ORD-027438",2026-03-17,0,0.0969127712246978,0.0956693633352147,0.0972529157055343,0.0967499161367133,0.0966485158433126
"ORD-027482",2026-03-17,1,0.0969127712246978,0.114905424892057,0.101679516296336,0.0967499161367133,0.0966485158433126
"ORD-027510",2026-03-17,0,0.0969127712246978,0.128783921365937,0.105290062315838,0.0967499161367133,0.0966485158433126
"ORD-027511",2026-03-17,0,0.0969127712246978,0.103378841691719,0.0992109419221252,0.0967499161367133,0.0966485158433126
"ORD-027512",2026-03-17,0,0.0969127712246978,0.11767942721219,0.102222437330109,0.0967499161367133,0.0966485158433126
"ORD-027314",2026-03-17,0,0.0969127712246978,0.107759172929045,0.100280209981128,0.0967499161367133,0.0966485158433126
"ORD-027320",2026-03-17,0,0.0969127712246978,0.114905424892057,0.101679516296336,0.0967499161367133,0.0966485158433126
"ORD-027335",2026-03-17,0,0.0969127712246978,0.05072843709745,0.0875646767582528,0.0967499161367133,0.0966485158433126
"ORD-027356",2026-03-17,1,0.0969127712246978,0.0901337438787767,0.0960087159747725,0.0967499161367133,0.0966485158433126
"ORD-027399",2026-03-17,0,0.0969127712246978,0.111890113761275,0.101044090262679,0.0967499161367133,0.0966485158433126
"ORD-027418",2026-03-17,0,0.0969127712246978,0.0580930386776028,0.0891666083937744,0.0967499161367133,0.0966485158433126
"ORD-027433",2026-03-17,0,0.0969127712246978,0.0624802311260606,0.0899347356476714,0.0967499161367133,0.0956981529605399
"ORD-027436",2026-03-17,0,0.0969127712246978,0.11767942721219,0.102222437330109,0.0967499161367133,0.0966485158433126
"ORD-027437",2026-03-17,0,0.0969127712246978,0.117856913765637,0.102454045688577,0.0967499161367133,0.0966485158433126
"ORD-027442",2026-03-17,0,0.0969127712246978,0.158237939189356,0.112522147745241,0.0989612395558877,0.101471725540576
"ORD-027449",2026-03-17,0,0.0969127712246978,0.0996664534880291,0.0983013434182642,0.0967499161367133,0.0966485158433126
"ORD-027458",2026-03-17,0,0.0969127712246978,0.000000520776911484447,0.0775846288817491,0.0967499161367133,0.0966485158433126
"ORD-027459",2026-03-17,0,0.0969127712246978,0.100562421014267,0.0983643086981925,0.0967499161367133,0.0966485158433126
"ORD-027463",2026-03-17,0,0.0969127712246978,0.103378841691719,0.0992109419221252,0.0967499161367133,0.0966485158433126
"ORD-027486",2026-03-17,0,0.0969127712246978,0.0706635704086601,0.0918097457904022,0.0967499161367133,0.0966485158433126
"ORD-027488",2026-03-17,0,0.0969127712246978,0.117856913765637,0.102454045688577,0.0967499161367133,0.0966485158433126
"ORD-027492",2026-03-17,0,0.0969127712246978,0.103378841691719,0.0992109419221252,0.0967499161367133,0.0966485158433126
"ORD-027502",2026-03-17,0,0.0969127712246978,0.117856913765637,0.102454045688577,0.0967499161367133,0.0966485158433126
"ORD-027506",2026-03-17,1,0.0969127712246978,0.148240167180492,0.109335082299571,0.0967499161367133,0.0966485158433126
"ORD-027513",2026-03-17,0,0.0969127712246978,0.0705509070521802,0.0919055312158669,0.0967499161367133,0.0966485158433126
"ORD-027516",2026-03-17,0,0.0969127712246978,0.13024405423881,0.105845946042002,0.0967499161367133,0.0966485158433126
"ORD-027387",2026-03-17,0,0.0969127712246978,0.10199509621405,0.100462971256507,0.0967499161367133,0.0966485158433126
"ORD-027408",2026-03-17,0,0.0969127712246978,0.0610571620028195,0.0903153983833532,0.0967499161367133,0.0966485158433126
"ORD-027481",2026-03-17,0,0.0969127712246978,0.13407542540539,0.106649563365867,0.0967499161367133,0.0966485158433126
"ORD-027526",2026-03-17,0,0.0969127712246978,0.116580365843291,0.102355039351008,0.0967499161367133,0.0966485158433126
"ORD-027332",2026-03-17,0,0.0969127712246978,0.0752480919640407,0.0933415758019372,0.0967499161367133,0.0966485158433126
"ORD-027357",2026-03-17,0,0.0969127712246978,0.115690346541053,0.102318666744214,0.0967499161367133,0.0966485158433126
"ORD-027503",2026-03-17,0,0.0969127712246978,0.0652514755856727,0.0911161606416781,0.0967499161367133,0.0956981529605399
"ORD-027508",2026-03-17,0,0.0969127712246978,0.104833885272723,0.0996443440139127,0.0967499161367133,0.0966485158433126
"ORD-027509",2026-03-17,0,0.0969127712246978,0.119732609575066,0.103076834198338,0.0967499161367133,0.0966485158433126
"ORD-027515",2026-03-17,0,0.0969127712246978,0.112010220220745,0.10143007325314,0.0967499161367133,0.0966485158433126
"ORD-027333",2026-03-17,0,0.0969127712246978,0.108034764184967,0.100340126279303,0.0967499161367133,0.0966485158433126
"ORD-027342",2026-03-17,0,0.0969127712246978,0.096102269955026,0.0977446959242903,0.0967499161367133,0.0966485158433126
"ORD-027363",2026-03-17,0,0.0969127712246978,0.115690346541053,0.102318666744214,0.0967499161367133,0.0966485158433126
"ORD-027379",2026-03-17,0,0.0969127712246978,0.06402642735405,0.0909030130500956,0.0967499161367133,0.0966485158433126
"ORD-027419",2026-03-17,0,0.0969127712246978,0.122762710737041,0.103781175743876,0.0967499161367133,0.0966485158433126
"ORD-027496",2026-03-17,0,0.0969127712246978,0.0905207514804417,0.0965195682919921,0.0967499161367133,0.0966485158433126
"ORD-027519",2026-03-17,0,0.0969127712246978,0.116580365843291,0.102355039351008,0.0967499161367133,0.0966485158433126
"ORD-027561",2026-03-18,1,0.0969127712246978,0.0982536400905268,0.0979072069294899,0.0967499161367133,0.0966485158433126
"ORD-027575",2026-03-18,0,0.0969127712246978,0.0600710176329897,0.0873675068696067,0.0967499161367133,0.0966485158433126
"ORD-027599",2026-03-18,0,0.0969127712246978,0.0559357862112671,0.086189546370548,0.0967499161367133,0.0966485158433126
"ORD-027601",2026-03-18,0,0.0969127712246978,0.0851439810455705,0.0938850503225763,0.0967499161367133,0.0966485158433126
"ORD-027603",2026-03-18,0,0.0969127712246978,0.0559357862112671,0.086189546370548,0.0967499161367133,0.0966485158433126
"ORD-027611",2026-03-18,0,0.0969127712246978,0.099507211698842,0.0983755813955915,0.0967499161367133,0.0966485158433126
"ORD-027621",2026-03-18,0,0.0969127712246978,0.10589783670894,0.0997376172493881,0.0967499161367133,0.0966485158433126
"ORD-027629",2026-03-18,0,0.0969127712246978,0.0934032625870417,0.0965232978371889,0.0967499161367133,0.0966485158433126
"ORD-027631",2026-03-18,0,0.0969127712246978,0.0689480992184041,0.0896426800549222,0.0967499161367133,0.0966485158433126
"ORD-027634",2026-03-18,0,0.0969127712246978,0.0933288402303567,0.0963632532753788,0.0967499161367133,0.0966485158433126
"ORD-027650",2026-03-18,1,0.0969127712246978,0.062398319135981,0.0877937306803908,0.0967499161367133,0.0966485158433126
"ORD-027652",2026-03-18,0,0.0969127712246978,0.0853948352069775,0.0943451962622613,0.0967499161367133,0.0966485158433126
"ORD-027655",2026-03-18,0,0.0969127712246978,0.0548857695357758,0.0860006499299135,0.0967499161367133,0.0966485158433126
"ORD-027668",2026-03-18,0,0.0969127712246978,0.0851439810455705,0.0938850503225763,0.0967499161367133,0.0966485158433126
"ORD-027677",2026-03-18,0,0.0969127712246978,0.0470249859458934,0.0839689044069709,0.0967499161367133,0.0966485158433126
"ORD-027535",2026-03-18,0,0.0969127712246978,0.0828077682955662,0.0936602894182111,0.0967499161367133,0.0966485158433126
"ORD-027547",2026-03-18,0,0.0969127712246978,0.0537838077893699,0.0856957369222224,0.0967499161367133,0.0966485158433126
"ORD-027565",2026-03-18,0,0.0969127712246978,0.0474554446645002,0.0839340519255264,0.0967499161367133,0.0956981529605399
"ORD-027592",2026-03-18,0,0.0969127712246978,0.0834608801120222,0.0935825672346242,0.0967499161367133,0.0966485158433126
"ORD-027617",2026-03-18,0,0.0969127712246978,0.0853948352069775,0.0943451962622613,0.0967499161367133,0.0966485158433126
"ORD-027647",2026-03-18,0,0.0969127712246978,0.0793514903901194,0.0926543391305708,0.0967499161367133,0.0966485158433126
"ORD-027666",2026-03-18,0,0.0969127712246978,0.12487788069705,0.105842366672151,0.0995408243258331,0.102132575198061
"ORD-027688",2026-03-18,0,0.0969127712246978,0.062398319135981,0.0877937306803908,0.0967499161367133,0.0966485158433126
"ORD-027552",2026-03-18,0,0.0969127712246978,0.062398319135981,0.0877937306803908,0.0967499161367133,0.0966485158433126
"ORD-027572",2026-03-18,0,0.0969127712246978,0.0663220095767825,0.0889532280319951,0.0967499161367133,0.0966485158433126
"ORD-027574",2026-03-18,0,0.0969127712246978,0.0864162850665318,0.0945836473780128,0.0967499161367133,0.0966485158433126
"ORD-027581",2026-03-18,0,0.0969127712246978,0.0982536400905268,0.0979072069294899,0.0967499161367133,0.0966485158433126
"ORD-027600",2026-03-18,0,0.0969127712246978,0.10589783670894,0.0997376172493881,0.0967499161367133,0.0966485158433126
"ORD-027613",2026-03-18,1,0.0969127712246978,0.0696203587467779,0.0899133848664564,0.0967499161367133,0.0966485158433126
"ORD-027616",2026-03-18,0,0.0969127712246978,0.0892282119445405,0.0952400555178324,0.0967499161367133,0.0966485158433126
"ORD-027633",2026-03-18,0,0.0969127712246978,0.0589998782723966,0.0870491655846963,0.0967499161367133,0.0966485158433126
"ORD-027635",2026-03-18,0,0.0969127712246978,0.0603693943795475,0.0875928248680648,0.0967499161367133,0.0966485158433126
"ORD-027649",2026-03-18,0,0.0969127712246978,0.0834608801120222,0.0935825672346242,0.0967499161367133,0.0966485158433126
"ORD-027657",2026-03-18,0,0.0969127712246978,0.0689480992184041,0.0896426800549222,0.0967499161367133,0.0966485158433126
"ORD-027670",2026-03-18,1,0.0969127712246978,0.0933288402303567,0.0963632532753788,0.0967499161367133,0.0966485158433126
"ORD-027679",2026-03-18,0,0.0969127712246978,0.0970162331931739,0.0976209940019101,0.0967499161367133,0.0966485158433126
"ORD-027686",2026-03-18,0,0.0969127712246978,0.0834608801120222,0.0935825672346242,0.0967499161367133,0.0966485158433126
"ORD-027689",2026-03-18,1,0.0969127712246978,0.0970162331931739,0.0976209940019101,0.0967499161367133,0.0966485158433126
"ORD-027534",2026-03-18,0,0.0969127712246978,0.115124900863233,0.102185300591014,0.0967499161367133,0.0966485158433126
"ORD-027538",2026-03-18,0,0.0969127712246978,0.0933288402303567,0.0963632532753788,0.0967499161367133,0.0966485158433126
"ORD-027540",2026-03-18,0,0.0969127712246978,0.0757836183450791,0.0917263647497282,0.0967499161367133,0.0966485158433126
"ORD-027554",2026-03-18,0,0.0969127712246978,0.0970162331931739,0.0976209940019101,0.0967499161367133,0.0966485158433126
"ORD-027562",2026-03-18,0,0.0969127712246978,0.062398319135981,0.0877937306803908,0.0967499161367133,0.0966485158433126
"ORD-027568",2026-03-18,0,0.0969127712246978,0.103306953206883,0.0993269299189832,0.0967499161367133,0.0966485158433126
"ORD-027585",2026-03-18,0,0.0969127712246978,0.0908053536928387,0.0957058860002267,0.0967499161367133,0.0966485158433126
"ORD-027615",2026-03-18,0,0.0969127712246978,0.0536965019097636,0.0857857461059908,0.0967499161367133,0.0966485158433126
"ORD-027623",2026-03-18,0,0.0969127712246978,0.103306953206883,0.0993269299189832,0.0967499161367133,0.0966485158433126
"ORD-027624",2026-03-18,0,0.0969127712246978,0.0906644184443831,0.0954879096416113,0.0967499161367133,0.0966485158433126
"ORD-027625",2026-03-18,0,0.0969127712246978,0.0597329149836392,0.0872367099424033,0.0967499161367133,0.0966485158433126
"ORD-027627",2026-03-18,0,0.0969127712246978,0.0853948352069775,0.0943451962622613,0.0967499161367133,0.0966485158433126
"ORD-027531",2026-03-18,0,0.0969127712246978,0.0764283885033095,0.0917987276357085,0.0967499161367133,0.0966485158433126
"ORD-027537",2026-03-18,0,0.0969127712246978,0.0536965019097636,0.0857857461059908,0.0967499161367133,0.0966485158433126
"ORD-027557",2026-03-18,0,0.0969127712246978,0.10062613659299,0.0984335774729292,0.0967499161367133,0.0966485158433126
"ORD-027563",2026-03-18,0,0.0969127712246978,0.0693569394575517,0.0899878728693976,0.0967499161367133,0.0966485158433126
"ORD-027567",2026-03-18,0,0.0969127712246978,0.0809163281074129,0.0929327952930011,0.0967499161367133,0.0966485158433126
"ORD-027579",2026-03-18,0,0.0969127712246978,0.0757836183450791,0.0917263647497282,0.0967499161367133,0.0966485158433126
"ORD-027587",2026-03-18,0,0.0969127712246978,0.100801491067106,0.0986464193060618,0.0967499161367133,0.0966485158433126
"ORD-027602",2026-03-18,0,0.0969127712246978,0.0788532980965618,0.0924389033856296,0.0967499161367133,0.0966485158433126
"ORD-027614",2026-03-18,0,0.0969127712246978,0.103306953206883,0.0993269299189832,0.0967499161367133,0.0966485158433126
"ORD-027654",2026-03-18,0,0.0969127712246978,0.0597329149836392,0.0872367099424033,0.0967499161367133,0.0966485158433126
"ORD-027656",2026-03-18,0,0.0969127712246978,0.136375583394019,0.108510785940659,0.0967499161367133,0.0966485158433126
"ORD-027661",2026-03-18,0,0.0969127712246978,0.055009091640438,0.0861021809017549,0.0967499161367133,0.0966485158433126
"ORD-027663",2026-03-18,0,0.0969127712246978,0.0884633801634283,0.0949769728830699,0.0967499161367133,0.0966485158433126
"ORD-027678",2026-03-18,0,0.0969127712246978,0.0982536400905268,0.0979072069294899,0.0967499161367133,0.0966485158433126
"ORD-027682",2026-03-18,0,0.0969127712246978,0.0696203587467779,0.0899133848664564,0.0967499161367133,0.0966485158433126
"ORD-027548",2026-03-18,0,0.0969127712246978,0.105997325616639,0.0991312937603892,0.0967499161367133,0.0966485158433126
"ORD-027550",2026-03-18,0,0.0969127712246978,0.0849177484385973,0.0935455842837111,0.0967499161367133,0.0966485158433126
"ORD-027551",2026-03-18,0,0.0969127712246978,0.0509593426609884,0.0850351541962458,0.0967499161367133,0.0966485158433126
"ORD-027564",2026-03-18,0,0.0969127712246978,0.081056257278942,0.0937840374051946,0.0967499161367133,0.0966485158433126
"ORD-027594",2026-03-18,1,0.0969127712246978,0.101979745631679,0.0981435491074034,0.0967499161367133,0.0966485158433126
"ORD-027632",2026-03-18,0,0.0969127712246978,0.107337934973752,0.0996048775108323,0.0967499161367133,0.0966485158433126
"ORD-027640",2026-03-18,0,0.0969127712246978,0.114924666732483,0.10160140410391,0.0967499161367133,0.0966485158433126
"ORD-027660",2026-03-18,1,0.0969127712246978,0.114924666732483,0.10160140410391,0.0967499161367133,0.0966485158433126
"ORD-027664",2026-03-18,0,0.0969127712246978,0.0980258291528756,0.0969054072706962,0.0967499161367133,0.0966485158433126
"ORD-027669",2026-03-18,0,0.0969127712246978,0.0816406441422156,0.0925017738448878,0.0967499161367133,0.0966485158433126
"ORD-027680",2026-03-18,0,0.0969127712246978,0.0852411196777712,0.0935147756490091,0.0967499161367133,0.0966485158433126
"ORD-027536",2026-03-18,0,0.0969127712246978,0.0722970358816838,0.0902001452469617,0.0967499161367133,0.0966485158433126
"ORD-027577",2026-03-18,0,0.0969127712246978,0.104673715179854,0.0988418945316824,0.0967499161367133,0.0966485158433126
"ORD-027597",2026-03-18,0,0.0969127712246978,0.0929151556427602,0.09551927186707,0.0967499161367133,0.0966485158433126
"ORD-027598",2026-03-18,0,0.0969127712246978,0.0605682838414981,0.087281307438565,0.0967499161367133,0.0966485158433126
"ORD-027638",2026-03-18,0,0.0969127712246978,0.0416592420278928,0.0827480648432259,0.0967499161367133,0.0966485158433126
"ORD-027672",2026-03-18,0,0.0969127712246978,0.0750126342154256,0.0911229495120963,0.0967499161367133,0.0966485158433126
"ORD-027673",2026-03-18,0,0.0969127712246978,0.126599625860118,0.104452372818364,0.100541500134285,0.102408918308548
"ORD-027539",2026-03-18,0,0.0969127712246978,0.096336567446505,0.0964343609577048,0.0967499161367133,0.0966485158433126
"ORD-027543",2026-03-18,0,0.0969127712246978,0.0955171954862921,0.0961683299404671,0.0967499161367133,0.0966485158433126
"ORD-027556",2026-03-18,0,0.0969127712246978,0.0955171954862921,0.0961683299404671,0.0967499161367133,0.0966485158433126
"ORD-027626",2026-03-18,0,0.0969127712246978,0.0509593426609884,0.0850351541962458,0.0967499161367133,0.0966485158433126
"ORD-027658",2026-03-18,0,0.0969127712246978,0.0868306714087251,0.0941857770437852,0.0967499161367133,0.0966485158433126
"ORD-027683",2026-03-18,0,0.0969127712246978,0.0480726752801192,0.0842479074292994,0.0967499161367133,0.0966485158433126
"ORD-027544",2026-03-18,0,0.0969127712246978,0.0978748936937963,0.0966849910222847,0.0967499161367133,0.0966485158433126
"ORD-027549",2026-03-18,1,0.0969127712246978,0.126599625860118,0.104452372818364,0.100541500134285,0.102408918308548
"ORD-027553",2026-03-18,0,0.0969127712246978,0.126599625860118,0.104452372818364,0.100541500134285,0.102408918308548
"ORD-027555",2026-03-18,0,0.0969127712246978,0.0752957960408365,0.0910476159471999,0.0967499161367133,0.0966485158433126
"ORD-027559",2026-03-18,0,0.0969127712246978,0.0955171954862921,0.0961683299404671,0.0967499161367133,0.0966485158433126
"ORD-027566",2026-03-18,0,0.0969127712246978,0.105997325616639,0.0991312937603892,0.0967499161367133,0.0966485158433126
"ORD-027573",2026-03-18,0,0.0969127712246978,0.108534300775589,0.0996635181956594,0.0967499161367133,0.0966485158433126
"ORD-027608",2026-03-18,0,0.0969127712246978,0.108721770346605,0.0998787248885591,0.0967499161367133,0.0966485158433126
"ORD-027622",2026-03-18,0,0.0969127712246978,0.0894548771915635,0.0948368611738101,0.0967499161367133,0.0966485158433126
"ORD-027644",2026-03-18,0,0.0969127712246978,0.0901552620783735,0.094758264713295,0.0967499161367133,0.0966485158433126
"ORD-027674",2026-03-18,0,0.0969127712246978,0.100807409151399,0.0977319568385831,0.0967499161367133,0.0966485158433126
"ORD-027530",2026-03-18,0,0.0969127712246978,0.0411591313716895,0.0826124393739274,0.0967499161367133,0.0966485158433126
"ORD-027545",2026-03-18,0,0.0969127712246978,0.114924666732483,0.10160140410391,0.0967499161367133,0.0966485158433126
"ORD-027569",2026-03-18,0,0.0969127712246978,0.0892196235581618,0.0946936131929924,0.0967499161367133,0.0966485158433126
"ORD-027582",2026-03-18,0,0.0969127712246978,0.0901552620783735,0.094758264713295,0.0967499161367133,0.0966485158433126
"ORD-027584",2026-03-18,1,0.0969127712246978,0.0857470960384766,0.0938195821213232,0.0967499161367133,0.0966485158433126
"ORD-027591",2026-03-18,0,0.0969127712246978,0.0852411196777712,0.0935147756490091,0.0967499161367133,0.0966485158433126
"ORD-027593",2026-03-18,0,0.0969127712246978,0.106079175944885,0.0991735849487924,0.0967499161367133,0.0966485158433126
"ORD-027681",2026-03-18,0,0.0969127712246978,0.124015396699232,0.103456740209607,0.0967499161367133,0.0966485158433126
"ORD-027590",2026-03-18,0,0.0969127712246978,0.0956040286964672,0.0969763403498908,0.0967499161367133,0.0966485158433126
"ORD-027612",2026-03-18,1,0.0969127712246978,0.100713736964812,0.0985711083301323,0.0967499161367133,0.0966485158433126
"ORD-027619",2026-03-18,0,0.0969127712246978,0.103058999097648,0.0990583925357875,0.0967499161367133,0.0966485158433126
"ORD-027620",2026-03-18,0,0.0969127712246978,0.0808343526243754,0.0929431292595807,0.0967499161367133,0.0966485158433126
"ORD-027628",2026-03-18,0,0.0969127712246978,0.0685093307338286,0.0896467570503924,0.0967499161367133,0.0966485158433126
"ORD-027630",2026-03-18,0,0.0969127712246978,0.0741454020252812,0.0912777978448041,0.0967499161367133,0.0966485158433126
"ORD-027643",2026-03-18,0,0.0969127712246978,0.0808343526243754,0.0929431292595807,0.0967499161367133,0.0966485158433126
"ORD-027667",2026-03-18,0,0.0969127712246978,0.0973571703810797,0.0969733414165479,0.0967499161367133,0.0966485158433126
"ORD-027684",2026-03-18,0,0.0969127712246978,0.063972680071202,0.0883576274209651,0.0967499161367133,0.0966485158433126
"ORD-027690",2026-03-18,1,0.0969127712246978,0.0973571703810797,0.0969733414165479,0.0967499161367133,0.0966485158433126
"ORD-027541",2026-03-18,1,0.0969127712246978,0.0815334208858413,0.0930960193004311,0.0967499161367133,0.0966485158433126
"ORD-027542",2026-03-18,0,0.0969127712246978,0.0790481446090282,0.0924453077249791,0.0967499161367133,0.0966485158433126
"ORD-027546",2026-03-18,0,0.0969127712246978,0.063972680071202,0.0883576274209651,0.0967499161367133,0.0966485158433126
"ORD-027576",2026-03-18,0,0.0969127712246978,0.0742257116761963,0.0912529368917153,0.0967499161367133,0.0966485158433126
"ORD-027604",2026-03-18,0,0.0969127712246978,0.0874952720015773,0.0949467930120391,0.0967499161367133,0.0966485158433126
"ORD-027606",2026-03-18,0,0.0969127712246978,0.103058999097648,0.0990583925357875,0.0967499161367133,0.0966485158433126
"ORD-027609",2026-03-18,0,0.0969127712246978,0.0881900150109937,0.0949808223140002,0.0967499161367133,0.0966485158433126
"ORD-027646",2026-03-18,0,0.0969127712246978,0.108442786367308,0.100369788290685,0.0967499161367133,0.0966485158433126
"ORD-027648",2026-03-18,0,0.0969127712246978,0.0928813071254888,0.0960960198055739,0.0967499161367133,0.0966485158433126
"ORD-027533",2026-03-18,0,0.0969127712246978,0.0790481446090282,0.0924453077249791,0.0967499161367133,0.0966485158433126
"ORD-027570",2026-03-18,0,0.0969127712246978,0.120335991342404,0.10382152365631,0.100541500134285,0.102408918308548
"ORD-027571",2026-03-18,0,0.0969127712246978,0.120335991342404,0.10382152365631,0.100541500134285,0.102408918308548
"ORD-027578",2026-03-18,0,0.0969127712246978,0.0928813071254888,0.0960960198055739,0.0967499161367133,0.0966485158433126
"ORD-027580",2026-03-18,0,0.0969127712246978,0.0906533792704576,0.0956561566300437,0.0967499161367133,0.0966485158433126
"ORD-027586",2026-03-18,0,0.0969127712246978,0.088149889324971,0.094936655487017,0.0967499161367133,0.0966485158433126
"ORD-027610",2026-03-18,0,0.0969127712246978,0.0906318139998606,0.0955821730164991,0.0967499161367133,0.0966485158433126
"ORD-027618",2026-03-18,0,0.0969127712246978,0.0751144826980588,0.091394013007207,0.0967499161367133,0.0966485158433126
"ORD-027642",2026-03-18,0,0.0969127712246978,0.0848504750658736,0.0942579733665745,0.0967499161367133,0.0966485158433126
"ORD-027645",2026-03-18,1,0.0969127712246978,0.063972680071202,0.0883576274209651,0.0967499161367133,0.0966485158433126
"ORD-027659",2026-03-18,0,0.0969127712246978,0.0906318139998606,0.0955821730164991,0.0967499161367133,0.0966485158433126
"ORD-027665",2026-03-18,0,0.0969127712246978,0.072290782861365,0.0906690830921584,0.0967499161367133,0.0966485158433126
"ORD-027583",2026-03-18,0,0.0969127712246978,0.0394084919688868,0.0822362634653768,0.0967499161367133,0.0966485158433126
"ORD-027595",2026-03-18,0,0.0969127712246978,0.0564082327137113,0.0866562449781974,0.0967499161367133,0.0966485158433126
"ORD-027636",2026-03-18,1,0.0969127712246978,0.0486723563266738,0.0844754538052725,0.0967499161367133,0.0956981529605399
"ORD-027639",2026-03-18,0,0.0969127712246978,0.0741454020252812,0.0912777978448041,0.0967499161367133,0.0966485158433126
"ORD-027653",2026-03-18,0,0.0969127712246978,0.0881900150109937,0.0949808223140002,0.0967499161367133,0.0966485158433126
"ORD-027675",2026-03-18,0,0.0969127712246978,0.0993714614454355,0.0982412131721541,0.0967499161367133,0.0966485158433126
"ORD-027676",2026-03-18,0,0.0969127712246978,0.072290782861365,0.0906690830921584,0.0967499161367133,0.0966485158433126
"ORD-027687",2026-03-18,0,0.0969127712246978,0.088149889324971,0.094936655487017,0.0967499161367133,0.0966485158433126
"ORD-027558",2026-03-18,0,0.0969127712246978,0.0576198549424129,0.087385070283343,0.0967499161367133,0.0966485158433126
"ORD-027560",2026-03-18,0,0.0969127712246978,0.097011186739616,0.0975714924129921,0.0967499161367133,0.0966485158433126
"ORD-027589",2026-03-18,0,0.0969127712246978,0.0668054035555184,0.0895203727106791,0.0967499161367133,0.0966485158433126
"ORD-027605",2026-03-18,0,0.0969127712246978,0.0639645894487504,0.0889534652959519,0.0967499161367133,0.0966485158433126
"ORD-027641",2026-03-18,0,0.0969127712246978,0.107609625097852,0.100562971540718,0.0967499161367133,0.0966485158433126
"ORD-027532",2026-03-18,0,0.0969127712246978,0.104909769080171,0.0998109877208073,0.0967499161367133,0.0966485158433126
"ORD-027588",2026-03-18,0,0.0969127712246978,0.0643250057817776,0.0890865849882549,0.0967499161367133,0.0966485158433126
"ORD-027607",2026-03-18,0,0.0969127712246978,0.0744969948931239,0.0916775245910715,0.0967499161367133,0.0966485158433126
"ORD-027637",2026-03-18,0,0.0969127712246978,0.0450887743756639,0.0842755819480506,0.0967499161367133,0.0966485158433126
"ORD-027651",2026-03-18,0,0.0969127712246978,0.0639645894487504,0.0889534652959519,0.0967499161367133,0.0966485158433126
"ORD-027671",2026-03-18,0,0.0969127712246978,0.0991956420960489,0.0981500803990255,0.0967499161367133,0.0966485158433126
"ORD-027685",2026-03-18,0,0.0969127712246978,0.0715275872811919,0.090824776568798,0.0967499161367133,0.0966485158433126
"ORD-027596",2026-03-18,0,0.0969127712246978,0.0840261451413306,0.0941909841336576,0.0967499161367133,0.0966485158433126
"ORD-027662",2026-03-18,0,0.0969127712246978,0.104990878231238,0.0998535367382115,0.0967499161367133,0.0966485158433126
"ORD-027694",2026-03-19,0,0.0969127712246978,0.0627981263699399,0.0882010695765641,0.0967499161367133,0.0966485158433126
"ORD-027695",2026-03-19,0,0.0969127712246978,0.0946405635951335,0.0963907652537662,0.0967499161367133,0.0966485158433126
"ORD-027696",2026-03-19,0,0.0969127712246978,0.087151387146611,0.0944692890515717,0.0967499161367133,0.0966485158433126
"ORD-027699",2026-03-19,1,0.0969127712246978,0.0720473195035138,0.0904957974502849,0.0967499161367133,0.0966485158433126
"ORD-027704",2026-03-19,0,0.0969127712246978,0.0698425022363491,0.0899236892401453,0.0967499161367133,0.0966485158433126
"ORD-027716",2026-03-19,0,0.0969127712246978,0.0491908258713955,0.0847730534328448,0.0967499161367133,0.0966485158433126
"ORD-027725",2026-03-19,0,0.0969127712246978,0.101239927676262,0.0985418210422926,0.0967499161367133,0.0966485158433126
"ORD-027738",2026-03-19,0,0.0969127712246978,0.0584868449391457,0.0870129418368686,0.0967499161367133,0.0966485158433126
"ORD-027758",2026-03-19,0,0.0969127712246978,0.092374734013549,0.0959496961435095,0.0967499161367133,0.0966485158433126
"ORD-027760",2026-03-19,0,0.0969127712246978,0.08207264021084,0.0932599258266598,0.0967499161367133,0.0966485158433126
"ORD-027780",2026-03-19,0,0.0969127712246978,0.11119636475102,0.101293894711037,0.0967499161367133,0.0966485158433126
"ORD-027831",2026-03-19,0,0.0969127712246978,0.079464012899955,0.0925166426682741,0.0967499161367133,0.0966485158433126
"ORD-027833",2026-03-19,0,0.0969127712246978,0.08207264021084,0.0932599258266598,0.0967499161367133,0.0966485158433126
"ORD-027847",2026-03-19,0,0.0969127712246978,0.0923528008422565,0.0958755095661533,0.0967499161367133,0.0966485158433126
"ORD-027848",2026-03-19,0,0.0969127712246978,0.0974093181493911,0.0972734953421684,0.0967499161367133,0.0966485158433126
"ORD-027852",2026-03-19,0,0.0969127712246978,0.0923528008422565,0.0958755095661533,0.0967499161367133,0.0966485158433126
"ORD-027853",2026-03-19,0,0.0969127712246978,0.0401998088924721,0.0824923779237177,0.0967499161367133,0.0966485158433126
"ORD-027866",2026-03-19,0,0.0969127712246978,0.0727474360479802,0.0907688216524941,0.0967499161367133,0.0966485158433126
"ORD-027749",2026-03-19,0,0.0969127712246978,0.103826883844587,0.099302742933789,0.0967499161367133,0.0966485158433126
"ORD-027778",2026-03-19,0,0.0969127712246978,0.0923528008422565,0.0958755095661533,0.0967499161367133,0.0966485158433126
"ORD-027807",2026-03-19,0,0.0969127712246978,0.0839273502265111,0.0938983661517612,0.0967499161367133,0.0966485158433126
"ORD-027817",2026-03-19,0,0.0969127712246978,0.0845046930617385,0.0938139975583554,0.0967499161367133,0.0966485158433126
"ORD-027819",2026-03-19,0,0.0969127712246978,0.0561515081359364,0.0866056495468497,0.0967499161367133,0.0966485158433126
"ORD-027826",2026-03-19,0,0.0969127712246978,0.0755793509012583,0.0915592618099552,0.0967499161367133,0.0966485158433126
"ORD-027845",2026-03-19,0,0.0969127712246978,0.0830974277726784,0.0933825137738842,0.0967499161367133,0.0966485158433126
"ORD-027868",2026-03-19,0,0.0969127712246978,0.0401998088924721,0.0824923779237177,0.0967499161367133,0.0966485158433126
"ORD-027748",2026-03-19,0,0.0969127712246978,0.102525089655522,0.0988304380405596,0.0967499161367133,0.0966485158433126
"ORD-027756",2026-03-19,0,0.0969127712246978,0.0496400776059475,0.0847378980538448,0.0967499161367133,0.0956981529605399
"ORD-027765",2026-03-19,0,0.0969127712246978,0.08207264021084,0.0932599258266598,0.0967499161367133,0.0966485158433126
"ORD-027783",2026-03-19,0,0.0969127712246978,0.0727474360479802,0.0907688216524941,0.0967499161367133,0.0966485158433126
"ORD-027792",2026-03-19,0,0.0969127712246978,0.128414331754207,0.106172377854419,0.0989612395558877,0.101471725540576
"ORD-027796",2026-03-19,0,0.0969127712246978,0.062445694259672,0.0880691451560498,0.0967499161367133,0.0966485158433126
"ORD-027803",2026-03-19,0,0.0969127712246978,0.0755793509012583,0.0915592618099552,0.0967499161367133,0.0966485158433126
"ORD-027810",2026-03-19,0,0.0969127712246978,0.0991919335566474,0.0972704882093335,0.0967499161367133,0.0966485158433126
"ORD-027811",2026-03-19,0,0.0969127712246978,0.0496400776059475,0.0847378980538448,0.0967499161367133,0.0956981529605399
"ORD-027813",2026-03-19,0,0.0969127712246978,0.0727474360479802,0.0907688216524941,0.0967499161367133,0.0966485158433126
"ORD-027850",2026-03-19,0,0.0969127712246978,0.142043276432644,0.109521865717717,0.0967499161367133,0.0966485158433126
"ORD-027855",2026-03-19,1,0.0969127712246978,0.0783294511387912,0.0934977258954177,0.0967499161367133,0.0966485158433126
"ORD-027856",2026-03-19,0,0.0969127712246978,0.0823583728642613,0.0933159042827724,0.0967499161367133,0.0966485158433126
"ORD-027713",2026-03-19,0,0.0969127712246978,0.0923528008422565,0.0958755095661533,0.0967499161367133,0.0966485158433126
"ORD-027726",2026-03-19,0,0.0969127712246978,0.0631091393536576,0.0884283290110977,0.0967499161367133,0.0966485158433126
"ORD-027727",2026-03-19,0,0.0969127712246978,0.128414331754207,0.106172377854419,0.0989612395558877,0.101471725540576
"ORD-027728",2026-03-19,0,0.0969127712246978,0.0563368942533905,0.0865273206392521,0.0967499161367133,0.0966485158433126
"ORD-027769",2026-03-19,0,0.0969127712246978,0.0584868449391457,0.0870129418368686,0.0967499161367133,0.0966485158433126
"ORD-027781",2026-03-19,0,0.0969127712246978,0.0627981263699399,0.0882010695765641,0.0967499161367133,0.0966485158433126
"ORD-027823",2026-03-19,0,0.0969127712246978,0.062445694259672,0.0880691451560498,0.0967499161367133,0.0966485158433126
"ORD-027854",2026-03-19,0,0.0969127712246978,0.11119636475102,0.101293894711037,0.0967499161367133,0.0966485158433126
"ORD-027871",2026-03-19,0,0.0969127712246978,0.0720473195035138,0.0904957974502849,0.0967499161367133,0.0966485158433126
"ORD-027876",2026-03-19,0,0.0969127712246978,0.0798350165864082,0.0926702751244013,0.0967499161367133,0.0966485158433126
"ORD-027752",2026-03-19,0,0.0969127712246978,0.0947870353749372,0.0966105824833615,0.0967499161367133,0.0966485158433126
"ORD-027753",2026-03-19,0,0.0969127712246978,0.0631091393536576,0.0884283290110977,0.0967499161367133,0.0966485158433126
"ORD-027768",2026-03-19,0,0.0969127712246978,0.0573918514647596,0.0868224122662269,0.0967499161367133,0.0966485158433126
"ORD-027788",2026-03-19,0,0.0969127712246978,0.092374734013549,0.0959496961435095,0.0967499161367133,0.0966485158433126
"ORD-027791",2026-03-19,0,0.0969127712246978,0.0698425022363491,0.0899236892401453,0.0967499161367133,0.0966485158433126
"ORD-027814",2026-03-19,0,0.0969127712246978,0.0720473195035138,0.0904957974502849,0.0967499161367133,0.0966485158433126
"ORD-027822",2026-03-19,0,0.0969127712246978,0.0862439680615156,0.09440481413174,0.0967499161367133,0.0966485158433126
"ORD-027825",2026-03-19,0,0.0969127712246978,0.0584868449391457,0.0870129418368686,0.0967499161367133,0.0966485158433126
"ORD-027867",2026-03-19,0,0.0969127712246978,0.104988718819489,0.0993612253712033,0.0967499161367133,0.0966485158433126
"ORD-027869",2026-03-19,0,0.0969127712246978,0.0823583728642613,0.0933159042827724,0.0967499161367133,0.0966485158433126
"ORD-027700",2026-03-19,0,0.0969127712246978,0.0827568760755188,0.0928299948753487,0.0967499161367133,0.0966485158433126
"ORD-027708",2026-03-19,0,0.0969127712246978,0.097023198508543,0.096467176758956,0.0967499161367133,0.0966485158433126
"ORD-027709",2026-03-19,0,0.0969127712246978,0.138170851225215,0.10748748737216,0.0989612395558877,0.101471725540576
"ORD-027744",2026-03-19,0,0.0969127712246978,0.0430670157086303,0.0834047806654876,0.0967499161367133,0.0966485158433126
"ORD-027757",2026-03-19,0,0.0969127712246978,0.0786562406792574,0.0919127539898424,0.0967499161367133,0.0966485158433126
"ORD-027762",2026-03-19,0,0.0969127712246978,0.100533966431511,0.097345202346459,0.0967499161367133,0.0966485158433126
"ORD-027764",2026-03-19,1,0.0969127712246978,0.0897655124732848,0.0945559601235526,0.0967499161367133,0.0966485158433126
"ORD-027770",2026-03-19,0,0.0969127712246978,0.0633164467932382,0.0881141271312784,0.0967499161367133,0.0966485158433126
"ORD-027775",2026-03-19,0,0.0969127712246978,0.0675787373216962,0.0891823914612344,0.0967499161367133,0.0966485158433126
"ORD-027779",2026-03-19,0,0.0969127712246978,0.102131742633,0.097597943964315,0.0967499161367133,0.0966485158433126
"ORD-027795",2026-03-19,0,0.0969127712246978,0.0675787373216962,0.0891823914612344,0.0967499161367133,0.0966485158433126
"ORD-027800",2026-03-19,0,0.0969127712246978,0.060800720847368,0.0877021755269459,0.0967499161367133,0.0966485158433126
"ORD-027837",2026-03-19,0,0.0969127712246978,0.0959867780501774,0.0959634233754301,0.0967499161367133,0.0966485158433126
"ORD-027860",2026-03-19,0,0.0969127712246978,0.119039672364425,0.10193097646103,0.0967499161367133,0.0966485158433126
"ORD-027863",2026-03-19,0,0.0969127712246978,0.0435892545561226,0.0835415884712539,0.0967499161367133,0.0966485158433126
"ORD-027877",2026-03-19,0,0.0969127712246978,0.0941113888273006,0.0956549509822494,0.0967499161367133,0.0966485158433126
"ORD-027705",2026-03-19,1,0.0969127712246978,0.0608988342257448,0.0876103482590104,0.0967499161367133,0.0966485158433126
"ORD-027718",2026-03-19,0,0.0969127712246978,0.0827568760755188,0.0928299948753487,0.0967499161367133,0.0966485158433126
"ORD-027761",2026-03-19,0,0.0969127712246978,0.0705679629357869,0.0897506141123159,0.0967499161367133,0.0966485158433126
"ORD-027802",2026-03-19,0,0.0969127712246978,0.10457802356559,0.0984001181880468,0.0967499161367133,0.0966485158433126
"ORD-027808",2026-03-19,0,0.0969127712246978,0.0675787373216962,0.0891823914612344,0.0967499161367133,0.0966485158433126
"ORD-027841",2026-03-19,0,0.0969127712246978,0.0502842227302137,0.0850544803040972,0.0967499161367133,0.0966485158433126
"ORD-027842",2026-03-19,0,0.0969127712246978,0.113196584373254,0.100601463785137,0.0967499161367133,0.0966485158433126
"ORD-027846",2026-03-19,0,0.0969127712246978,0.102131742633,0.097597943964315,0.0967499161367133,0.0966485158433126
"ORD-027851",2026-03-19,0,0.0969127712246978,0.10457802356559,0.0984001181880468,0.0967499161367133,0.0966485158433126
"ORD-027859",2026-03-19,0,0.0969127712246978,0.0870530913377677,0.0938961005488465,0.0967499161367133,0.0966485158433126
"ORD-027873",2026-03-19,0,0.0969127712246978,0.0969794812615664,0.0964223924036387,0.0967499161367133,0.0966485158433126
"ORD-027878",2026-03-19,0,0.0969127712246978,0.140006294135439,0.108153848812289,0.0995408243258331,0.102132575198061
"ORD-027693",2026-03-19,0,0.0969127712246978,0.0855458668013584,0.0937618949903303,0.0967499161367133,0.0966485158433126
"ORD-027706",2026-03-19,0,0.0969127712246978,0.0912744613317888,0.0949922978388453,0.0967499161367133,0.0966485158433126
"ORD-027742",2026-03-19,0,0.0969127712246978,0.0817856748025019,0.0926869282873398,0.0967499161367133,0.0966485158433126
"ORD-027750",2026-03-19,0,0.0969127712246978,0.11616903766877,0.101512275968953,0.0967499161367133,0.0966485158433126
"ORD-027755",2026-03-19,0,0.0969127712246978,0.113391082710025,0.100818469020143,0.0967499161367133,0.0966485158433126
"ORD-027771",2026-03-19,1,0.0969127712246978,0.119039672364425,0.10193097646103,0.0967499161367133,0.0966485158433126
"ORD-027772",2026-03-19,0,0.0969127712246978,0.0537808791105422,0.0858129978825003,0.0967499161367133,0.0956981529605399
"ORD-027776",2026-03-19,0,0.0969127712246978,0.111955280653008,0.100542332854558,0.0967499161367133,0.0966485158433126
"ORD-027794",2026-03-19,0,0.0969127712246978,0.102131742633,0.097597943964315,0.0967499161367133,0.0966485158433126
"ORD-027798",2026-03-19,0,0.0969127712246978,0.110564145233803,0.100064787209488,0.0967499161367133,0.0966485158433126
"ORD-027804",2026-03-19,0,0.0969127712246978,0.119824562203824,0.10255550995777,0.0967499161367133,0.0966485158433126
"ORD-027812",2026-03-19,0,0.0969127712246978,0.0827568760755188,0.0928299948753487,0.0967499161367133,0.0966485158433126
"ORD-027828",2026-03-19,0,0.0969127712246978,0.102288498356608,0.0978202161207463,0.0967499161367133,0.0966485158433126
"ORD-027843",2026-03-19,0,0.0969127712246978,0.0912744613317888,0.0949922978388453,0.0967499161367133,0.0966485158433126
"ORD-027849",2026-03-19,0,0.0969127712246978,0.111955280653008,0.100542332854558,0.0967499161367133,0.0966485158433126
"ORD-027864",2026-03-19,1,0.0969127712246978,0.0886664438069826,0.0944319921842677,0.0967499161367133,0.0966485158433126
"ORD-027712",2026-03-19,0,0.0969127712246978,0.0679580395214824,0.0893158201573423,0.0967499161367133,0.0966485158433126
"ORD-027715",2026-03-19,0,0.0969127712246978,0.0705679629357869,0.0897506141123159,0.0967499161367133,0.0966485158433126
"ORD-027717",2026-03-19,0,0.0969127712246978,0.102131742633,0.097597943964315,0.0967499161367133,0.0966485158433126
"ORD-027723",2026-03-19,0,0.0969127712246978,0.0532962539700746,0.0858485574542632,0.0967499161367133,0.0966485158433126
"ORD-027741",2026-03-19,0,0.0969127712246978,0.0846502560840419,0.0946724688222895,0.0967499161367133,0.0966485158433126
"ORD-027763",2026-03-19,0,0.0969127712246978,0.0779040358357644,0.0916366357296333,0.0967499161367133,0.0966485158433126
"ORD-027785",2026-03-19,0,0.0969127712246978,0.0705679629357869,0.0897506141123159,0.0967499161367133,0.0966485158433126
"ORD-027818",2026-03-19,1,0.0969127712246978,0.0755345784020652,0.0910580373018337,0.0967499161367133,0.0966485158433126
"ORD-027839",2026-03-19,0,0.0969127712246978,0.0499719721302162,0.085076783171824,0.0967499161367133,0.0966485158433126
"ORD-027857",2026-03-19,0,0.0969127712246978,0.0476907341175853,0.084493585864438,0.0967499161367133,0.0966485158433126
"ORD-027861",2026-03-19,0,0.0969127712246978,0.0435892545561226,0.0835415884712539,0.0967499161367133,0.0966485158433126
"ORD-027875",2026-03-19,0,0.0969127712246978,0.0816979073696916,0.0927121400594992,0.0967499161367133,0.0966485158433126
"ORD-027697",2026-03-19,0,0.0969127712246978,0.110564145233803,0.100064787209488,0.0967499161367133,0.0966485158433126
"ORD-027724",2026-03-19,0,0.0969127712246978,0.131923097447319,0.105430109349332,0.100541500134285,0.102408918308548
"ORD-027729",2026-03-19,0,0.0969127712246978,0.0890027018378621,0.0944009220196044,0.0967499161367133,0.0966485158433126
"ORD-027739",2026-03-19,1,0.0969127712246978,0.0974038551706218,0.0966758355521298,0.0967499161367133,0.0966485158433126
"ORD-027740",2026-03-19,0,0.0969127712246978,0.0931388962261874,0.0955897522746862,0.0967499161367133,0.0966485158433126
"ORD-027745",2026-03-19,0,0.0969127712246978,0.0827568760755188,0.0928299948753487,0.0967499161367133,0.0966485158433126
"ORD-027747",2026-03-19,0,0.0969127712246978,0.0537808791105422,0.0858129978825003,0.0967499161367133,0.0956981529605399
"ORD-027787",2026-03-19,0,0.0969127712246978,0.0679580395214824,0.0893158201573423,0.0967499161367133,0.0966485158433126
"ORD-027790",2026-03-19,0,0.0969127712246978,0.0786562406792574,0.0919127539898424,0.0967499161367133,0.0966485158433126
"ORD-027797",2026-03-19,0,0.0969127712246978,0.106394070420412,0.0990687640935917,0.0967499161367133,0.0966485158433126
"ORD-027824",2026-03-19,0,0.0969127712246978,0.0933834245790292,0.0957342125363046,0.0967499161367133,0.0966485158433126
"ORD-027836",2026-03-19,0,0.0969127712246978,0.0502842227302137,0.0850544803040972,0.0967499161367133,0.0966485158433126
"ORD-027879",2026-03-19,0,0.0969127712246978,0.0622755419715428,0.0880249987430574,0.0967499161367133,0.0966485158433126
"ORD-027719",2026-03-19,0,0.0969127712246978,0.0920686307484788,0.095879391556755,0.0967499161367133,0.0966485158433126
"ORD-027721",2026-03-19,0,0.0969127712246978,0.0825611041399924,0.0933223631345435,0.0967499161367133,0.0966485158433126
"ORD-027751",2026-03-19,1,0.0969127712246978,0.0883632729148165,0.0950067511578866,0.0967499161367133,0.0966485158433126
"ORD-027767",2026-03-19,0,0.0969127712246978,0.133180496667374,0.107503327850177,0.0995408243258331,0.102132575198061
"ORD-027799",2026-03-19,1,0.0969127712246978,0.0920686307484788,0.095879391556755,0.0967499161367133,0.0966485158433126
"ORD-027801",2026-03-19,1,0.0969127712246978,0.057767743103563,0.0870838597869158,0.0967499161367133,0.0966485158433126
"ORD-027832",2026-03-19,0,0.0969127712246978,0.094629090671778,0.0965604332230146,0.0967499161367133,0.0966485158433126
"ORD-027838",2026-03-19,0,0.0969127712246978,0.094629090671778,0.0965604332230146,0.0967499161367133,0.0966485158433126
"ORD-027840",2026-03-19,0,0.0969127712246978,0.0969443103711029,0.0970040085762862,0.0967499161367133,0.0966485158433126
"ORD-027858",2026-03-19,0,0.0969127712246978,0.110356260402182,0.100897183181589,0.0967499161367133,0.0966485158433126
"ORD-027870",2026-03-19,0,0.0969127712246978,0.081431558936438,0.0931077782737564,0.0967499161367133,0.0966485158433126
"ORD-027880",2026-03-19,0,0.0969127712246978,0.0643818820990941,0.0887673280474903,0.0967499161367133,0.0966485158433126
"ORD-027691",2026-03-19,0,0.0969127712246978,0.071047554713301,0.0903759400037776,0.0967499161367133,0.0966485158433126
"ORD-027692",2026-03-19,0,0.0969127712246978,0.110356260402182,0.100897183181589,0.0967499161367133,0.0966485158433126
"ORD-027701",2026-03-19,0,0.0969127712246978,0.107700368455211,0.100207111349251,0.0967499161367133,0.0966485158433126
"ORD-027707",2026-03-19,0,0.0969127712246978,0.103685919126762,0.0991672476144575,0.0967499161367133,0.0966485158433126
"ORD-027711",2026-03-19,0,0.0969127712246978,0.0715903448680315,0.0904999093887907,0.0967499161367133,0.0966485158433126
"ORD-027734",2026-03-19,0,0.0969127712246978,0.103685919126762,0.0991672476144575,0.0967499161367133,0.0966485158433126
"ORD-027737",2026-03-19,1,0.0969127712246978,0.103685919126762,0.0991672476144575,0.0967499161367133,0.0966485158433126
"ORD-027782",2026-03-19,0,0.0969127712246978,0.071047554713301,0.0903759400037776,0.0967499161367133,0.0966485158433126
"ORD-027806",2026-03-19,0,0.0969127712246978,0.0818109323535039,0.0932622914824015,0.0967499161367133,0.0966485158433126
"ORD-027809",2026-03-19,0,0.0969127712246978,0.086585307992942,0.0944125602034689,0.0967499161367133,0.0966485158433126
"ORD-027816",2026-03-19,0,0.0969127712246978,0.081431558936438,0.0931077782737564,0.0967499161367133,0.0966485158433126
"ORD-027821",2026-03-19,0,0.0969127712246978,0.0818109323535039,0.0932622914824015,0.0967499161367133,0.0966485158433126
"ORD-027835",2026-03-19,0,0.0969127712246978,0.0755280681618132,0.0915309864998078,0.0967499161367133,0.0966485158433126
"ORD-027720",2026-03-19,0,0.0969127712246978,0.0920269184370331,0.0958348511343861,0.0967499161367133,0.0966485158433126
"ORD-027730",2026-03-19,1,0.0969127712246978,0.0844194161555769,0.093824419377493,0.0967499161367133,0.0966485158433126
"ORD-027735",2026-03-19,0,0.0969127712246978,0.081431558936438,0.0931077782737564,0.0967499161367133,0.0966485158433126
"ORD-027754",2026-03-19,1,0.0969127712246978,0.0575779358227851,0.0871626444291077,0.0967499161367133,0.0966485158433126
"ORD-027759",2026-03-19,0,0.0969127712246978,0.0775424033417592,0.0921198281768602,0.0967499161367133,0.0966485158433126
"ORD-027786",2026-03-19,0,0.0969127712246978,0.0970939652076087,0.0972250738227571,0.0967499161367133,0.0966485158433126
"ORD-027789",2026-03-19,0,0.0969127712246978,0.0970939652076087,0.0972250738227571,0.0967499161367133,0.0966485158433126
"ORD-027815",2026-03-19,0,0.0969127712246978,0.081431558936438,0.0931077782737564,0.0967499161367133,0.0966485158433126
"ORD-027820",2026-03-19,0,0.0969127712246978,0.0920269184370331,0.0958348511343861,0.0967499161367133,0.0966485158433126
"ORD-027827",2026-03-19,0,0.0969127712246978,0.08027135482286,0.094094480159774,0.0967499161367133,0.0966485158433126
"ORD-027829",2026-03-19,0,0.0969127712246978,0.0647001972732351,0.0889959040994044,0.0967499161367133,0.0966485158433126
"ORD-027710",2026-03-19,0,0.0969127712246978,0.122870123918233,0.103795534116563,0.0967499161367133,0.0966485158433126
"ORD-027733",2026-03-19,0,0.0969127712246978,0.0885964881788763,0.0951504230515672,0.0967499161367133,0.0966485158433126
"ORD-027736",2026-03-19,0,0.0969127712246978,0.0774588053960421,0.0921449013581366,0.0967499161367133,0.0966485158433126
"ORD-027773",2026-03-19,0,0.0969127712246978,0.059968828337461,0.0875723050333421,0.0967499161367133,0.0966485158433126
"ORD-027830",2026-03-19,0,0.0969127712246978,0.084391013920611,0.0939116182846968,0.0967499161367133,0.0966485158433126
"ORD-027834",2026-03-19,0,0.0969127712246978,0.0776707917640336,0.0922049376295934,0.0967499161367133,0.0966485158433126
"ORD-027844",2026-03-19,0,0.0969127712246978,0.0774588053960421,0.0921449013581366,0.0967499161367133,0.0966485158433126
"ORD-027865",2026-03-19,0,0.0969127712246978,0.059968828337461,0.0875723050333421,0.0967499161367133,0.0966485158433126
"ORD-027732",2026-03-19,0,0.0969127712246978,0.0494274671353484,0.0856692762798649,0.0967499161367133,0.0966485158433126
"ORD-027746",2026-03-19,0,0.0969127712246978,0.0960178293220005,0.0971305736691737,0.0967499161367133,0.0966485158433126
"ORD-027784",2026-03-19,0,0.0969127712246978,0.0668558861127142,0.0898006705444385,0.0967499161367133,0.0966485158433126
"ORD-027698",2026-03-19,0,0.0969127712246978,0.0601456935759164,0.0883111876265552,0.0967499161367133,0.0966485158433126
"ORD-027714",2026-03-19,0,0.0969127712246978,0.0672314236725897,0.0899349329300899,0.0967499161367133,0.0966485158433126
"ORD-027731",2026-03-19,0,0.0969127712246978,0.0986761813668058,0.0978195410751612,0.0967499161367133,0.0966485158433126
"ORD-027743",2026-03-19,0,0.0969127712246978,0.0668558861127142,0.0898006705444385,0.0967499161367133,0.0966485158433126
"ORD-027793",2026-03-19,0,0.0969127712246978,0.10590416144532,0.099163249139488,0.0967499161367133,0.0966485158433126
"ORD-027862",2026-03-19,0,0.0969127712246978,0.0602428177442972,0.0882187843626469,0.0967499161367133,0.0966485158433126
"ORD-027874",2026-03-19,0,0.0969127712246978,0.0602428177442972,0.0882187843626469,0.0967499161367133,0.0966485158433126
"ORD-027702",2026-03-19,0,0.0969127712246978,0.0531971954304182,0.0864101339132708,0.0967499161367133,0.0956981529605399
"ORD-027703",2026-03-19,0,0.0969127712246978,0.0808371246786815,0.0933523819112266,0.0967499161367133,0.0966485158433126
"ORD-027722",2026-03-19,0,0.0969127712246978,0.0494274671353484,0.0856692762798649,0.0967499161367133,0.0966485158433126
"ORD-027766",2026-03-19,0,0.0969127712246978,0.0808371246786815,0.0933523819112266,0.0967499161367133,0.0966485158433126
"ORD-027774",2026-03-19,0,0.0969127712246978,0.108074114671594,0.100456567578205,0.0967499161367133,0.0966485158433126
"ORD-027777",2026-03-19,1,0.0969127712246978,0.0986529146260465,0.0977440650767828,0.0967499161367133,0.0966485158433126
"ORD-027805",2026-03-19,0,0.0969127712246978,0.0602428177442972,0.0882187843626469,0.0967499161367133,0.0966485158433126
"ORD-027872",2026-03-19,0,0.0969127712246978,0.0986529146260465,0.0977440650767828,0.0967499161367133,0.0966485158433126
"ORD-027895",2026-03-20,0,0.0969127712246978,0.12449157311249,0.102301753969596,0.0967499161367133,0.0966485158433126
"ORD-027899",2026-03-20,0,0.0969127712246978,0.151532007572384,0.109290017787483,0.0989612395558877,0.101471725540576
"ORD-027928",2026-03-20,0,0.0969127712246978,0.0556959480323125,0.0865172835023642,0.0967499161367133,0.0966485158433126
"ORD-027930",2026-03-20,0,0.0969127712246978,0.0987251032009184,0.0963196703637776,0.0967499161367133,0.0966485158433126
"ORD-027936",2026-03-20,0,0.0969127712246978,0.0977836573947545,0.0960391449031679,0.0967499161367133,0.0966485158433126
"ORD-027944",2026-03-20,0,0.0969127712246978,0.0754885441442651,0.0910780253997138,0.0967499161367133,0.0966485158433126
"ORD-027954",2026-03-20,1,0.0969127712246978,0.0940610748598901,0.0949704256955551,0.0967499161367133,0.0966485158433126
"ORD-027983",2026-03-20,1,0.0969127712246978,0.121724770987714,0.101800317910153,0.0967499161367133,0.0966485158433126
"ORD-027992",2026-03-20,0,0.0969127712246978,0.074705335622291,0.0907091498190606,0.0967499161367133,0.0966485158433126
"ORD-028008",2026-03-20,0,0.0969127712246978,0.0879521132194504,0.0936663197692105,0.0967499161367133,0.0966485158433126
"ORD-028022",2026-03-20,0,0.0969127712246978,0.12771790779497,0.103226193223515,0.0967499161367133,0.0966485158433126
"ORD-028075",2026-03-20,1,0.0969127712246978,0.0754885441442651,0.0910780253997138,0.0967499161367133,0.0966485158433126
"ORD-028105",2026-03-20,1,0.0969127712246978,0.0860190494042223,0.0932011102245631,0.0967499161367133,0.0966485158433126
"ORD-028108",2026-03-20,0,0.0969127712246978,0.0933968237777607,0.0962832790986798,0.0967499161367133,0.0966485158433126
"ORD-028111",2026-03-20,0,0.0969127712246978,0.0688842012348755,0.08953389083748,0.0967499161367133,0.0966485158433126
"ORD-027881",2026-03-20,0,0.0969127712246978,0.124702749809711,0.102522008788969,0.0967499161367133,0.0966485158433126
"ORD-027890",2026-03-20,0,0.0969127712246978,0.074705335622291,0.0907091498190606,0.0967499161367133,0.0966485158433126
"ORD-027915",2026-03-20,0,0.0969127712246978,0.123143609015653,0.10224173726071,0.0967499161367133,0.0966485158433126
"ORD-027921",2026-03-20,0,0.0969127712246978,0.153513323262696,0.109966177066581,0.0995408243258331,0.102132575198061
"ORD-027926",2026-03-20,0,0.0969127712246978,0.0553520507776505,0.0865399336640255,0.0967499161367133,0.0966485158433126
"ORD-027957",2026-03-20,0,0.0969127712246978,0.0913273276388989,0.0944127255110097,0.0967499161367133,0.0966485158433126
"ORD-027965",2026-03-20,0,0.0969127712246978,0.0868422296272869,0.0934814574054992,0.0967499161367133,0.0966485158433126
"ORD-027979",2026-03-20,0,0.0969127712246978,0.123143609015653,0.10224173726071,0.0967499161367133,0.0966485158433126
"ORD-027986",2026-03-20,0,0.0969127712246978,0.0987251032009184,0.0963196703637776,0.0967499161367133,0.0966485158433126
"ORD-027991",2026-03-20,0,0.0969127712246978,0.0860190494042223,0.0932011102245631,0.0967499161367133,0.0966485158433126
"ORD-028048",2026-03-20,0,0.0969127712246978,0.106898909151172,0.0981052141678584,0.0967499161367133,0.0966485158433126
"ORD-028069",2026-03-20,0,0.0969127712246978,0.0879521132194504,0.0936663197692105,0.0967499161367133,0.0966485158433126
"ORD-028078",2026-03-20,0,0.0969127712246978,0.0483171063509999,0.0849807890075343,0.0967499161367133,0.0966485158433126
"ORD-028097",2026-03-20,0,0.0969127712246978,0.0751214149784664,0.09084463491971,0.0967499161367133,0.0966485158433126
"ORD-028107",2026-03-20,0,0.0969127712246978,0.0834251037088066,0.0926136407692694,0.0967499161367133,0.0966485158433126
"ORD-028116",2026-03-20,0,0.0969127712246978,0.115124676702304,0.100067342380048,0.0967499161367133,0.0966485158433126
"ORD-027883",2026-03-20,0,0.0969127712246978,0.0477410510364855,0.0848418425511937,0.0967499161367133,0.0966485158433126
"ORD-027908",2026-03-20,1,0.0969127712246978,0.0913273276388989,0.0944127255110097,0.0967499161367133,0.0966485158433126
"ORD-027909",2026-03-20,0,0.0969127712246978,0.0960218897220351,0.0954950946231826,0.0967499161367133,0.0966485158433126
"ORD-027918",2026-03-20,1,0.0969127712246978,0.141886511683676,0.106183545638139,0.0967499161367133,0.0966485158433126
"ORD-027935",2026-03-20,0,0.0969127712246978,0.153513323262696,0.109966177066581,0.0995408243258331,0.102132575198061
"ORD-027963",2026-03-20,0,0.0969127712246978,0.115776174476284,0.100324758986178,0.0967499161367133,0.0966485158433126
"ORD-027966",2026-03-20,0,0.0969127712246978,0.100630235088974,0.0966079691728946,0.0967499161367133,0.0966485158433126
"ORD-027977",2026-03-20,0,0.0969127712246978,0.0674835506110036,0.0891256238678105,0.0967499161367133,0.0966485158433126
"ORD-028004",2026-03-20,0,0.0969127712246978,0.0553520507776505,0.0865399336640255,0.0967499161367133,0.0966485158433126
"ORD-028011",2026-03-20,0,0.0969127712246978,0.0477410510364855,0.0848418425511937,0.0967499161367133,0.0966485158433126
"ORD-028034",2026-03-20,0,0.0969127712246978,0.0981182406820638,0.0960966147646613,0.0967499161367133,0.0966485158433126
"ORD-028052",2026-03-20,0,0.0969127712246978,0.109796342033852,0.0987241884275774,0.0967499161367133,0.0966485158433126
"ORD-028061",2026-03-20,0,0.0969127712246978,0.110723209537482,0.098996515324037,0.0967499161367133,0.0966485158433126
"ORD-028064",2026-03-20,0,0.0969127712246978,0.0901694711902481,0.0942930701578111,0.0967499161367133,0.0966485158433126
"ORD-028067",2026-03-20,0,0.0969127712246978,0.112462674979672,0.0992530728918262,0.0967499161367133,0.0966485158433126
"ORD-028073",2026-03-20,0,0.0969127712246978,0.109796342033852,0.0987241884275774,0.0967499161367133,0.0966485158433126
"ORD-028081",2026-03-20,0,0.0969127712246978,0.0700273175626762,0.0896243968864677,0.0967499161367133,0.0966485158433126
"ORD-028102",2026-03-20,0,0.0969127712246978,0.0879521132194504,0.0936663197692105,0.0967499161367133,0.0966485158433126
"ORD-028113",2026-03-20,0,0.0969127712246978,0.120139878324782,0.101460831756225,0.0967499161367133,0.0966485158433126
"ORD-028119",2026-03-20,0,0.0969127712246978,0.0834251037088066,0.0926136407692694,0.0967499161367133,0.0966485158433126
"ORD-027894",2026-03-20,0,0.0969127712246978,0.120139878324782,0.101460831756225,0.0967499161367133,0.0966485158433126
"ORD-027896",2026-03-20,1,0.0969127712246978,0.0477410510364855,0.0848418425511937,0.0967499161367133,0.0966485158433126
"ORD-027960",2026-03-20,0,0.0969127712246978,0.112462674979672,0.0992530728918262,0.0967499161367133,0.0966485158433126
"ORD-027970",2026-03-20,0,0.0969127712246978,0.0860190494042223,0.0932011102245631,0.0967499161367133,0.0966485158433126
"ORD-027971",2026-03-20,1,0.0969127712246978,0.0879521132194504,0.0936663197692105,0.0967499161367133,0.0966485158433126
"ORD-027972",2026-03-20,0,0.0969127712246978,0.059545329603966,0.087287601841233,0.0967499161367133,0.0956981529605399
"ORD-027974",2026-03-20,0,0.0969127712246978,0.0981507676385936,0.0960076020122332,0.0967499161367133,0.0966485158433126
"ORD-027975",2026-03-20,0,0.0969127712246978,0.0687320356490523,0.0894287092029163,0.0967499161367133,0.0966485158433126
"ORD-028002",2026-03-20,0,0.0969127712246978,0.102664186890501,0.097214493818654,0.0967499161367133,0.0966485158433126
"ORD-028016",2026-03-20,0,0.0969127712246978,0.0556959480323125,0.0865172835023642,0.0967499161367133,0.0966485158433126
"ORD-028021",2026-03-20,0,0.0969127712246978,0.0860190494042223,0.0932011102245631,0.0967499161367133,0.0966485158433126
"ORD-028038",2026-03-20,0,0.0969127712246978,0.0879521132194504,0.0936663197692105,0.0967499161367133,0.0966485158433126
"ORD-028039",2026-03-20,1,0.0969127712246978,0.0860190494042223,0.0932011102245631,0.0967499161367133,0.0966485158433126
"ORD-028058",2026-03-20,0,0.0969127712246978,0.141886511683676,0.106183545638139,0.0967499161367133,0.0966485158433126
"ORD-028062",2026-03-20,0,0.0969127712246978,0.121632491176176,0.1017570331181,0.0967499161367133,0.0966485158433126
"ORD-028063",2026-03-20,0,0.0969127712246978,0.105769351423261,0.0975938308560227,0.0967499161367133,0.0966485158433126
"ORD-028077",2026-03-20,0,0.0969127712246978,0.0590119999448377,0.0873237140977838,0.0967499161367133,0.0966485158433126
"ORD-028094",2026-03-20,0,0.0969127712246978,0.102930884643958,0.0973611451481434,0.0967499161367133,0.0966485158433126
"ORD-028100",2026-03-20,0,0.0969127712246978,0.0700273175626762,0.0896243968864677,0.0967499161367133,0.0966485158433126
"ORD-027888",2026-03-20,0,0.0969127712246978,0.0981507676385936,0.0960076020122332,0.0967499161367133,0.0966485158433126
"ORD-027914",2026-03-20,0,0.0969127712246978,0.1073137070167,0.0983170305041411,0.0967499161367133,0.0966485158433126
"ORD-027923",2026-03-20,0,0.0969127712246978,0.0860190494042223,0.0932011102245631,0.0967499161367133,0.0966485158433126
"ORD-027934",2026-03-20,0,0.0969127712246978,0.112462674979672,0.0992530728918262,0.0967499161367133,0.0966485158433126
"ORD-027984",2026-03-20,0,0.0969127712246978,0.1073137070167,0.0983170305041411,0.0967499161367133,0.0966485158433126
"ORD-027989",2026-03-20,0,0.0969127712246978,0.123143609015653,0.10224173726071,0.0967499161367133,0.0966485158433126
"ORD-027995",2026-03-20,0,0.0969127712246978,0.0947271981403501,0.0952760387861306,0.0967499161367133,0.0966485158433126
"ORD-028003",2026-03-20,0,0.0969127712246978,0.151532007572384,0.109290017787483,0.0989612395558877,0.101471725540576
"ORD-028009",2026-03-20,0,0.0969127712246978,0.0584207146264666,0.0870825522683528,0.0967499161367133,0.0966485158433126
"ORD-028015",2026-03-20,0,0.0969127712246978,0.120139878324782,0.101460831756225,0.0967499161367133,0.0966485158433126
"ORD-028023",2026-03-20,0,0.0969127712246978,0.144781589193654,0.10720228228388,0.100541500134285,0.102408918308548
"ORD-028053",2026-03-20,0,0.0969127712246978,0.153513323262696,0.109966177066581,0.0995408243258331,0.102132575198061
"ORD-028103",2026-03-20,1,0.0969127712246978,0.115124676702304,0.100067342380048,0.0967499161367133,0.0966485158433126
"ORD-028120",2026-03-20,0,0.0969127712246978,0.073560631655854,0.0907763154978596,0.0967499161367133,0.0966485158433126
"ORD-027892",2026-03-20,0,0.0969127712246978,0.105887297501063,0.0972104983037925,0.0967499161367133,0.0966485158433126
"ORD-027901",2026-03-20,1,0.0969127712246978,0.140742204759656,0.104938694076731,0.0967499161367133,0.0966485158433126
"ORD-027910",2026-03-20,0,0.0969127712246978,0.0632452225344604,0.0881845334219553,0.0967499161367133,0.0966485158433126
"ORD-027925",2026-03-20,0,0.0969127712246978,0.115236882915347,0.0993315039954218,0.0967499161367133,0.0966485158433126
"ORD-027937",2026-03-20,1,0.0969127712246978,0.111846160022615,0.098497790481796,0.0967499161367133,0.0966485158433126
"ORD-027951",2026-03-20,0,0.0969127712246978,0.0928978241525771,0.094372514336018,0.0967499161367133,0.0966485158433126
"ORD-027952",2026-03-20,0,0.0969127712246978,0.140742204759656,0.104938694076731,0.0967499161367133,0.0966485158433126
"ORD-027958",2026-03-20,1,0.0969127712246978,0.09011689820598,0.0937784248280194,0.0967499161367133,0.0966485158433126
"ORD-027959",2026-03-20,0,0.0969127712246978,0.133995873568041,0.103574475400896,0.0967499161367133,0.0966485158433126
"ORD-028000",2026-03-20,0,0.0969127712246978,0.0934344269805488,0.0947340252873711,0.0967499161367133,0.0966485158433126
"ORD-028010",2026-03-20,0,0.0969127712246978,0.164816184195049,0.111322426005537,0.0995408243258331,0.102132575198061
"ORD-028018",2026-03-20,0,0.0969127712246978,0.118357666837249,0.100034353349225,0.0967499161367133,0.0966485158433126
"ORD-028032",2026-03-20,0,0.0969127712246978,0.106777858366786,0.097369654553611,0.0967499161367133,0.0966485158433126
"ORD-028043",2026-03-20,0,0.0969127712246978,0.102224460369401,0.0964707473417716,0.0967499161367133,0.0966485158433126
"ORD-028074",2026-03-20,0,0.0969127712246978,0.1065015577292,0.0975260547941484,0.0967499161367133,0.0966485158433126
"ORD-028110",2026-03-20,0,0.0969127712246978,0.111846160022615,0.098497790481796,0.0967499161367133,0.0966485158433126
"ORD-027906",2026-03-20,0,0.0969127712246978,0.107816475355626,0.0979051537132598,0.0967499161367133,0.0966485158433126
"ORD-027907",2026-03-20,0,0.0969127712246978,0.115679843822021,0.0995456757496879,0.0967499161367133,0.0966485158433126
"ORD-027916",2026-03-20,0,0.0969127712246978,0.102224460369401,0.0964707473417716,0.0967499161367133,0.0966485158433126
"ORD-027924",2026-03-20,0,0.0969127712246978,0.0937800781146826,0.0946560172721728,0.0967499161367133,0.0966485158433126
"ORD-027929",2026-03-20,0,0.0969127712246978,0.0743408433321695,0.0905574346145756,0.0967499161367133,0.0966485158433126
"ORD-027941",2026-03-20,0,0.0969127712246978,0.164816184195049,0.111322426005537,0.0995408243258331,0.102132575198061
"ORD-027943",2026-03-20,0,0.0969127712246978,0.121357769140244,0.100720239700721,0.0967499161367133,0.0966485158433126
"ORD-027946",2026-03-20,0,0.0969127712246978,0.179237928023138,0.114111372748734,0.0967499161367133,0.0966485158433126
"ORD-027948",2026-03-20,0,0.0969127712246978,0.1065015577292,0.0975260547941484,0.0967499161367133,0.0966485158433126
"ORD-027953",2026-03-20,1,0.0969127712246978,0.105887297501063,0.0972104983037925,0.0967499161367133,0.0966485158433126
"ORD-027985",2026-03-20,0,0.0969127712246978,0.124613938220687,0.101408186346242,0.0967499161367133,0.0966485158433126
"ORD-028030",2026-03-20,0,0.0969127712246978,0.0928978241525771,0.094372514336018,0.0967499161367133,0.0966485158433126
"ORD-028036",2026-03-20,0,0.0969127712246978,0.121357769140244,0.100720239700721,0.0967499161367133,0.0966485158433126
"ORD-028044",2026-03-20,0,0.0969127712246978,0.0985848079080869,0.0955977524724244,0.0967499161367133,0.0966485158433126
"ORD-028046",2026-03-20,1,0.0969127712246978,0.0745044328101197,0.0906638116185846,0.0967499161367133,0.0966485158433126
"ORD-028051",2026-03-20,0,0.0969127712246978,0.134220700894597,0.10379715354559,0.0967499161367133,0.0966485158433126
"ORD-028059",2026-03-20,0,0.0969127712246978,0.0812061557024603,0.0919894260433025,0.0967499161367133,0.0966485158433126
"ORD-028060",2026-03-20,0,0.0969127712246978,0.155559697239969,0.10852859981364,0.100541500134285,0.102408918308548
"ORD-028101",2026-03-20,0,0.0969127712246978,0.126824451220072,0.101405065751072,0.0967499161367133,0.0966485158433126
"ORD-028104",2026-03-20,0,0.0969127712246978,0.0729984630271558,0.0902509030371143,0.0967499161367133,0.0966485158433126
"ORD-028109",2026-03-20,0,0.0969127712246978,0.0976054490453113,0.095538732263403,0.0967499161367133,0.0966485158433126
"ORD-027889",2026-03-20,0,0.0969127712246978,0.13256058086587,0.103513798130209,0.0967499161367133,0.0966485158433126
"ORD-027919",2026-03-20,1,0.0969127712246978,0.115186005729176,0.0992855360125645,0.0967499161367133,0.0966485158433126
"ORD-027956",2026-03-20,0,0.0969127712246978,0.108538682498871,0.0978175736326877,0.0967499161367133,0.0966485158433126
"ORD-027978",2026-03-20,0,0.0969127712246978,0.103609893596685,0.0966922564492316,0.0967499161367133,0.0966485158433126
"ORD-027987",2026-03-20,0,0.0969127712246978,0.110712803714703,0.0984308649882746,0.0967499161367133,0.0966485158433126
"ORD-028005",2026-03-20,0,0.0969127712246978,0.101511527995887,0.0961617093534974,0.0967499161367133,0.0966485158433126
"ORD-028020",2026-03-20,0,0.0969127712246978,0.09011689820598,0.0937784248280194,0.0967499161367133,0.0966485158433126
"ORD-028024",2026-03-20,0,0.0969127712246978,0.13256058086587,0.103513798130209,0.0967499161367133,0.0966485158433126
"ORD-028040",2026-03-20,0,0.0969127712246978,0.115186005729176,0.0992855360125645,0.0967499161367133,0.0966485158433126
"ORD-028112",2026-03-20,0,0.0969127712246978,0.106777858366786,0.097369654553611,0.0967499161367133,0.0966485158433126
"ORD-028114",2026-03-20,0,0.0969127712246978,0.0727624767571591,0.0903322693877527,0.0967499161367133,0.0966485158433126
"ORD-027886",2026-03-20,0,0.0969127712246978,0.137429858225631,0.104509076558041,0.0967499161367133,0.0966485158433126
"ORD-027898",2026-03-20,0,0.0969127712246978,0.164816184195049,0.111322426005537,0.0995408243258331,0.102132575198061
"ORD-027931",2026-03-20,0,0.0969127712246978,0.13256058086587,0.103513798130209,0.0967499161367133,0.0966485158433126
"ORD-027933",2026-03-20,0,0.0969127712246978,0.121175734680049,0.100492111962006,0.0967499161367133,0.0966485158433126
"ORD-027949",2026-03-20,0,0.0969127712246978,0.137429858225631,0.104509076558041,0.0967499161367133,0.0966485158433126
"ORD-028027",2026-03-20,0,0.0969127712246978,0.0934344269805488,0.0947340252873711,0.0967499161367133,0.0966485158433126
"ORD-028029",2026-03-20,0,0.0969127712246978,0.155559697239969,0.10852859981364,0.100541500134285,0.102408918308548
"ORD-028068",2026-03-20,0,0.0969127712246978,0.0842788649888212,0.0924359141788792,0.0967499161367133,0.0966485158433126
"ORD-028070",2026-03-20,0,0.0969127712246978,0.141647182560962,0.105579489441418,0.0967499161367133,0.0966485158433126
"ORD-028082",2026-03-20,0,0.0969127712246978,0.131049458041357,0.103067517285305,0.0967499161367133,0.0966485158433126
"ORD-028084",2026-03-20,0,0.0969127712246978,0.0949694089360845,0.0948429593516038,0.0967499161367133,0.0966485158433126
"ORD-028088",2026-03-20,0,0.0969127712246978,0.155559697239969,0.10852859981364,0.100541500134285,0.102408918308548
"ORD-028091",2026-03-20,1,0.0969127712246978,0.13256058086587,0.103513798130209,0.0967499161367133,0.0966485158433126
"ORD-028095",2026-03-20,1,0.0969127712246978,0.0949694089360845,0.0948429593516038,0.0967499161367133,0.0966485158433126
"ORD-027884",2026-03-20,0,0.0969127712246978,0.0949694089360845,0.0948429593516038,0.0967499161367133,0.0966485158433126
"ORD-027887",2026-03-20,0,0.0969127712246978,0.141075435077111,0.105778270219702,0.0967499161367133,0.0966485158433126
"ORD-027950",2026-03-20,0,0.0969127712246978,0.11833036867347,0.0999573577766337,0.0967499161367133,0.0966485158433126
"ORD-027955",2026-03-20,0,0.0969127712246978,0.129361037674952,0.10272428854584,0.0967499161367133,0.0966485158433126
"ORD-027961",2026-03-20,0,0.0969127712246978,0.0603098516203458,0.0876127979845883,0.0967499161367133,0.0966485158433126
"ORD-027990",2026-03-20,0,0.0969127712246978,0.0949694089360845,0.0948429593516038,0.0967499161367133,0.0966485158433126
"ORD-027997",2026-03-20,0,0.0969127712246978,0.110997823595385,0.0985791508896539,0.0967499161367133,0.0966485158433126
"ORD-027999",2026-03-20,0,0.0969127712246978,0.0973447974501104,0.0954767536002935,0.0967499161367133,0.0966485158433126
"ORD-028025",2026-03-20,0,0.0969127712246978,0.105887297501063,0.0972104983037925,0.0967499161367133,0.0966485158433126
"ORD-028050",2026-03-20,1,0.0969127712246978,0.141647182560962,0.105579489441418,0.0967499161367133,0.0966485158433126
"ORD-028055",2026-03-20,0,0.0969127712246978,0.102689874349953,0.0966302467803499,0.0967499161367133,0.0966485158433126
"ORD-028057",2026-03-20,0,0.0969127712246978,0.1065015577292,0.0975260547941484,0.0967499161367133,0.0966485158433126
"ORD-028093",2026-03-20,0,0.0969127712246978,0.137429858225631,0.104509076558041,0.0967499161367133,0.0966485158433126
"ORD-028098",2026-03-20,0,0.0969127712246978,0.134220700894597,0.10379715354559,0.0967499161367133,0.0966485158433126
"ORD-028115",2026-03-20,0,0.0969127712246978,0.0757332295826862,0.0907553460034726,0.0967499161367133,0.0966485158433126
"ORD-028121",2026-03-20,0,0.0969127712246978,0.0934344269805488,0.0947340252873711,0.0967499161367133,0.0966485158433126
"ORD-027904",2026-03-20,0,0.0969127712246978,0.126044584406621,0.102887966315038,0.0967499161367133,0.0966485158433126
"ORD-027913",2026-03-20,0,0.0969127712246978,0.101117171468337,0.0969325098971412,0.0967499161367133,0.0966485158433126
"ORD-027932",2026-03-20,0,0.0969127712246978,0.0854816196630327,0.0932053324896522,0.0967499161367133,0.0966485158433126
"ORD-027969",2026-03-20,0,0.0969127712246978,0.127419688949342,0.10294831886539,0.0967499161367133,0.0966485158433126
"ORD-027980",2026-03-20,0,0.0969127712246978,0.0923754870417133,0.0948943693501511,0.0967499161367133,0.0966485158433126
"ORD-027994",2026-03-20,0,0.0969127712246978,0.103063185328769,0.097222445679185,0.0967499161367133,0.0966485158433126
"ORD-027998",2026-03-20,0,0.0969127712246978,0.0799174981931585,0.0918701943755895,0.0967499161367133,0.0966485158433126
"ORD-028013",2026-03-20,0,0.0969127712246978,0.112449309891948,0.0994272247457683,0.0967499161367133,0.0966485158433126
"ORD-028028",2026-03-20,0,0.0969127712246978,0.102373227744385,0.097309550389798,0.0967499161367133,0.0966485158433126
"ORD-028037",2026-03-20,0,0.0969127712246978,0.109416327270607,0.0986824537970437,0.0967499161367133,0.0966485158433126
"ORD-028042",2026-03-20,0,0.0969127712246978,0.126044584406621,0.102887966315038,0.0967499161367133,0.0966485158433126
"ORD-028056",2026-03-20,0,0.0969127712246978,0.113369419267518,0.0996245088257147,0.0967499161367133,0.0966485158433126
"ORD-028079",2026-03-20,0,0.0969127712246978,0.095673494677073,0.0968959119172244,0.0967499161367133,0.0966485158433126
"ORD-028083",2026-03-20,1,0.0969127712246978,0.148106206664698,0.10787609745385,0.100541500134285,0.102408918308548
"ORD-028096",2026-03-20,0,0.0969127712246978,0.0926241981092345,0.0949560096467497,0.0967499161367133,0.0966485158433126
"ORD-027891",2026-03-20,0,0.0969127712246978,0.0567593909844554,0.0870965462028766,0.0967499161367133,0.0966485158433126
"ORD-027897",2026-03-20,0,0.0969127712246978,0.115145073936505,0.0998825134707068,0.0967499161367133,0.0966485158433126
"ORD-027920",2026-03-20,0,0.0969127712246978,0.0765648558608506,0.0912898982295802,0.0967499161367133,0.0966485158433126
"ORD-027922",2026-03-20,0,0.0969127712246978,0.08864513177032,0.0941556998990329,0.0967499161367133,0.0966485158433126
"ORD-027927",2026-03-20,0,0.0969127712246978,0.100497244504673,0.0967081869711968,0.0967499161367133,0.0966485158433126
"ORD-027942",2026-03-20,0,0.0969127712246978,0.157001638246051,0.110655211410339,0.0995408243258331,0.102132575198061
"ORD-027945",2026-03-20,0,0.0969127712246978,0.0605064349523797,0.0878848827855341,0.0967499161367133,0.0966485158433126
"ORD-027976",2026-03-20,0,0.0969127712246978,0.0567593909844554,0.0870965462028766,0.0967499161367133,0.0966485158433126
"ORD-027996",2026-03-20,0,0.0969127712246978,0.08864513177032,0.0941556998990329,0.0967499161367133,0.0966485158433126
"ORD-028017",2026-03-20,0,0.0969127712246978,0.0854816196630327,0.0932053324896522,0.0967499161367133,0.0966485158433126
"ORD-028047",2026-03-20,0,0.0969127712246978,0.0691767497410269,0.0896972341371294,0.0967499161367133,0.0966485158433126
"ORD-028117",2026-03-20,0,0.0969127712246978,0.0769904302621685,0.0914261635323163,0.0967499161367133,0.0966485158433126
"ORD-027912",2026-03-20,0,0.0969127712246978,0.133886114687081,0.104305249831239,0.0967499161367133,0.0966485158433126
"ORD-027917",2026-03-20,0,0.0969127712246978,0.109464971294736,0.0987281731657808,0.0967499161367133,0.0966485158433126
"ORD-027938",2026-03-20,0,0.0969127712246978,0.096352216898951,0.0955755885156125,0.0967499161367133,0.0966485158433126
"ORD-027939",2026-03-20,0,0.0969127712246978,0.126044584406621,0.102887966315038,0.0967499161367133,0.0966485158433126
"ORD-027947",2026-03-20,0,0.0969127712246978,0.0935587577871487,0.0950147076885496,0.0967499161367133,0.0966485158433126
"ORD-027964",2026-03-20,0,0.0969127712246978,0.0489649100944084,0.0853885541667818,0.0967499161367133,0.0966485158433126
"ORD-028045",2026-03-20,0,0.0969127712246978,0.117862136666783,0.100701369558927,0.0967499161367133,0.0966485158433126
"ORD-028066",2026-03-20,0,0.0969127712246978,0.0691767497410269,0.0896972341371294,0.0967499161367133,0.0966485158433126
"ORD-028072",2026-03-20,0,0.0969127712246978,0.134753921225021,0.104942630660321,0.0967499161367133,0.0966485158433126
"ORD-028080",2026-03-20,0,0.0969127712246978,0.0901092536377759,0.0942640381973296,0.0967499161367133,0.0966485158433126
"ORD-028086",2026-03-20,1,0.0969127712246978,0.0769904302621685,0.0914261635323163,0.0967499161367133,0.0966485158433126
"ORD-027885",2026-03-20,0,0.0969127712246978,0.084843132293589,0.0930780364058688,0.0967499161367133,0.0966485158433126
"ORD-027893",2026-03-20,0,0.0969127712246978,0.100530472209663,0.0966186682815841,0.0967499161367133,0.0966485158433126
"ORD-027900",2026-03-20,1,0.0969127712246978,0.109464971294736,0.0987281731657808,0.0967499161367133,0.0966485158433126
"ORD-027902",2026-03-20,0,0.0969127712246978,0.096352216898951,0.0955755885156125,0.0967499161367133,0.0966485158433126
"ORD-027905",2026-03-20,0,0.0969127712246978,0.105140563443865,0.0978324103548367,0.0967499161367133,0.0966485158433126
"ORD-027911",2026-03-20,0,0.0969127712246978,0.115145073936505,0.0998825134707068,0.0967499161367133,0.0966485158433126
"ORD-027940",2026-03-20,0,0.0969127712246978,0.115145073936505,0.0998825134707068,0.0967499161367133,0.0966485158433126
"ORD-027973",2026-03-20,0,0.0969127712246978,0.145155933096894,0.10685172393427,0.0967499161367133,0.0966485158433126
"ORD-027981",2026-03-20,0,0.0969127712246978,0.122980017131718,0.102102686370758,0.0967499161367133,0.0966485158433126
"ORD-027982",2026-03-20,0,0.0969127712246978,0.133886114687081,0.104305249831239,0.0967499161367133,0.0966485158433126
"ORD-028001",2026-03-20,0,0.0969127712246978,0.100530472209663,0.0966186682815841,0.0967499161367133,0.0966485158433126
"ORD-028019",2026-03-20,0,0.0969127712246978,0.0567593909844554,0.0870965462028766,0.0967499161367133,0.0966485158433126
"ORD-028033",2026-03-20,0,0.0969127712246978,0.101117171468337,0.0969325098971412,0.0967499161367133,0.0966485158433126
"ORD-028035",2026-03-20,1,0.0969127712246978,0.08864513177032,0.0941556998990329,0.0967499161367133,0.0966485158433126
"ORD-028041",2026-03-20,0,0.0969127712246978,0.124502922704673,0.102400547995976,0.0967499161367133,0.0966485158433126
"ORD-028087",2026-03-20,0,0.0969127712246978,0.096352216898951,0.0955755885156125,0.0967499161367133,0.0966485158433126
"ORD-028089",2026-03-20,0,0.0969127712246978,0.108622594422414,0.0986929476894918,0.0967499161367133,0.0966485158433126
"ORD-028092",2026-03-20,0,0.0969127712246978,0.0881333603380149,0.0937961672100653,0.0967499161367133,0.0966485158433126
"ORD-028099",2026-03-20,0,0.0969127712246978,0.0605064349523797,0.0878848827855341,0.0967499161367133,0.0966485158433126
"ORD-027882",2026-03-20,0,0.0969127712246978,0.129742163976207,0.103771091139911,0.0967499161367133,0.0966485158433126
"ORD-027962",2026-03-20,0,0.0969127712246978,0.0737133578611467,0.0912913316206093,0.0967499161367133,0.0966485158433126
"ORD-027968",2026-03-20,0,0.0969127712246978,0.119953339923288,0.101180088436068,0.0967499161367133,0.0966485158433126
"ORD-027993",2026-03-20,0,0.0969127712246978,0.100798203424928,0.0972184129102678,0.0967499161367133,0.0966485158433126
"ORD-028026",2026-03-20,1,0.0969127712246978,0.102544022955789,0.0973570344304366,0.0967499161367133,0.0966485158433126
"ORD-028031",2026-03-20,0,0.0969127712246978,0.0919308506328963,0.0950230213543995,0.0967499161367133,0.0966485158433126
"ORD-028049",2026-03-20,0,0.0969127712246978,0.0919308506328963,0.0950230213543995,0.0967499161367133,0.0966485158433126
"ORD-028071",2026-03-20,0,0.0969127712246978,0.0722221303922753,0.0908758507447373,0.0967499161367133,0.0966485158433126
"ORD-028106",2026-03-20,0,0.0969127712246978,0.0789477327833906,0.092289625145007,0.0967499161367133,0.0966485158433126
"ORD-028118",2026-03-20,0,0.0969127712246978,0.10568324009427,0.0980385843139447,0.0967499161367133,0.0966485158433126
"ORD-027967",2026-03-20,0,0.0969127712246978,0.105409437654788,0.0981959421343595,0.0967499161367133,0.0966485158433126
"ORD-028012",2026-03-20,0,0.0969127712246978,0.122768120785482,0.102008376738317,0.0967499161367133,0.0966485158433126
"ORD-028014",2026-03-20,0,0.0969127712246978,0.118113434456997,0.100919107839119,0.0967499161367133,0.0966485158433126
"ORD-028054",2026-03-20,0,0.0969127712246978,0.0719884589206395,0.0909577241895088,0.0967499161367133,0.0966485158433126
"ORD-028090",2026-03-20,0,0.0969127712246978,0.120133789081438,0.101409601880828,0.0967499161367133,0.0966485158433126
"ORD-027903",2026-03-20,0,0.0969127712246978,0.0511694149469299,0.0865159357762333,0.0967499161367133,0.0966485158433126
"ORD-027988",2026-03-20,0,0.0969127712246978,0.0737133578611467,0.0912913316206093,0.0967499161367133,0.0966485158433126
"ORD-028006",2026-03-20,0,0.0969127712246978,0.123456838436776,0.102270219091072,0.0967499161367133,0.0966485158433126
"ORD-028007",2026-03-20,0,0.0969127712246978,0.122768120785482,0.102008376738317,0.0967499161367133,0.0966485158433126
"ORD-028065",2026-03-20,0,0.0969127712246978,0.0721032398289589,0.0908628277437558,0.0967499161367133,0.0966485158433126
"ORD-028076",2026-03-20,0,0.0969127712246978,0.0803501008430333,0.0926251865678812,0.0967499161367133,0.0966485158433126
"ORD-028085",2026-03-20,0,0.0969127712246978,0.136068882644217,0.105221336563917,0.0967499161367133,0.0966485158433126
"ORD-028124",2026-03-21,0,0.0969127712246978,0.0896835908528237,0.0955250709676402,0.0967499161367133,0.0966485158433126
"ORD-028126",2026-03-21,0,0.0969127712246978,0.0996875295346524,0.097939895047032,0.0967499161367133,0.0966485158433126
"ORD-028149",2026-03-21,1,0.0969127712246978,0.0931184676842207,0.0962847151225345,0.0967499161367133,0.0966485158433126
"ORD-028153",2026-03-21,0,0.0969127712246978,0.102583229068655,0.098518750209114,0.0967499161367133,0.0966485158433126
"ORD-028175",2026-03-21,0,0.0969127712246978,0.109380636054215,0.100257863131052,0.0967499161367133,0.0966485158433126
"ORD-028188",2026-03-21,0,0.0969127712246978,0.0882257146559338,0.0954154360348517,0.0967499161367133,0.0966485158433126
"ORD-028192",2026-03-21,0,0.0969127712246978,0.133602265930962,0.106529772601959,0.0967499161367133,0.0966485158433126
"ORD-028203",2026-03-21,1,0.0969127712246978,0.100027904994014,0.0979983790115921,0.0967499161367133,0.0966485158433126
"ORD-028205",2026-03-21,0,0.0969127712246978,0.0921878587734213,0.0962253159206747,0.0967499161367133,0.0966485158433126
"ORD-028208",2026-03-21,1,0.0969127712246978,0.108119869311334,0.100006687019437,0.0967499161367133,0.0966485158433126
"ORD-028218",2026-03-21,0,0.0969127712246978,0.123936919560949,0.103757959081148,0.0967499161367133,0.0966485158433126
"ORD-028231",2026-03-21,0,0.0969127712246978,0.105730751403061,0.0992033068389601,0.0967499161367133,0.0966485158433126
"ORD-028237",2026-03-21,0,0.0969127712246978,0.0896835908528237,0.0955250709676402,0.0967499161367133,0.0966485158433126
"ORD-028280",2026-03-21,1,0.0969127712246978,0.112847506263406,0.100949259639655,0.0967499161367133,0.0966485158433126
"ORD-028289",2026-03-21,0,0.0969127712246978,0.0970204148108743,0.09732383048568,0.0967499161367133,0.0966485158433126
"ORD-028298",2026-03-21,0,0.0969127712246978,0.104923319742829,0.0992851858304369,0.0967499161367133,0.0966485158433126
"ORD-028122",2026-03-21,0,0.0969127712246978,0.0714335551834982,0.091411028353816,0.0967499161367133,0.0966485158433126
"ORD-028130",2026-03-21,0,0.0969127712246978,0.0539199547679927,0.0876680436783058,0.0967499161367133,0.0966485158433126
"ORD-028141",2026-03-21,1,0.0969127712246978,0.0714335551834982,0.091411028353816,0.0967499161367133,0.0966485158433126
"ORD-028154",2026-03-21,0,0.0969127712246978,0.123936919560949,0.103757959081148,0.0967499161367133,0.0966485158433126
"ORD-028159",2026-03-21,0,0.0969127712246978,0.114616043170171,0.101210309432725,0.0967499161367133,0.0966485158433126
"ORD-028172",2026-03-21,0,0.0969127712246978,0.125472577146125,0.104251088139185,0.0967499161367133,0.0966485158433126
"ORD-028186",2026-03-21,1,0.0969127712246978,0.133283948595058,0.105684936640789,0.0967499161367133,0.0966485158433126
"ORD-028206",2026-03-21,0,0.0969127712246978,0.133602265930962,0.106529772601959,0.0967499161367133,0.0966485158433126
"ORD-028217",2026-03-21,0,0.0969127712246978,0.0568319809165635,0.0882479798638575,0.0967499161367133,0.0966485158433126
"ORD-028225",2026-03-21,0,0.0969127712246978,0.154303394730248,0.111420696474933,0.0989612395558877,0.101471725540576
"ORD-028235",2026-03-21,1,0.0969127712246978,0.0919402006310323,0.0961629392073171,0.0967499161367133,0.0966485158433126
"ORD-028236",2026-03-21,0,0.0969127712246978,0.0687287483717816,0.0908902787454149,0.0967499161367133,0.0966485158433126
"ORD-028249",2026-03-21,0,0.0969127712246978,0.127056932631375,0.104536226449546,0.0967499161367133,0.0966485158433126
"ORD-028252",2026-03-21,0,0.0969127712246978,0.0493104919366372,0.0866836659120283,0.0967499161367133,0.0966485158433126
"ORD-028256",2026-03-21,0,0.0969127712246978,0.0877161315724196,0.0950515978058737,0.0967499161367133,0.0966485158433126
"ORD-028275",2026-03-21,0,0.0969127712246978,0.0568319809165635,0.0882479798638575,0.0967499161367133,0.0966485158433126
"ORD-028300",2026-03-21,0,0.0969127712246978,0.124030700817219,0.103801996656069,0.0967499161367133,0.0966485158433126
"ORD-028311",2026-03-21,0,0.0969127712246978,0.124030700817219,0.103801996656069,0.0967499161367133,0.0966485158433126
"ORD-028323",2026-03-21,1,0.0969127712246978,0.114789510557925,0.10143988369302,0.0967499161367133,0.0966485158433126
"ORD-028327",2026-03-21,0,0.0969127712246978,0.0962200234237924,0.0972475786391784,0.0967499161367133,0.0966485158433126
"ORD-028328",2026-03-21,0,0.0969127712246978,0.111931097999699,0.100749645735247,0.0967499161367133,0.0966485158433126
"ORD-028330",2026-03-21,0,0.0969127712246978,0.0714335551834982,0.091411028353816,0.0967499161367133,0.0966485158433126
"ORD-028128",2026-03-21,0,0.0969127712246978,0.108958824070418,0.100042329348993,0.0967499161367133,0.0966485158433126
"ORD-028157",2026-03-21,1,0.0969127712246978,0.108910377460507,0.099996068936592,0.0967499161367133,0.0966485158433126
"ORD-028180",2026-03-21,0,0.0969127712246978,0.0687287483717816,0.0908902787454149,0.0967499161367133,0.0966485158433126
"ORD-028193",2026-03-21,0,0.0969127712246978,0.105730751403061,0.0992033068389601,0.0967499161367133,0.0966485158433126
"ORD-028202",2026-03-21,0,0.0969127712246978,0.0996875295346524,0.097939895047032,0.0967499161367133,0.0966485158433126
"ORD-028211",2026-03-21,0,0.0969127712246978,0.111931097999699,0.100749645735247,0.0967499161367133,0.0966485158433126
"ORD-028233",2026-03-21,0,0.0969127712246978,0.0877161315724196,0.0950515978058737,0.0967499161367133,0.0966485158433126
"ORD-028248",2026-03-21,0,0.0969127712246978,0.0714335551834982,0.091411028353816,0.0967499161367133,0.0966485158433126
"ORD-028282",2026-03-21,0,0.0969127712246978,0.130120550005409,0.105252623273706,0.0967499161367133,0.0966485158433126
"ORD-028286",2026-03-21,1,0.0969127712246978,0.0714335551834982,0.091411028353816,0.0967499161367133,0.0966485158433126
"ORD-028288",2026-03-21,0,0.0969127712246978,0.0687287483717816,0.0908902787454149,0.0967499161367133,0.0966485158433126
"ORD-028301",2026-03-21,0,0.0969127712246978,0.0607548269264697,0.0890322058125979,0.0967499161367133,0.0956981529605399
"ORD-028303",2026-03-21,0,0.0969127712246978,0.130120550005409,0.105252623273706,0.0967499161367133,0.0966485158433126
"ORD-028315",2026-03-21,0,0.0969127712246978,0.0877161315724196,0.0950515978058737,0.0967499161367133,0.0966485158433126
"ORD-028331",2026-03-21,0,0.0969127712246978,0.112847506263406,0.100949259639655,0.0967499161367133,0.0966485158433126
"ORD-028136",2026-03-21,0,0.0969127712246978,0.0688424875753249,0.0909033052874382,0.0967499161367133,0.0966485158433126
"ORD-028137",2026-03-21,0,0.0969127712246978,0.0701142234238872,0.09121183054713,0.0967499161367133,0.0966485158433126
"ORD-028148",2026-03-21,0,0.0969127712246978,0.0978951817589654,0.0973862372599862,0.0967499161367133,0.0966485158433126
"ORD-028168",2026-03-21,0,0.0969127712246978,0.114789510557925,0.10143988369302,0.0967499161367133,0.0966485158433126
"ORD-028213",2026-03-21,0,0.0969127712246978,0.0850757731785404,0.0944536792231723,0.0967499161367133,0.0966485158433126
"ORD-028227",2026-03-21,0,0.0969127712246978,0.100645260731362,0.0982253692164332,0.0967499161367133,0.0966485158433126
"ORD-028239",2026-03-21,0,0.0969127712246978,0.0702692181347246,0.0913188990761846,0.0967499161367133,0.0966485158433126
"ORD-028240",2026-03-21,0,0.0969127712246978,0.0607548269264697,0.0890322058125979,0.0967499161367133,0.0956981529605399
"ORD-028253",2026-03-21,0,0.0969127712246978,0.125472577146125,0.104251088139185,0.0967499161367133,0.0966485158433126
"ORD-028291",2026-03-21,0,0.0969127712246978,0.122419969197139,0.103456604125108,0.0967499161367133,0.0966485158433126
"ORD-028296",2026-03-21,1,0.0969127712246978,0.117893092122874,0.102132187459533,0.0967499161367133,0.0966485158433126
"ORD-028304",2026-03-21,0,0.0969127712246978,0.104652061769904,0.0991359546892584,0.0967499161367133,0.0966485158433126
"ORD-028305",2026-03-21,0,0.0969127712246978,0.133283948595058,0.105684936640789,0.0967499161367133,0.0966485158433126
"ORD-028310",2026-03-21,1,0.0969127712246978,0.111482162669396,0.10052585737955,0.0967499161367133,0.0966485158433126
"ORD-028326",2026-03-21,0,0.0969127712246978,0.0885539789095982,0.0953369260089298,0.0967499161367133,0.0966485158433126
"ORD-028336",2026-03-21,0,0.0969127712246978,0.120000727877733,0.10212904711711,0.0967499161367133,0.0966485158433126
"ORD-028129",2026-03-21,0,0.0969127712246978,0.109380636054215,0.100257863131052,0.0967499161367133,0.0966485158433126
"ORD-028143",2026-03-21,0,0.0969127712246978,0.126842346987358,0.104312147304146,0.0967499161367133,0.0966485158433126
"ORD-028151",2026-03-21,0,0.0969127712246978,0.0769953703515567,0.0928906777068094,0.0967499161367133,0.0966485158433126
"ORD-028156",2026-03-21,0,0.0969127712246978,0.0844400372994918,0.0943248555459376,0.0967499161367133,0.0966485158433126
"ORD-028165",2026-03-21,1,0.0969127712246978,0.125472577146125,0.104251088139185,0.0967499161367133,0.0966485158433126
"ORD-028167",2026-03-21,0,0.0969127712246978,0.0714335551834982,0.091411028353816,0.0967499161367133,0.0966485158433126
"ORD-028196",2026-03-21,0,0.0969127712246978,0.125472577146125,0.104251088139185,0.0967499161367133,0.0966485158433126
"ORD-028210",2026-03-21,0,0.0969127712246978,0.100908084034498,0.098067969367578,0.0967499161367133,0.0966485158433126
"ORD-028222",2026-03-21,1,0.0969127712246978,0.125472577146125,0.104251088139185,0.0967499161367133,0.0966485158433126
"ORD-028234",2026-03-21,0,0.0969127712246978,0.108910377460507,0.099996068936592,0.0967499161367133,0.0966485158433126
"ORD-028243",2026-03-21,0,0.0969127712246978,0.130120550005409,0.105252623273706,0.0967499161367133,0.0966485158433126
"ORD-028264",2026-03-21,0,0.0969127712246978,0.0885539789095982,0.0953369260089298,0.0967499161367133,0.0966485158433126
"ORD-028265",2026-03-21,0,0.0969127712246978,0.0885539789095982,0.0953369260089298,0.0967499161367133,0.0966485158433126
"ORD-028274",2026-03-21,0,0.0969127712246978,0.14745097249017,0.109297253663821,0.100541500134285,0.102408918308548
"ORD-028276",2026-03-21,1,0.0969127712246978,0.111905093931239,0.100672161194555,0.0967499161367133,0.0966485158433126
"ORD-028285",2026-03-21,0,0.0969127712246978,0.0996875295346524,0.097939895047032,0.0967499161367133,0.0966485158433126
"ORD-028294",2026-03-21,0,0.0969127712246978,0.126900635052553,0.104802129077137,0.0967499161367133,0.0966485158433126
"ORD-028322",2026-03-21,0,0.0969127712246978,0.0978951817589654,0.0973862372599862,0.0967499161367133,0.0966485158433126
"ORD-028337",2026-03-21,0,0.0969127712246978,0.100027904994014,0.0979983790115921,0.0967499161367133,0.0966485158433126
"ORD-028140",2026-03-21,0,0.0969127712246978,0.0995062341072865,0.0974306459937201,0.0967499161367133,0.0966485158433126
"ORD-028161",2026-03-21,0,0.0969127712246978,0.103479657849963,0.098064622070333,0.0967499161367133,0.0966485158433126
"ORD-028181",2026-03-21,0,0.0969127712246978,0.129212775405121,0.103399867412583,0.0967499161367133,0.0966485158433126
"ORD-028220",2026-03-21,1,0.0969127712246978,0.109891895946291,0.099838755932508,0.0967499161367133,0.0966485158433126
"ORD-028251",2026-03-21,0,0.0969127712246978,0.0744595879149521,0.0920487608978861,0.0967499161367133,0.0966485158433126
"ORD-028270",2026-03-21,0,0.0969127712246978,0.107930074683393,0.0991318888740283,0.0967499161367133,0.0966485158433126
"ORD-028273",2026-03-21,0,0.0969127712246978,0.135040220375956,0.1055452096451,0.0967499161367133,0.0966485158433126
"ORD-028290",2026-03-21,0,0.0969127712246978,0.0611562527653533,0.0893865875542417,0.0967499161367133,0.0966485158433126
"ORD-028306",2026-03-21,0,0.0969127712246978,0.0657586290147564,0.0901564222493888,0.0967499161367133,0.0956981529605399
"ORD-028313",2026-03-21,0,0.0969127712246978,0.108554746464124,0.0994529953340045,0.0967499161367133,0.0966485158433126
"ORD-028139",2026-03-21,0,0.0969127712246978,0.135040220375956,0.1055452096451,0.0967499161367133,0.0966485158433126
"ORD-028144",2026-03-21,0,0.0969127712246978,0.158390995996857,0.110646278172156,0.100541500134285,0.102408918308548
"ORD-028183",2026-03-21,0,0.0969127712246978,0.117436341449446,0.101290113249802,0.0967499161367133,0.0966485158433126
"ORD-028185",2026-03-21,0,0.0969127712246978,0.133405327334163,0.105046677005276,0.0967499161367133,0.0966485158433126
"ORD-028214",2026-03-21,0,0.0969127712246978,0.11654064937703,0.101254076385534,0.0967499161367133,0.0966485158433126
"ORD-028292",2026-03-21,0,0.0969127712246978,0.158390995996857,0.110646278172156,0.100541500134285,0.102408918308548
"ORD-028293",2026-03-21,0,0.0969127712246978,0.165653043132846,0.112792611088949,0.0989612395558877,0.101471725540576
"ORD-028297",2026-03-21,0,0.0969127712246978,0.144268524542719,0.10764657153869,0.0967499161367133,0.0966485158433126
"ORD-028302",2026-03-21,0,0.0969127712246978,0.120608570252443,0.102005251751385,0.0967499161367133,0.0966485158433126
"ORD-028324",2026-03-21,0,0.0969127712246978,0.110626281465125,0.0997496374281552,0.0967499161367133,0.0966485158433126
"ORD-028335",2026-03-21,1,0.0969127712246978,0.158390995996857,0.110646278172156,0.100541500134285,0.102408918308548
"ORD-028132",2026-03-21,0,0.0969127712246978,0.0651735052867224,0.0901936040958737,0.0967499161367133,0.0966485158433126
"ORD-028135",2026-03-21,0,0.0969127712246978,0.100502541039172,0.0974907089770314,0.0967499161367133,0.0966485158433126
"ORD-028145",2026-03-21,0,0.0969127712246978,0.135040220375956,0.1055452096451,0.0967499161367133,0.0966485158433126
"ORD-028158",2026-03-21,0,0.0969127712246978,0.0823619804815674,0.0936788818426009,0.0967499161367133,0.0966485158433126
"ORD-028178",2026-03-21,0,0.0969127712246978,0.12347272588113,0.102471002326639,0.0967499161367133,0.0966485158433126
"ORD-028200",2026-03-21,0,0.0969127712246978,0.116209927055216,0.100763983141337,0.0967499161367133,0.0966485158433126
"ORD-028219",2026-03-21,1,0.0969127712246978,0.100502541039172,0.0974907089770314,0.0967499161367133,0.0966485158433126
"ORD-028223",2026-03-21,0,0.0969127712246978,0.107530748439782,0.0991643456363952,0.0967499161367133,0.0966485158433126
"ORD-028229",2026-03-21,1,0.0969127712246978,0.120580823940912,0.101926911003565,0.0967499161367133,0.0966485158433126
"ORD-028254",2026-03-21,0,0.0969127712246978,0.0823619804815674,0.0936788818426009,0.0967499161367133,0.0966485158433126
"ORD-028257",2026-03-21,0,0.0969127712246978,0.0947165546803746,0.0962437913862522,0.0967499161367133,0.0966485158433126
"ORD-028260",2026-03-21,0,0.0969127712246978,0.102756437842594,0.0994155504784534,0.0967499161367133,0.0966485158433126
"ORD-028261",2026-03-21,0,0.0969127712246978,0.133505181366204,0.10509119740973,0.0967499161367133,0.0966485158433126
"ORD-028263",2026-03-21,0,0.0969127712246978,0.126966687628108,0.10340304233097,0.0967499161367133,0.0966485158433126
"ORD-028283",2026-03-21,0,0.0969127712246978,0.103479657849963,0.098064622070333,0.0967499161367133,0.0966485158433126
"ORD-028312",2026-03-21,0,0.0969127712246978,0.120129539078546,0.101778990067056,0.0967499161367133,0.0966485158433126
"ORD-028146",2026-03-21,0,0.0969127712246978,0.0772445318736416,0.0925622302858201,0.0967499161367133,0.0966485158433126
"ORD-028179",2026-03-21,1,0.0969127712246978,0.126966687628108,0.10340304233097,0.0967499161367133,0.0966485158433126
"ORD-028195",2026-03-21,1,0.0969127712246978,0.117384622034694,0.101243340761337,0.0967499161367133,0.0966485158433126
"ORD-028246",2026-03-21,0,0.0969127712246978,0.143349596046857,0.106994731181921,0.0967499161367133,0.0966485158433126
"ORD-028247",2026-03-21,1,0.0969127712246978,0.133505181366204,0.10509119740973,0.0967499161367133,0.0966485158433126
"ORD-028258",2026-03-21,0,0.0969127712246978,0.12347272588113,0.102471002326639,0.0967499161367133,0.0966485158433126
"ORD-028308",2026-03-21,0,0.0969127712246978,0.135040220375956,0.1055452096451,0.0967499161367133,0.0966485158433126
"ORD-028318",2026-03-21,0,0.0969127712246978,0.126358233751754,0.10330864376809,0.0967499161367133,0.0966485158433126
"ORD-028329",2026-03-21,0,0.0969127712246978,0.11654064937703,0.101254076385534,0.0967499161367133,0.0966485158433126
"ORD-028125",2026-03-21,0,0.0969127712246978,0.0811102386723658,0.093748019751247,0.0967499161367133,0.0966485158433126
"ORD-028131",2026-03-21,0,0.0969127712246978,0.107930074683393,0.0991318888740283,0.0967499161367133,0.0966485158433126
"ORD-028134",2026-03-21,0,0.0969127712246978,0.0823619804815674,0.0936788818426009,0.0967499161367133,0.0966485158433126
"ORD-028150",2026-03-21,0,0.0969127712246978,0.0823619804815674,0.0936788818426009,0.0967499161367133,0.0966485158433126
"ORD-028166",2026-03-21,0,0.0969127712246978,0.10420480962232,0.0983791098686117,0.0967499161367133,0.0966485158433126
"ORD-028182",2026-03-21,0,0.0969127712246978,0.158390995996857,0.110646278172156,0.100541500134285,0.102408918308548
"ORD-028190",2026-03-21,0,0.0969127712246978,0.0527917667421948,0.0876379982277015,0.0967499161367133,0.0966485158433126
"ORD-028191",2026-03-21,1,0.0969127712246978,0.158390995996857,0.110646278172156,0.100541500134285,0.102408918308548
"ORD-028204",2026-03-21,0,0.0969127712246978,0.0743373092131043,0.0920355868286309,0.0967499161367133,0.0966485158433126
"ORD-028207",2026-03-21,1,0.0969127712246978,0.0772445318736416,0.0925622302858201,0.0967499161367133,0.0966485158433126
"ORD-028242",2026-03-21,0,0.0969127712246978,0.120580823940912,0.101926911003565,0.0967499161367133,0.0966485158433126
"ORD-028307",2026-03-21,1,0.0969127712246978,0.167782483320626,0.113487679307162,0.0995408243258331,0.102132575198061
"ORD-028321",2026-03-21,0,0.0969127712246978,0.123657725432003,0.102703109439828,0.0967499161367133,0.0966485158433126
"ORD-028147",2026-03-21,0,0.0969127712246978,0.0903889004664239,0.0960231336517821,0.0967499161367133,0.0966485158433126
"ORD-028160",2026-03-21,0,0.0969127712246978,0.0898680545257543,0.0956572231946746,0.0967499161367133,0.0966485158433126
"ORD-028162",2026-03-21,0,0.0969127712246978,0.125306333449389,0.10410962139793,0.0967499161367133,0.0966485158433126
"ORD-028163",2026-03-21,0,0.0969127712246978,0.111518694908991,0.100629695022859,0.0967499161367133,0.0966485158433126
"ORD-028187",2026-03-21,0,0.0969127712246978,0.128420382295287,0.104908533387503,0.0967499161367133,0.0966485158433126
"ORD-028189",2026-03-21,0,0.0969127712246978,0.111518694908991,0.100629695022859,0.0967499161367133,0.0966485158433126
"ORD-028194",2026-03-21,0,0.0969127712246978,0.117343012568571,0.101850758853648,0.0967499161367133,0.0966485158433126
"ORD-028201",2026-03-21,0,0.0969127712246978,0.157806315790055,0.112117696584353,0.0989612395558877,0.101471725540576
"ORD-028215",2026-03-21,0,0.0969127712246978,0.126949548472451,0.104456940037015,0.0967499161367133,0.0966485158433126
"ORD-028224",2026-03-21,1,0.0969127712246978,0.133160925751021,0.105915637741329,0.0967499161367133,0.0966485158433126
"ORD-028226",2026-03-21,0,0.0969127712246978,0.129877007868817,0.105462640246787,0.0967499161367133,0.0966485158433126
"ORD-028250",2026-03-21,0,0.0969127712246978,0.137268096239048,0.106998735673784,0.0967499161367133,0.0966485158433126
"ORD-028316",2026-03-21,0,0.0969127712246978,0.133160925751021,0.105915637741329,0.0967499161367133,0.0966485158433126
"ORD-028325",2026-03-21,0,0.0969127712246978,0.0622904760787081,0.0896032758797558,0.0967499161367133,0.0956981529605399
"ORD-028170",2026-03-21,0,0.0969127712246978,0.0898680545257543,0.0956572231946746,0.0967499161367133,0.0966485158433126
"ORD-028197",2026-03-21,0,0.0969127712246978,0.0944381293681449,0.0968376194498396,0.0967499161367133,0.0966485158433126
"ORD-028198",2026-03-21,0,0.0969127712246978,0.0953890672073654,0.0968973560985405,0.0967499161367133,0.0966485158433126
"ORD-028221",2026-03-21,0,0.0969127712246978,0.157806315790055,0.112117696584353,0.0989612395558877,0.101471725540576
"ORD-028230",2026-03-21,0,0.0969127712246978,0.0985580321137264,0.0978656826729238,0.0967499161367133,0.0966485158433126
"ORD-028238",2026-03-21,0,0.0969127712246978,0.0907244124905689,0.095944176633325,0.0967499161367133,0.0966485158433126
"ORD-028267",2026-03-21,0,0.0969127712246978,0.133160925751021,0.105915637741329,0.0967499161367133,0.0966485158433126
"ORD-028278",2026-03-21,0,0.0969127712246978,0.114575910605528,0.101309589107254,0.0967499161367133,0.0966485158433126
"ORD-028333",2026-03-21,0,0.0969127712246978,0.0941850531753552,0.0967748883206142,0.0967499161367133,0.0966485158433126
"ORD-028334",2026-03-21,0,0.0969127712246978,0.0718683406141246,0.0917954723788122,0.0967499161367133,0.0966485158433126
"ORD-028155",2026-03-21,1,0.0969127712246978,0.133160925751021,0.105915637741329,0.0967499161367133,0.0966485158433126
"ORD-028184",2026-03-21,0,0.0969127712246978,0.0918789199570854,0.0961333926390009,0.0967499161367133,0.0966485158433126
"ORD-028244",2026-03-21,0,0.0969127712246978,0.111568156507746,0.100676215774772,0.0967499161367133,0.0966485158433126
"ORD-028266",2026-03-21,0,0.0969127712246978,0.150826076646894,0.109982614552485,0.100541500134285,0.102408918308548
"ORD-028268",2026-03-21,0,0.0969127712246978,0.0982312530128427,0.097468153443665,0.0967499161367133,0.0966485158433126
"ORD-028269",2026-03-21,0,0.0969127712246978,0.097540723261953,0.0988117651634939,0.0967499161367133,0.0966485158433126
"ORD-028277",2026-03-21,0,0.0969127712246978,0.072026912626859,0.091903156730065,0.0967499161367133,0.0966485158433126
"ORD-028287",2026-03-21,0,0.0969127712246978,0.104356124001833,0.099232683553984,0.0967499161367133,0.0966485158433126
"ORD-028295",2026-03-21,0,0.0969127712246978,0.0918789199570854,0.0961333926390009,0.0967499161367133,0.0966485158433126
"ORD-028317",2026-03-21,0,0.0969127712246978,0.0941850531753552,0.0967748883206142,0.0967499161367133,0.0966485158433126
"ORD-028142",2026-03-21,0,0.0969127712246978,0.0898680545257543,0.0956572231946746,0.0967499161367133,0.0966485158433126
"ORD-028164",2026-03-21,0,0.0969127712246978,0.0732180804733419,0.0919958157743823,0.0967499161367133,0.0966485158433126
"ORD-028169",2026-03-21,0,0.0969127712246978,0.107447664127038,0.0999148074722374,0.0967499161367133,0.0966485158433126
"ORD-028173",2026-03-21,0,0.0969127712246978,0.111568156507746,0.100676215774772,0.0967499161367133,0.0966485158433126
"ORD-028174",2026-03-21,0,0.0969127712246978,0.102481750651101,0.0985296378523538,0.0967499161367133,0.0966485158433126
"ORD-028176",2026-03-21,0,0.0969127712246978,0.126853879841486,0.10441265697711,0.0967499161367133,0.0966485158433126
"ORD-028199",2026-03-21,0,0.0969127712246978,0.108272171897597,0.0998324667922205,0.0967499161367133,0.0966485158433126
"ORD-028209",2026-03-21,0,0.0969127712246978,0.107447664127038,0.0999148074722374,0.0967499161367133,0.0966485158433126
"ORD-028212",2026-03-21,1,0.0969127712246978,0.104356124001833,0.099232683553984,0.0967499161367133,0.0966485158433126
"ORD-028216",2026-03-21,0,0.0969127712246978,0.0505724474791486,0.0872411146240565,0.0967499161367133,0.0966485158433126
"ORD-028232",2026-03-21,0,0.0969127712246978,0.061734172957689,0.0896402520760376,0.0967499161367133,0.0966485158433126
"ORD-028259",2026-03-21,0,0.0969127712246978,0.0815049368142957,0.0936969873404329,0.0967499161367133,0.0966485158433126
"ORD-028262",2026-03-21,0,0.0969127712246978,0.114575910605528,0.101309589107254,0.0967499161367133,0.0966485158433126
"ORD-028272",2026-03-21,0,0.0969127712246978,0.125306333449389,0.10410962139793,0.0967499161367133,0.0966485158433126
"ORD-028284",2026-03-21,0,0.0969127712246978,0.0941850531753552,0.0967748883206142,0.0967499161367133,0.0966485158433126
"ORD-028299",2026-03-21,0,0.0969127712246978,0.159854213259517,0.112809134567418,0.0995408243258331,0.102132575198061
"ORD-028314",2026-03-21,0,0.0969127712246978,0.107170661375884,0.0997647347948685,0.0967499161367133,0.0966485158433126
"ORD-028320",2026-03-21,0,0.0969127712246978,0.114602455219448,0.101387508948407,0.0967499161367133,0.0966485158433126
"ORD-028171",2026-03-21,0,0.0969127712246978,0.0994650897527201,0.0981603799408573,0.0967499161367133,0.0966485158433126
"ORD-028309",2026-03-21,0,0.0969127712246978,0.125091000534521,0.10401367275257,0.0967499161367133,0.0966485158433126
"ORD-028319",2026-03-21,0,0.0969127712246978,0.0850434580313268,0.0949226800980162,0.0967499161367133,0.0966485158433126
"ORD-028123",2026-03-21,0,0.0969127712246978,0.122230382363038,0.103170972557002,0.0967499161367133,0.0966485158433126
"ORD-028133",2026-03-21,1,0.0969127712246978,0.103133523019896,0.0990542135502074,0.0967499161367133,0.0966485158433126
"ORD-028152",2026-03-21,1,0.0969127712246978,0.116195414713616,0.10193587738165,0.0967499161367133,0.0966485158433126
"ORD-028177",2026-03-21,0,0.0969127712246978,0.101698350898955,0.100096976888458,0.0967499161367133,0.0966485158433126
"ORD-028241",2026-03-21,0,0.0969127712246978,0.164065733453681,0.113554166980732,0.0989612395558877,0.101471725540576
"ORD-028245",2026-03-21,0,0.0969127712246978,0.081494821936611,0.0943251056541621,0.0967499161367133,0.0966485158433126
"ORD-028271",2026-03-21,0,0.0969127712246978,0.0737299505364681,0.0926474342703406,0.0967499161367133,0.0966485158433126
"ORD-028281",2026-03-21,0,0.0969127712246978,0.10678999605394,0.0999037362872899,0.0967499161367133,0.0966485158433126
"ORD-028127",2026-03-21,0,0.0969127712246978,0.0522182254804163,0.0882466077821991,0.0967499161367133,0.0966485158433126
"ORD-028138",2026-03-21,0,0.0969127712246978,0.135371396085756,0.106553681439157,0.0967499161367133,0.0966485158433126
"ORD-028228",2026-03-21,0,0.0969127712246978,0.0937326061871037,0.0969058168545115,0.0967499161367133,0.0966485158433126
"ORD-028255",2026-03-21,0,0.0969127712246978,0.142275239731635,0.10858103604674,0.0967499161367133,0.0966485158433126
"ORD-028279",2026-03-21,0,0.0969127712246978,0.16617883308813,0.114253323822237,0.0995408243258331,0.102132575198061
"ORD-028332",2026-03-21,0,0.0969127712246978,0.116693009706858,0.102202173379379,0.0967499161367133,0.0966485158433126
"ORD-028340",2026-03-22,0,0.0969127712246978,0.0900607547698487,0.0958164585038812,0.0967499161367133,0.0966485158433126
"ORD-028346",2026-03-22,1,0.0969127712246978,0.0598678190431321,0.0890964155750757,0.0967499161367133,0.0966485158433126
"ORD-028356",2026-03-22,0,0.0969127712246978,0.103008503667635,0.0988182718983181,0.0967499161367133,0.0966485158433126
"ORD-028358",2026-03-22,0,0.0969127712246978,0.120488514794694,0.102438297750883,0.0967499161367133,0.0966485158433126
"ORD-028370",2026-03-22,0,0.0969127712246978,0.100102138611348,0.0982378486506552,0.0967499161367133,0.0966485158433126
"ORD-028399",2026-03-22,0,0.0969127712246978,0.112364175049151,0.100977496454765,0.0967499161367133,0.0966485158433126
"ORD-028410",2026-03-22,0,0.0969127712246978,0.0567277226946863,0.0885424654860684,0.0967499161367133,0.0966485158433126
"ORD-028412",2026-03-22,0,0.0969127712246978,0.0765230338077349,0.0927983562488461,0.0967499161367133,0.0966485158433126
"ORD-028413",2026-03-22,1,0.0969127712246978,0.0963007135507345,0.0971472918075265,0.0967499161367133,0.0966485158433126
"ORD-028441",2026-03-22,0,0.0969127712246978,0.0798740032273706,0.093387255682577,0.0967499161367133,0.0966485158433126
"ORD-028492",2026-03-22,0,0.0969127712246978,0.0567277226946863,0.0885424654860684,0.0967499161367133,0.0966485158433126
"ORD-028499",2026-03-22,0,0.0969127712246978,0.118373464210423,0.102441446517456,0.0967499161367133,0.0966485158433126
"ORD-028500",2026-03-22,0,0.0969127712246978,0.102318870390794,0.0989066497198825,0.0967499161367133,0.0966485158433126
"ORD-028507",2026-03-22,0,0.0969127712246978,0.061018485915638,0.089305743226081,0.0967499161367133,0.0956981529605399
"ORD-028539",2026-03-22,1,0.0969127712246978,0.100476983784029,0.0982056620746813,0.0967499161367133,0.0966485158433126
"ORD-028544",2026-03-22,0,0.0969127712246978,0.156923345583975,0.112444062881647,0.0995408243258331,0.102132575198061
"ORD-028550",2026-03-22,0,0.0969127712246978,0.108565320159384,0.100310229045137,0.0967499161367133,0.0966485158433126
"ORD-028556",2026-03-22,0,0.0969127712246978,0.124532550845764,0.104115725627511,0.0967499161367133,0.0966485158433126
"ORD-028558",2026-03-22,0,0.0969127712246978,0.156923345583975,0.112444062881647,0.0995408243258331,0.102132575198061
"ORD-028577",2026-03-22,0,0.0969127712246978,0.109407307382049,0.100345967494986,0.0967499161367133,0.0966485158433126
"ORD-028589",2026-03-22,1,0.0969127712246978,0.0925744833591042,0.0965186115297025,0.0967499161367133,0.0966485158433126
"ORD-028596",2026-03-22,0,0.0969127712246978,0.14508253094439,0.108586595665809,0.0967499161367133,0.0966485158433126
"ORD-028361",2026-03-22,0,0.0969127712246978,0.0756005171646925,0.0926000682815908,0.0967499161367133,0.0966485158433126
"ORD-028387",2026-03-22,1,0.0969127712246978,0.0717400171937041,0.0916911387002861,0.0967499161367133,0.0966485158433126
"ORD-028418",2026-03-22,0,0.0969127712246978,0.154906072557943,0.111754580661351,0.0989612395558877,0.101471725540576
"ORD-028425",2026-03-22,0,0.0969127712246978,0.069024468886829,0.0911689534791041,0.0967499161367133,0.0966485158433126
"ORD-028479",2026-03-22,0,0.0969127712246978,0.124532550845764,0.104115725627511,0.0967499161367133,0.0966485158433126
"ORD-028503",2026-03-22,0,0.0969127712246978,0.0717400171937041,0.0916911387002861,0.0967499161367133,0.0966485158433126
"ORD-028504",2026-03-22,0,0.0969127712246978,0.102318870390794,0.0989066497198825,0.0967499161367133,0.0966485158433126
"ORD-028527",2026-03-22,0,0.0969127712246978,0.0963007135507345,0.0971472918075265,0.0967499161367133,0.0966485158433126
"ORD-028531",2026-03-22,0,0.0969127712246978,0.0541556625600736,0.0879377945022102,0.0967499161367133,0.0966485158433126
"ORD-028541",2026-03-22,0,0.0969127712246978,0.113309960272497,0.101255340706022,0.0967499161367133,0.0966485158433126
"ORD-028588",2026-03-22,0,0.0969127712246978,0.0705710645779117,0.0915987555723924,0.0967499161367133,0.0966485158433126
"ORD-028595",2026-03-22,1,0.0969127712246978,0.0753527456006604,0.0928669108903198,0.0967499161367133,0.0966485158433126
"ORD-028615",2026-03-22,0,0.0969127712246978,0.127569244109676,0.104851914912603,0.0967499161367133,0.0966485158433126
"ORD-028349",2026-03-22,0,0.0969127712246978,0.0717400171937041,0.0916911387002861,0.0967499161367133,0.0966485158433126
"ORD-028350",2026-03-22,0,0.0969127712246978,0.088085821987381,0.0953416933124762,0.0967499161367133,0.0966485158433126
"ORD-028353",2026-03-22,0,0.0969127712246978,0.101063405956414,0.0985240964365023,0.0967499161367133,0.0966485158433126
"ORD-028392",2026-03-22,1,0.0969127712246978,0.101063405956414,0.0985240964365023,0.0967499161367133,0.0966485158433126
"ORD-028407",2026-03-22,0,0.0969127712246978,0.112364175049151,0.100977496454765,0.0967499161367133,0.0966485158433126
"ORD-028408",2026-03-22,0,0.0969127712246978,0.17079568652319,0.115257465379949,0.0967499161367133,0.0966485158433126
"ORD-028423",2026-03-22,0,0.0969127712246978,0.100443771783996,0.0982964911478507,0.0967499161367133,0.0966485158433126
"ORD-028431",2026-03-22,0,0.0969127712246978,0.154906072557943,0.111754580661351,0.0989612395558877,0.101471725540576
"ORD-028432",2026-03-22,0,0.0969127712246978,0.0935085931181605,0.0965781724337625,0.0967499161367133,0.0966485158433126
"ORD-028437",2026-03-22,0,0.0969127712246978,0.118373464210423,0.102441446517456,0.0967499161367133,0.0966485158433126
"ORD-028450",2026-03-22,0,0.0969127712246978,0.100476983784029,0.0982056620746813,0.0967499161367133,0.0966485158433126
"ORD-028465",2026-03-22,0,0.0969127712246978,0.0847972036262043,0.0946129649438602,0.0967499161367133,0.0966485158433126
"ORD-028468",2026-03-22,0,0.0969127712246978,0.130643365698879,0.105570220122194,0.0967499161367133,0.0966485158433126
"ORD-028480",2026-03-22,0,0.0969127712246978,0.0773237065209032,0.0931748571698182,0.0967499161367133,0.0966485158433126
"ORD-028481",2026-03-22,0,0.0969127712246978,0.0854353776264856,0.0947421409428775,0.0967499161367133,0.0966485158433126
"ORD-028484",2026-03-22,0,0.0969127712246978,0.0567277226946863,0.0885424654860684,0.0967499161367133,0.0966485158433126
"ORD-028486",2026-03-22,0,0.0969127712246978,0.127353919456125,0.104627238137692,0.0967499161367133,0.0966485158433126
"ORD-028505",2026-03-22,0,0.0969127712246978,0.0956223157369509,0.0984869630703236,0.0967499161367133,0.0966485158433126
"ORD-028526",2026-03-22,0,0.0969127712246978,0.134684950390445,0.106650207141568,0.0967499161367133,0.0966485158433126
"ORD-028543",2026-03-22,0,0.0969127712246978,0.103008503667635,0.0988182718983181,0.0967499161367133,0.0966485158433126
"ORD-028552",2026-03-22,0,0.0969127712246978,0.0717400171937041,0.0916911387002861,0.0967499161367133,0.0966485158433126
"ORD-028559",2026-03-22,0,0.0969127712246978,0.109830641570731,0.100562082345835,0.0967499161367133,0.0966485158433126
"ORD-028563",2026-03-22,0,0.0969127712246978,0.115258889027376,0.101747283992693,0.0967499161367133,0.0966485158433126
"ORD-028564",2026-03-22,0,0.0969127712246978,0.102318870390794,0.0989066497198825,0.0967499161367133,0.0966485158433126
"ORD-028584",2026-03-22,0,0.0969127712246978,0.154906072557943,0.111754580661351,0.0989612395558877,0.101471725540576
"ORD-028598",2026-03-22,0,0.0969127712246978,0.105357156622338,0.0995867802632453,0.0967499161367133,0.0966485158433126
"ORD-028609",2026-03-22,0,0.0969127712246978,0.0689142250636833,0.0912641375454745,0.0967499161367133,0.0966485158433126
"ORD-028613",2026-03-22,0,0.0969127712246978,0.105357156622338,0.0995867802632453,0.0967499161367133,0.0966485158433126
"ORD-028616",2026-03-22,0,0.0969127712246978,0.12443844403872,0.104071570410469,0.0967499161367133,0.0966485158433126
"ORD-028344",2026-03-22,0,0.0969127712246978,0.112364175049151,0.100977496454765,0.0967499161367133,0.0966485158433126
"ORD-028360",2026-03-22,0,0.0969127712246978,0.14508253094439,0.108586595665809,0.0967499161367133,0.0966485158433126
"ORD-028364",2026-03-22,0,0.0969127712246978,0.109407307382049,0.100345967494986,0.0967499161367133,0.0966485158433126
"ORD-028409",2026-03-22,0,0.0969127712246978,0.100102138611348,0.0982378486506552,0.0967499161367133,0.0966485158433126
"ORD-028426",2026-03-22,0,0.0969127712246978,0.0966217585779758,0.0975436538211482,0.0967499161367133,0.0966485158433126
"ORD-028428",2026-03-22,0,0.0969127712246978,0.127569244109676,0.104851914912603,0.0967499161367133,0.0966485158433126
"ORD-028442",2026-03-22,0,0.0969127712246978,0.115258889027376,0.101747283992693,0.0967499161367133,0.0966485158433126
"ORD-028453",2026-03-22,0,0.0969127712246978,0.101063405956414,0.0985240964365023,0.0967499161367133,0.0966485158433126
"ORD-028516",2026-03-22,0,0.0969127712246978,0.0570796504322294,0.0885193419907879,0.0967499161367133,0.0966485158433126
"ORD-028519",2026-03-22,0,0.0969127712246978,0.105084908731276,0.0994371458537886,0.0967499161367133,0.0966485158433126
"ORD-028520",2026-03-22,0,0.0969127712246978,0.061018485915638,0.089305743226081,0.0967499161367133,0.0956981529605399
"ORD-028525",2026-03-22,0,0.0969127712246978,0.111939727440494,0.100830798655844,0.0967499161367133,0.0966485158433126
"ORD-028551",2026-03-22,0,0.0969127712246978,0.092325892200898,0.09645606498279,0.0967499161367133,0.0966485158433126
"ORD-028569",2026-03-22,0,0.0969127712246978,0.109407307382049,0.100345967494986,0.0967499161367133,0.0966485158433126
"ORD-028572",2026-03-22,1,0.0969127712246978,0.103008503667635,0.0988182718983181,0.0967499161367133,0.0966485158433126
"ORD-028593",2026-03-22,1,0.0969127712246978,0.100102138611348,0.0982378486506552,0.0967499161367133,0.0966485158433126
"ORD-028594",2026-03-22,1,0.0969127712246978,0.112364175049151,0.100977496454765,0.0967499161367133,0.0966485158433126
"ORD-028605",2026-03-22,0,0.0969127712246978,0.124532550845764,0.104115725627511,0.0967499161367133,0.0966485158433126
"ORD-028343",2026-03-22,0,0.0969127712246978,0.100102138611348,0.0982378486506552,0.0967499161367133,0.0966485158433126
"ORD-028372",2026-03-22,0,0.0969127712246978,0.061018485915638,0.089305743226081,0.0967499161367133,0.0956981529605399
"ORD-028388",2026-03-22,0,0.0969127712246978,0.0773237065209032,0.0931748571698182,0.0967499161367133,0.0966485158433126
"ORD-028401",2026-03-22,0,0.0969127712246978,0.156923345583975,0.112444062881647,0.0995408243258331,0.102132575198061
"ORD-028417",2026-03-22,0,0.0969127712246978,0.100476983784029,0.0982056620746813,0.0967499161367133,0.0966485158433126
"ORD-028422",2026-03-22,0,0.0969127712246978,0.115258889027376,0.101747283992693,0.0967499161367133,0.0966485158433126
"ORD-028433",2026-03-22,0,0.0969127712246978,0.134684950390445,0.106650207141568,0.0967499161367133,0.0966485158433126
"ORD-028456",2026-03-22,0,0.0969127712246978,0.0567277226946863,0.0885424654860684,0.0967499161367133,0.0966485158433126
"ORD-028466",2026-03-22,0,0.0969127712246978,0.101063405956414,0.0985240964365023,0.0967499161367133,0.0966485158433126
"ORD-028497",2026-03-22,0,0.0969127712246978,0.076948395118036,0.0929366428945419,0.0967499161367133,0.0966485158433126
"ORD-028509",2026-03-22,0,0.0969127712246978,0.0773237065209032,0.0931748571698182,0.0967499161367133,0.0966485158433126
"ORD-028521",2026-03-22,0,0.0969127712246978,0.0570796504322294,0.0885193419907879,0.0967499161367133,0.0966485158433126
"ORD-028522",2026-03-22,0,0.0969127712246978,0.115258889027376,0.101747283992693,0.0967499161367133,0.0966485158433126
"ORD-028534",2026-03-22,0,0.0969127712246978,0.092325892200898,0.09645606498279,0.0967499161367133,0.0966485158433126
"ORD-028553",2026-03-22,0,0.0969127712246978,0.0489373650235771,0.0868088147935686,0.0967499161367133,0.0966485158433126
"ORD-028561",2026-03-22,0,0.0969127712246978,0.0598678190431321,0.0890964155750757,0.0967499161367133,0.0966485158433126
"ORD-028562",2026-03-22,0,0.0969127712246978,0.0705710645779117,0.0915987555723924,0.0967499161367133,0.0966485158433126
"ORD-028566",2026-03-22,0,0.0969127712246978,0.12443844403872,0.104071570410469,0.0967499161367133,0.0966485158433126
"ORD-028581",2026-03-22,0,0.0969127712246978,0.11846524825526,0.102610439715772,0.0967499161367133,0.0966485158433126
"ORD-028583",2026-03-22,0,0.0969127712246978,0.122916216431808,0.103769410061854,0.0967499161367133,0.0966485158433126
"ORD-028592",2026-03-22,0,0.0969127712246978,0.088085821987381,0.0953416933124762,0.0967499161367133,0.0966485158433126
"ORD-028599",2026-03-22,0,0.0969127712246978,0.076948395118036,0.0929366428945419,0.0967499161367133,0.0966485158433126
"ORD-028611",2026-03-22,0,0.0969127712246978,0.0567277226946863,0.0885424654860684,0.0967499161367133,0.0966485158433126
"ORD-028369",2026-03-22,0,0.0969127712246978,0.137042539924475,0.105925476817863,0.0967499161367133,0.0966485158433126
"ORD-028373",2026-03-22,0,0.0969127712246978,0.11108077254827,0.100052485987676,0.0967499161367133,0.0966485158433126
"ORD-028375",2026-03-22,0,0.0969127712246978,0.12415828023701,0.103013898920711,0.0967499161367133,0.0966485158433126
"ORD-028390",2026-03-22,0,0.0969127712246978,0.123972637763744,0.102781169883258,0.0967499161367133,0.0966485158433126
"ORD-028391",2026-03-22,0,0.0969127712246978,0.108339330437033,0.0995249080488397,0.0967499161367133,0.0966485158433126
"ORD-028406",2026-03-22,0,0.0969127712246978,0.109001770022252,0.0997550430596102,0.0967499161367133,0.0966485158433126
"ORD-028427",2026-03-22,0,0.0969127712246978,0.108339330437033,0.0995249080488397,0.0967499161367133,0.0966485158433126
"ORD-028434",2026-03-22,0,0.0969127712246978,0.0536590143674594,0.0880511498158397,0.0967499161367133,0.0966485158433126
"ORD-028478",2026-03-22,0,0.0969127712246978,0.127478688364479,0.103715705055726,0.0967499161367133,0.0966485158433126
"ORD-028491",2026-03-22,0,0.0969127712246978,0.132318423261021,0.105058253540168,0.0967499161367133,0.0966485158433126
"ORD-028540",2026-03-22,0,0.0969127712246978,0.0761504027261654,0.0926435027686266,0.0967499161367133,0.0966485158433126
"ORD-028545",2026-03-22,0,0.0969127712246978,0.129732487685114,0.103712521647724,0.0967499161367133,0.0966485158433126
"ORD-028548",2026-03-22,0,0.0969127712246978,0.103908218439422,0.0983629137438837,0.0967499161367133,0.0966485158433126
"ORD-028555",2026-03-22,1,0.0969127712246978,0.126868137419615,0.103621054045445,0.0967499161367133,0.0966485158433126
"ORD-028338",2026-03-22,0,0.0969127712246978,0.117016241771883,0.101560977261622,0.0967499161367133,0.0966485158433126
"ORD-028355",2026-03-22,0,0.0969127712246978,0.137042539924475,0.105925476817863,0.0967499161367133,0.0966485158433126
"ORD-028376",2026-03-22,0,0.0969127712246978,0.0660424762232948,0.0904330707593137,0.0967499161367133,0.0956981529605399
"ORD-028378",2026-03-22,0,0.0969127712246978,0.108374838599616,0.099433069049372,0.0967499161367133,0.0966485158433126
"ORD-028382",2026-03-22,0,0.0969127712246978,0.0951126732028078,0.09653713729352,0.0967499161367133,0.0966485158433126
"ORD-028383",2026-03-22,0,0.0969127712246978,0.0972283543172714,0.0970172169440322,0.0967499161367133,0.0966485158433126
"ORD-028397",2026-03-22,0,0.0969127712246978,0.0614215399082776,0.0896611065874495,0.0967499161367133,0.0966485158433126
"ORD-028411",2026-03-22,0,0.0969127712246978,0.0660424762232948,0.0904330707593137,0.0967499161367133,0.0956981529605399
"ORD-028420",2026-03-22,0,0.0969127712246978,0.0775738412590553,0.0928455077791898,0.0967499161367133,0.0966485158433126
"ORD-028436",2026-03-22,0,0.0969127712246978,0.0586498925228691,0.0890495425893969,0.0967499161367133,0.0966485158433126
"ORD-028461",2026-03-22,0,0.0969127712246978,0.104636022909439,0.0986782534875103,0.0967499161367133,0.0966485158433126
"ORD-028477",2026-03-22,0,0.0969127712246978,0.133939308885111,0.105363725595891,0.0967499161367133,0.0966485158433126
"ORD-028482",2026-03-22,0,0.0969127712246978,0.129015491058078,0.104321072174643,0.0967499161367133,0.0966485158433126
"ORD-028523",2026-03-22,0,0.0969127712246978,0.0814545735946045,0.0940345501758586,0.0967499161367133,0.0966485158433126
"ORD-028530",2026-03-22,0,0.0969127712246978,0.0746552272479598,0.0923174165511136,0.0967499161367133,0.0966485158433126
"ORD-028535",2026-03-22,0,0.0969127712246978,0.117863199118061,0.101550212774461,0.0967499161367133,0.0966485158433126
"ORD-028542",2026-03-22,0,0.0969127712246978,0.0654550037631262,0.0904703553548102,0.0967499161367133,0.0966485158433126
"ORD-028546",2026-03-22,0,0.0969127712246978,0.13557972209966,0.10586358490635,0.0967499161367133,0.0966485158433126
"ORD-028549",2026-03-22,0,0.0969127712246978,0.168427322745296,0.113826963988398,0.0995408243258331,0.102132575198061
"ORD-028578",2026-03-22,0,0.0969127712246978,0.123972637763744,0.102781169883258,0.0967499161367133,0.0966485158433126
"ORD-028590",2026-03-22,0,0.0969127712246978,0.137271668857936,0.106152610915807,0.0967499161367133,0.0966485158433126
"ORD-028608",2026-03-22,0,0.0969127712246978,0.0761504027261654,0.0926435027686266,0.0967499161367133,0.0966485158433126
"ORD-028351",2026-03-22,0,0.0969127712246978,0.0960137352340053,0.0968264476919912,0.0967499161367133,0.0966485158433126
"ORD-028362",2026-03-22,0,0.0969127712246978,0.140541931946051,0.106878762846085,0.0967499161367133,0.0966485158433126
"ORD-028371",2026-03-22,0,0.0969127712246978,0.12415828023701,0.103013898920711,0.0967499161367133,0.0966485158433126
"ORD-028380",2026-03-22,0,0.0969127712246978,0.132318423261021,0.105058253540168,0.0967499161367133,0.0966485158433126
"ORD-028384",2026-03-22,0,0.0969127712246978,0.104636022909439,0.0986782534875103,0.0967499161367133,0.0966485158433126
"ORD-028454",2026-03-22,0,0.0969127712246978,0.0951126732028078,0.09653713729352,0.0967499161367133,0.0966485158433126
"ORD-028460",2026-03-22,0,0.0969127712246978,0.117016241771883,0.101560977261622,0.0967499161367133,0.0966485158433126
"ORD-028488",2026-03-22,0,0.0969127712246978,0.0827111510641808,0.0939652228648973,0.0967499161367133,0.0966485158433126
"ORD-028493",2026-03-22,0,0.0969127712246978,0.0831678118721244,0.0941050679842919,0.0967499161367133,0.0966485158433126
"ORD-028506",2026-03-22,0,0.0969127712246978,0.0745367101745687,0.0924136777357755,0.0967499161367133,0.0966485158433126
"ORD-028515",2026-03-22,1,0.0969127712246978,0.144838720811217,0.107970520367715,0.0967499161367133,0.0966485158433126
"ORD-028532",2026-03-22,1,0.0969127712246978,0.123972637763744,0.102781169883258,0.0967499161367133,0.0966485158433126
"ORD-028547",2026-03-22,0,0.0969127712246978,0.120617777828139,0.102087301234459,0.0967499161367133,0.0966485158433126
"ORD-028610",2026-03-22,0,0.0969127712246978,0.113590170463343,0.100829518885959,0.0967499161367133,0.0966485158433126
"ORD-028357",2026-03-22,1,0.0969127712246978,0.0831678118721244,0.0941050679842919,0.0967499161367133,0.0966485158433126
"ORD-028374",2026-03-22,0,0.0969127712246978,0.127478688364479,0.103715705055726,0.0967499161367133,0.0966485158433126
"ORD-028395",2026-03-22,1,0.0969127712246978,0.15900663738729,0.110978131562557,0.100541500134285,0.102408918308548
"ORD-028414",2026-03-22,0,0.0969127712246978,0.121070644454476,0.102235619255212,0.0967499161367133,0.0966485158433126
"ORD-028415",2026-03-22,0,0.0969127712246978,0.0817206356775277,0.0937646992808823,0.0967499161367133,0.0966485158433126
"ORD-028419",2026-03-22,0,0.0969127712246978,0.0951126732028078,0.09653713729352,0.0967499161367133,0.0966485158433126
"ORD-028444",2026-03-22,0,0.0969127712246978,0.108374838599616,0.099433069049372,0.0967499161367133,0.0966485158433126
"ORD-028459",2026-03-22,0,0.0969127712246978,0.121070644454476,0.102235619255212,0.0967499161367133,0.0966485158433126
"ORD-028469",2026-03-22,0,0.0969127712246978,0.108339330437033,0.0995249080488397,0.0967499161367133,0.0966485158433126
"ORD-028498",2026-03-22,0,0.0969127712246978,0.0835707116859481,0.0943459656483968,0.0967499161367133,0.0966485158433126
"ORD-028510",2026-03-22,0,0.0969127712246978,0.0960137352340053,0.0968264476919912,0.0967499161367133,0.0966485158433126
"ORD-028514",2026-03-22,0,0.0969127712246978,0.15900663738729,0.110978131562557,0.100541500134285,0.102408918308548
"ORD-028524",2026-03-22,0,0.0969127712246978,0.0960137352340053,0.0968264476919912,0.0967499161367133,0.0966485158433126
"ORD-028576",2026-03-22,0,0.0969127712246978,0.122079634321277,0.102516530538584,0.0967499161367133,0.0966485158433126
"ORD-028580",2026-03-22,0,0.0969127712246978,0.11329934231855,0.100678225982843,0.0967499161367133,0.0966485158433126
"ORD-028586",2026-03-22,0,0.0969127712246978,0.0915880609323565,0.0958002393437481,0.0967499161367133,0.0966485158433126
"ORD-028591",2026-03-22,0,0.0969127712246978,0.0660424762232948,0.0904330707593137,0.0967499161367133,0.0956981529605399
"ORD-028365",2026-03-22,1,0.0969127712246978,0.183095776280587,0.11667041898749,0.0967499161367133,0.0966485158433126
"ORD-028404",2026-03-22,0,0.0969127712246978,0.117863199118061,0.101550212774461,0.0967499161367133,0.0966485158433126
"ORD-028405",2026-03-22,0,0.0969127712246978,0.137271668857936,0.106152610915807,0.0967499161367133,0.0966485158433126
"ORD-028474",2026-03-22,0,0.0969127712246978,0.11329934231855,0.100678225982843,0.0967499161367133,0.0966485158433126
"ORD-028494",2026-03-22,0,0.0969127712246978,0.109001770022252,0.0997550430596102,0.0967499161367133,0.0966485158433126
"ORD-028512",2026-03-22,0,0.0969127712246978,0.117915101222509,0.101597111006101,0.0967499161367133,0.0966485158433126
"ORD-028513",2026-03-22,0,0.0969127712246978,0.0660424762232948,0.0904330707593137,0.0967499161367133,0.0956981529605399
"ORD-028537",2026-03-22,0,0.0969127712246978,0.0972283543172714,0.0970172169440322,0.0967499161367133,0.0966485158433126
"ORD-028560",2026-03-22,1,0.0969127712246978,0.10092015985193,0.0977874441996539,0.0967499161367133,0.0966485158433126
"ORD-028579",2026-03-22,0,0.0969127712246978,0.132318423261021,0.105058253540168,0.0967499161367133,0.0966485158433126
"ORD-028582",2026-03-22,1,0.0969127712246978,0.0648036070812886,0.0902213624944076,0.0967499161367133,0.0966485158433126
"ORD-028607",2026-03-22,0,0.0969127712246978,0.103908218439422,0.0983629137438837,0.0967499161367133,0.0966485158433126
"ORD-028342",2026-03-22,0,0.0969127712246978,0.0875367161904556,0.0953460023554042,0.0967499161367133,0.0966485158433126
"ORD-028368",2026-03-22,0,0.0969127712246978,0.0625603554678768,0.089878394710306,0.0967499161367133,0.0956981529605399
"ORD-028400",2026-03-22,0,0.0969127712246978,0.115071168241375,0.101694768495856,0.0967499161367133,0.0966485158433126
"ORD-028416",2026-03-22,0,0.0969127712246978,0.0997891894300809,0.0982403268968888,0.0967499161367133,0.0966485158433126
"ORD-028430",2026-03-22,0,0.0969127712246978,0.0708702318482203,0.0917654862745917,0.0967499161367133,0.0966485158433126
"ORD-028451",2026-03-22,0,0.0969127712246978,0.148412859698647,0.109268046969864,0.0967499161367133,0.0966485158433126
"ORD-028472",2026-03-22,0,0.0969127712246978,0.0818507980816292,0.0939833779656071,0.0967499161367133,0.0966485158433126
"ORD-028476",2026-03-22,0,0.0969127712246978,0.112026029729186,0.100981561951565,0.0967499161367133,0.0966485158433126
"ORD-028508",2026-03-22,0,0.0969127712246978,0.0735315921394585,0.0922775360879379,0.0967499161367133,0.0966485158433126
"ORD-028518",2026-03-22,0,0.0969127712246978,0.0922643805731869,0.0964264379586213,0.0967499161367133,0.0966485158433126
"ORD-028567",2026-03-22,0,0.0969127712246978,0.114611264031861,0.101469117686912,0.0967499161367133,0.0966485158433126
"ORD-028597",2026-03-22,0,0.0969127712246978,0.130398991713348,0.105780795894538,0.0967499161367133,0.0966485158433126
"ORD-028614",2026-03-22,0,0.0969127712246978,0.0625603554678768,0.089878394710306,0.0967499161367133,0.0956981529605399
"ORD-028339",2026-03-22,0,0.0969127712246978,0.110849019971901,0.100456855399027,0.0967499161367133,0.0966485158433126
"ORD-028347",2026-03-22,0,0.0969127712246978,0.108718173739369,0.100135538856886,0.0967499161367133,0.0966485158433126
"ORD-028348",2026-03-22,0,0.0969127712246978,0.107890680530659,0.100218101677402,0.0967499161367133,0.0966485158433126
"ORD-028352",2026-03-22,0,0.0969127712246978,0.0986404689051297,0.0977648274502394,0.0967499161367133,0.0966485158433126
"ORD-028359",2026-03-22,0,0.0969127712246978,0.130558953743526,0.105512702872512,0.0967499161367133,0.0966485158433126
"ORD-028366",2026-03-22,0,0.0969127712246978,0.112026029729186,0.100981561951565,0.0967499161367133,0.0966485158433126
"ORD-028393",2026-03-22,0,0.0969127712246978,0.151417604507257,0.110312724357393,0.100541500134285,0.102408918308548
"ORD-028394",2026-03-22,0,0.0969127712246978,0.127461490184787,0.104772417078339,0.0967499161367133,0.0966485158433126
"ORD-028403",2026-03-22,0,0.0969127712246978,0.102906652796619,0.0988291890138486,0.0967499161367133,0.0966485158433126
"ORD-028435",2026-03-22,0,0.0969127712246978,0.10549220914652,0.0994452594940695,0.0967499161367133,0.0966485158433126
"ORD-028446",2026-03-22,0,0.0969127712246978,0.128937379373086,0.105225214059687,0.0967499161367133,0.0966485158433126
"ORD-028447",2026-03-22,0,0.0969127712246978,0.148412859698647,0.109268046969864,0.0967499161367133,0.0966485158433126
"ORD-028457",2026-03-22,0,0.0969127712246978,0.0585281938366082,0.0890874441535856,0.0967499161367133,0.0966485158433126
"ORD-028487",2026-03-22,0,0.0969127712246978,0.102523776467704,0.0988615575453097,0.0967499161367133,0.0966485158433126
"ORD-028538",2026-03-22,0,0.0969127712246978,0.110849019971901,0.100456855399027,0.0967499161367133,0.0966485158433126
"ORD-028554",2026-03-22,1,0.0969127712246978,0.0721765229391307,0.0920766413912637,0.0967499161367133,0.0966485158433126
"ORD-028574",2026-03-22,0,0.0969127712246978,0.095787700681379,0.0971924798074371,0.0967499161367133,0.0966485158433126
"ORD-028575",2026-03-22,0,0.0969127712246978,0.160474457519551,0.113146649571114,0.0995408243258331,0.102132575198061
"ORD-028602",2026-03-22,0,0.0969127712246978,0.158420112393888,0.112453405081489,0.0989612395558877,0.101471725540576
"ORD-028603",2026-03-22,0,0.0969127712246978,0.11197639072555,0.100934915940138,0.0967499161367133,0.0966485158433126
"ORD-028354",2026-03-22,0,0.0969127712246978,0.151417604507257,0.110312724357393,0.100541500134285,0.102408918308548
"ORD-028381",2026-03-22,0,0.0969127712246978,0.115044529168968,0.101616639218093,0.0967499161367133,0.0966485158433126
"ORD-028396",2026-03-22,0,0.0969127712246978,0.130558953743526,0.105512702872512,0.0967499161367133,0.0966485158433126
"ORD-028424",2026-03-22,0,0.0969127712246978,0.130558953743526,0.105512702872512,0.0967499161367133,0.0966485158433126
"ORD-028473",2026-03-22,0,0.0969127712246978,0.111166404701088,0.100945622532929,0.0967499161367133,0.0966485158433126
"ORD-028475",2026-03-22,1,0.0969127712246978,0.100686136920332,0.0983032573545496,0.0967499161367133,0.0966485158433126
"ORD-028483",2026-03-22,0,0.0969127712246978,0.115044529168968,0.101616639218093,0.0967499161367133,0.0966485158433126
"ORD-028489",2026-03-22,0,0.0969127712246978,0.114611264031861,0.101469117686912,0.0967499161367133,0.0966485158433126
"ORD-028496",2026-03-22,0,0.0969127712246978,0.0922643805731869,0.0964264379586213,0.0967499161367133,0.0966485158433126
"ORD-028517",2026-03-22,1,0.0969127712246978,0.0706406013488393,0.0918480802497173,0.0967499161367133,0.0966485158433126
"ORD-028533",2026-03-22,1,0.0969127712246978,0.121177595651492,0.103088792907219,0.0967499161367133,0.0966485158433126
"ORD-028573",2026-03-22,0,0.0969127712246978,0.11799911475467,0.102390744244693,0.0967499161367133,0.0966485158433126
"ORD-028600",2026-03-22,0,0.0969127712246978,0.0945791811086244,0.0970696791173183,0.0967499161367133,0.0966485158433126
"ORD-028604",2026-03-22,0,0.0969127712246978,0.112458217152988,0.101198891700305,0.0967499161367133,0.0966485158433126
"ORD-028612",2026-03-22,0,0.0969127712246978,0.127365492038998,0.104728015916629,0.0967499161367133,0.0966485158433126
"ORD-028341",2026-03-22,0,0.0969127712246978,0.0818507980816292,0.0939833779656071,0.0967499161367133,0.0966485158433126
"ORD-028389",2026-03-22,0,0.0969127712246978,0.098968459913367,0.0981634350755692,0.0967499161367133,0.0966485158433126
"ORD-028402",2026-03-22,0,0.0969127712246978,0.125812603592038,0.104424171793305,0.0967499161367133,0.0966485158433126
"ORD-028429",2026-03-22,0,0.0969127712246978,0.000000521489321516972,0.0775353656846104,0.0967499161367133,0.0966485158433126
"ORD-028438",2026-03-22,0,0.0969127712246978,0.102872729532318,0.0989205315195249,0.0967499161367133,0.0966485158433126
"ORD-028439",2026-03-22,0,0.0969127712246978,0.10549220914652,0.0994452594940695,0.0967499161367133,0.0966485158433126
"ORD-028440",2026-03-22,0,0.0969127712246978,0.122649114217522,0.10369092419657,0.0967499161367133,0.0966485158433126
"ORD-028443",2026-03-22,0,0.0969127712246978,0.103505623739729,0.0991494228869526,0.0967499161367133,0.0966485158433126
"ORD-028448",2026-03-22,1,0.0969127712246978,0.0507943075046141,0.0875096778083573,0.0967499161367133,0.0966485158433126
"ORD-028455",2026-03-22,0,0.0969127712246978,0.11197639072555,0.100934915940138,0.0967499161367133,0.0966485158433126
"ORD-028462",2026-03-22,1,0.0969127712246978,0.0922643805731869,0.0964264379586213,0.0967499161367133,0.0966485158433126
"ORD-028463",2026-03-22,0,0.0969127712246978,0.0875367161904556,0.0953460023554042,0.0967499161367133,0.0966485158433126
"ORD-028467",2026-03-22,0,0.0969127712246978,0.121177595651492,0.103088792907219,0.0967499161367133,0.0966485158433126
"ORD-028471",2026-03-22,0,0.0969127712246978,0.102906652796619,0.0988291890138486,0.0967499161367133,0.0966485158433126
"ORD-028485",2026-03-22,0,0.0969127712246978,0.121177595651492,0.103088792907219,0.0967499161367133,0.0966485158433126
"ORD-028501",2026-03-22,0,0.0969127712246978,0.115071168241375,0.101694768495856,0.0967499161367133,0.0966485158433126
"ORD-028502",2026-03-22,0,0.0969127712246978,0.107890680530659,0.100218101677402,0.0967499161367133,0.0966485158433126
"ORD-028511",2026-03-22,0,0.0969127712246978,0.070753397035404,0.0917523486507716,0.0967499161367133,0.0966485158433126
"ORD-028529",2026-03-22,0,0.0969127712246978,0.117821442655849,0.102159262698226,0.0967499161367133,0.0966485158433126
"ORD-028570",2026-03-22,0,0.0969127712246978,0.116009926704864,0.10189604277537,0.0967499161367133,0.0966485158433126
"ORD-028585",2026-03-22,0,0.0969127712246978,0.0875367161904556,0.0953460023554042,0.0967499161367133,0.0966485158433126
"ORD-028587",2026-03-22,0,0.0969127712246978,0.0721765229391307,0.0920766413912637,0.0967499161367133,0.0966485158433126
"ORD-028601",2026-03-22,1,0.0969127712246978,0.0735315921394585,0.0922775360879379,0.0967499161367133,0.0966485158433126
"ORD-028606",2026-03-22,1,0.0969127712246978,0.0911055155058008,0.0962367065742784,0.0967499161367133,0.0966485158433126
"ORD-028345",2026-03-22,0,0.0969127712246978,0.0950177255610067,0.0974920486907432,0.0967499161367133,0.0966485158433126
"ORD-028379",2026-03-22,0,0.0969127712246978,0.131000378916418,0.105773814255016,0.0967499161367133,0.0966485158433126
"ORD-028445",2026-03-22,0,0.0969127712246978,0.0818406441065397,0.0946132157362182,0.0967499161367133,0.0966485158433126
"ORD-028449",2026-03-22,1,0.0969127712246978,0.126201841455905,0.104423188519298,0.0967499161367133,0.0966485158433126
"ORD-028452",2026-03-22,0,0.0969127712246978,0.102120374539683,0.10040076239134,0.0967499161367133,0.0966485158433126
"ORD-028458",2026-03-22,0,0.0969127712246978,0.0524469066555825,0.0885179660996028,0.0967499161367133,0.0966485158433126
"ORD-028470",2026-03-22,0,0.0969127712246978,0.157470994500661,0.111728979222506,0.100541500134285,0.102408918308548
"ORD-028495",2026-03-22,0,0.0969127712246978,0.122910006128059,0.103717149082703,0.0967499161367133,0.0966485158433126
"ORD-028528",2026-03-22,0,0.0969127712246978,0.0962210858058422,0.097683987488089,0.0967499161367133,0.0966485158433126
"ORD-028536",2026-03-22,0,0.0969127712246978,0.166818744636952,0.114594601602817,0.0995408243258331,0.102132575198061
"ORD-028565",2026-03-22,0,0.0969127712246978,0.0611355804117446,0.0902588426254757,0.0967499161367133,0.0966485158433126
"ORD-028568",2026-03-22,0,0.0969127712246978,0.0941250375432967,0.0972009635590898,0.0967499161367133,0.0966485158433126
"ORD-028571",2026-03-22,0,0.0969127712246978,0.107887107282824,0.100438536941799,0.0967499161367133,0.0966485158433126
"ORD-028363",2026-03-22,0,0.0969127712246978,0.109947473179536,0.100737789813636,0.0967499161367133,0.0966485158433126
"ORD-028367",2026-03-22,0,0.0969127712246978,0.0767528786506104,0.093486575728689,0.0967499161367133,0.0966485158433126
"ORD-028377",2026-03-22,0,0.0969127712246978,0.0822929298932873,0.0947539243842653,0.0967499161367133,0.0966485158433126
"ORD-028385",2026-03-22,0,0.0969127712246978,0.119849165251009,0.102934166006595,0.0967499161367133,0.0966485158433126
"ORD-028421",2026-03-22,0,0.0969127712246978,0.131000378916418,0.105773814255016,0.0967499161367133,0.0966485158433126
"ORD-028464",2026-03-22,0,0.0969127712246978,0.132706934581716,0.106126027114594,0.0967499161367133,0.0966485158433126
"ORD-028386",2026-03-22,0,0.0969127712246978,0.126201841455905,0.104423188519298,0.0967499161367133,0.0966485158433126
"ORD-028398",2026-03-22,0,0.0969127712246978,0.14341657388993,0.108703507450148,0.0967499161367133,0.0966485158433126
"ORD-028490",2026-03-22,0,0.0969127712246978,0.080859634603382,0.0944114534178287,0.0967499161367133,0.0966485158433126
"ORD-028557",2026-03-22,0,0.0969127712246978,0.108166567340788,0.100277985002538,0.0967499161367133,0.0966485158433126
"ORD-028630",2026-03-23,0,0.0969127712246978,0.0981907455232642,0.0978612442359172,0.0967499161367133,0.0966485158433126
"ORD-028640",2026-03-23,0,0.0969127712246978,0.0917698485289752,0.0957234671218967,0.0967499161367133,0.0966485158433126
"ORD-028666",2026-03-23,0,0.0969127712246978,0.0631830597148482,0.0880121544047458,0.0967499161367133,0.0966485158433126
"ORD-028673",2026-03-23,0,0.0969127712246978,0.0838262363593031,0.0938918063757176,0.0967499161367133,0.0966485158433126
"ORD-028687",2026-03-23,0,0.0969127712246978,0.0861884825362114,0.0941170651686652,0.0967499161367133,0.0966485158433126
"ORD-028698",2026-03-23,0,0.0969127712246978,0.0798273624755367,0.0926677099104669,0.0967499161367133,0.0966485158433126
"ORD-028715",2026-03-23,0,0.0969127712246978,0.0741982395539582,0.0910378534683821,0.0967499161367133,0.0966485158433126
"ORD-028730",2026-03-23,1,0.0969127712246978,0.0895659486814031,0.0952851294788659,0.0967499161367133,0.0966485158433126
"ORD-028740",2026-03-23,0,0.0969127712246978,0.0704890975676855,0.090136561033736,0.0967499161367133,0.0966485158433126
"ORD-028751",2026-03-23,0,0.0969127712246978,0.0566441621028706,0.0864043570496622,0.0967499161367133,0.0966485158433126
"ORD-028763",2026-03-23,0,0.0969127712246978,0.0676677622146722,0.0892967373313907,0.0967499161367133,0.0966485158433126
"ORD-028782",2026-03-23,0,0.0969127712246978,0.0671525614928797,0.0891742544900849,0.0967499161367133,0.0966485158433126
"ORD-028785",2026-03-23,0,0.0969127712246978,0.0759120135938359,0.0928483978813658,0.0967499161367133,0.0966485158433126
"ORD-028633",2026-03-23,0,0.0969127712246978,0.0981907455232642,0.0978612442359172,0.0967499161367133,0.0966485158433126
"ORD-028644",2026-03-23,0,0.0969127712246978,0.118939074556306,0.103422447027059,0.100541500134285,0.102408918308548
"ORD-028648",2026-03-23,0,0.0969127712246978,0.0732400436160043,0.0909220458734375,0.0967499161367133,0.0966485158433126
"ORD-028670",2026-03-23,0,0.0969127712246978,0.0874749021416831,0.0948172079876226,0.0967499161367133,0.0966485158433126
"ORD-028697",2026-03-23,0,0.0969127712246978,0.0994414831679311,0.0981480849350381,0.0967499161367133,0.0966485158433126
"ORD-028712",2026-03-23,0,0.0969127712246978,0.0895446166233885,0.0952114026176146,0.0967499161367133,0.0966485158433126
"ORD-028713",2026-03-23,0,0.0969127712246978,0.0557064242789981,0.0863167944068734,0.0967499161367133,0.0966485158433126
"ORD-028716",2026-03-23,0,0.0969127712246978,0.0981907455232642,0.0978612442359172,0.0967499161367133,0.0966485158433126
"ORD-028719",2026-03-23,0,0.0969127712246978,0.0994414831679311,0.0981480849350381,0.0967499161367133,0.0966485158433126
"ORD-028727",2026-03-23,0,0.0969127712246978,0.0704890975676855,0.090136561033736,0.0967499161367133,0.0966485158433126
"ORD-028728",2026-03-23,0,0.0969127712246978,0.0714063238631375,0.0903154677740246,0.0967499161367133,0.0966485158433126
"ORD-028745",2026-03-23,0,0.0969127712246978,0.107883306202547,0.100596431834761,0.0967499161367133,0.0966485158433126
"ORD-028752",2026-03-23,0,0.0969127712246978,0.0698090788521767,0.0898652506474042,0.0967499161367133,0.0966485158433126
"ORD-028771",2026-03-23,0,0.0969127712246978,0.0773750144371237,0.0920261102603003,0.0967499161367133,0.0966485158433126
"ORD-028636",2026-03-23,0,0.0969127712246978,0.0798543627443787,0.0925815479841537,0.0967499161367133,0.0966485158433126
"ORD-028641",2026-03-23,0,0.0969127712246978,0.0704890975676855,0.090136561033736,0.0967499161367133,0.0966485158433126
"ORD-028645",2026-03-23,1,0.0969127712246978,0.0732400436160043,0.0909220458734375,0.0967499161367133,0.0966485158433126
"ORD-028649",2026-03-23,0,0.0969127712246978,0.0895446166233885,0.0952114026176146,0.0967499161367133,0.0966485158433126
"ORD-028655",2026-03-23,0,0.0969127712246978,0.0557064242789981,0.0863167944068734,0.0967499161367133,0.0966485158433126
"ORD-028664",2026-03-23,0,0.0969127712246978,0.0671525614928797,0.0891742544900849,0.0967499161367133,0.0966485158433126
"ORD-028700",2026-03-23,0,0.0969127712246978,0.0604862971087222,0.0874538807038997,0.0967499161367133,0.0966485158433126
"ORD-028705",2026-03-23,0,0.0969127712246978,0.0961978315646146,0.0965977509472058,0.0967499161367133,0.0966485158433126
"ORD-028706",2026-03-23,0,0.0969127712246978,0.100708517353391,0.0986174857547576,0.0967499161367133,0.0966485158433126
"ORD-028714",2026-03-23,1,0.0969127712246978,0.0795496496421236,0.0926120805764464,0.0967499161367133,0.0966485158433126
"ORD-028732",2026-03-23,1,0.0969127712246978,0.0874749021416831,0.0948172079876226,0.0967499161367133,0.0966485158433126
"ORD-028735",2026-03-23,0,0.0969127712246978,0.0871293023850821,0.0946121405748047,0.0967499161367133,0.0966485158433126
"ORD-028739",2026-03-23,0,0.0969127712246978,0.076722921703206,0.0919535862814386,0.0967499161367133,0.0966485158433126
"ORD-028746",2026-03-23,1,0.0969127712246978,0.0944633816881885,0.0966007395078223,0.0967499161367133,0.0966485158433126
"ORD-028768",2026-03-23,0,0.0969127712246978,0.0795496496421236,0.0926120805764464,0.0967499161367133,0.0966485158433126
"ORD-028770",2026-03-23,0,0.0969127712246978,0.0917698485289752,0.0957234671218967,0.0967499161367133,0.0966485158433126
"ORD-028772",2026-03-23,1,0.0969127712246978,0.0798543627443787,0.0925815479841537,0.0967499161367133,0.0966485158433126
"ORD-028653",2026-03-23,0,0.0969127712246978,0.0714063238631375,0.0903154677740246,0.0967499161367133,0.0966485158433126
"ORD-028665",2026-03-23,0,0.0969127712246978,0.0671525614928797,0.0891742544900849,0.0967499161367133,0.0966485158433126
"ORD-028667",2026-03-23,0,0.0969127712246978,0.0544665031464466,0.0859094325805474,0.0967499161367133,0.0966485158433126
"ORD-028672",2026-03-23,0,0.0969127712246978,0.0981907455232642,0.0978612442359172,0.0967499161367133,0.0966485158433126
"ORD-028681",2026-03-23,0,0.0969127712246978,0.126342501547838,0.106100471129155,0.0995408243258331,0.102132575198061
"ORD-028747",2026-03-23,0,0.0969127712246978,0.0764623982742131,0.0915776341152096,0.0967499161367133,0.0966485158433126
"ORD-028762",2026-03-23,0,0.0969127712246978,0.0819136106112881,0.0931626988176923,0.0967499161367133,0.0966485158433126
"ORD-028767",2026-03-23,0,0.0969127712246978,0.100708517353391,0.0986174857547576,0.0967499161367133,0.0966485158433126
"ORD-028777",2026-03-23,0,0.0969127712246978,0.054604130388971,0.0858868317067512,0.0967499161367133,0.0966485158433126
"ORD-028778",2026-03-23,0,0.0969127712246978,0.0895446166233885,0.0952114026176146,0.0967499161367133,0.0966485158433126
"ORD-028625",2026-03-23,0,0.0969127712246978,0.0759120135938359,0.0928483978813658,0.0967499161367133,0.0966485158433126
"ORD-028634",2026-03-23,0,0.0969127712246978,0.0544665031464466,0.0859094325805474,0.0967499161367133,0.0966485158433126
"ORD-028638",2026-03-23,0,0.0969127712246978,0.0803311721869084,0.0928836243309295,0.0967499161367133,0.0966485158433126
"ORD-028646",2026-03-23,1,0.0969127712246978,0.0000003945315471897,0.0725255119985234,0.0967499161367133,0.0966485158433126
"ORD-028657",2026-03-23,0,0.0969127712246978,0.0838262363593031,0.0938918063757176,0.0967499161367133,0.0966485158433126
"ORD-028683",2026-03-23,0,0.0969127712246978,0.0555816308091625,0.0862150342386698,0.0967499161367133,0.0966485158433126
"ORD-028686",2026-03-23,0,0.0969127712246978,0.0597446024181646,0.0872659141020723,0.0967499161367133,0.0966485158433126
"ORD-028717",2026-03-23,0,0.0969127712246978,0.0389094659718094,0.0819125740902346,0.0967499161367133,0.0966485158433126
"ORD-028721",2026-03-23,0,0.0969127712246978,0.0945386144180045,0.0967611362625439,0.0967499161367133,0.0966485158433126
"ORD-028726",2026-03-23,0,0.0969127712246978,0.126342501547838,0.106100471129155,0.0995408243258331,0.102132575198061
"ORD-028733",2026-03-23,0,0.0969127712246978,0.107167111784537,0.0999824994370148,0.0967499161367133,0.0966485158433126
"ORD-028734",2026-03-23,1,0.0969127712246978,0.0555816308091625,0.0862150342386698,0.0967499161367133,0.0966485158433126
"ORD-028738",2026-03-23,0,0.0969127712246978,0.0608283882114032,0.087584971998197,0.0967499161367133,0.0966485158433126
"ORD-028741",2026-03-23,0,0.0969127712246978,0.124660221562456,0.105445265233408,0.0989612395558877,0.101471725540576
"ORD-028748",2026-03-23,0,0.0969127712246978,0.0895659486814031,0.0952851294788659,0.0967499161367133,0.0966485158433126
"ORD-028750",2026-03-23,0,0.0969127712246978,0.0981907455232642,0.0978612442359172,0.0967499161367133,0.0966485158433126
"ORD-028780",2026-03-23,0,0.0969127712246978,0.126342501547838,0.106100471129155,0.0995408243258331,0.102132575198061
"ORD-028783",2026-03-23,0,0.0969127712246978,0.118939074556306,0.103422447027059,0.100541500134285,0.102408918308548
"ORD-028737",2026-03-23,1,0.0969127712246978,0.0658378241656828,0.0886926933098443,0.0967499161367133,0.0966485158433126
"ORD-028754",2026-03-23,0,0.0969127712246978,0.0603211402908496,0.0874100131425404,0.0967499161367133,0.0966485158433126
"ORD-028618",2026-03-23,0,0.0969127712246978,0.0829257516116572,0.0931109208022183,0.0967499161367133,0.0966485158433126
"ORD-028622",2026-03-23,0,0.0969127712246978,0.0590835574150813,0.087010505337648,0.0967499161367133,0.0966485158433126
"ORD-028629",2026-03-23,0,0.0969127712246978,0.0802146895472459,0.0921848325756192,0.0967499161367133,0.0966485158433126
"ORD-028632",2026-03-23,0,0.0969127712246978,0.0990586608935259,0.0969231851263058,0.0967499161367133,0.0966485158433126
"ORD-028639",2026-03-23,0,0.0969127712246978,0.083625789089765,0.0931842639018837,0.0967499161367133,0.0966485158433126
"ORD-028659",2026-03-23,0,0.0969127712246978,0.0859597353938357,0.0937768470408755,0.0967499161367133,0.0966485158433126
"ORD-028676",2026-03-23,0,0.0969127712246978,0.0963038884104485,0.0962646202612818,0.0967499161367133,0.0966485158433126
"ORD-028694",2026-03-23,0,0.0969127712246978,0.0992112211098338,0.0971440859970859,0.0967499161367133,0.0966485158433126
"ORD-028695",2026-03-23,0,0.0969127712246978,0.0520782610521607,0.0852120224162965,0.0967499161367133,0.0956981529605399
"ORD-028708",2026-03-23,1,0.0969127712246978,0.072642531828041,0.0903000867890446,0.0967499161367133,0.0966485158433126
"ORD-028710",2026-03-23,0,0.0969127712246978,0.0870284569295254,0.0939000441031578,0.0967499161367133,0.0966485158433126
"ORD-028711",2026-03-23,0,0.0969127712246978,0.135966165764775,0.107414797006702,0.0995408243258331,0.102132575198061
"ORD-028749",2026-03-23,0,0.0969127712246978,0.0658378241656828,0.0886926933098443,0.0967499161367133,0.0966485158433126
"ORD-028755",2026-03-23,0,0.0969127712246978,0.107267650088665,0.0993748515911436,0.0967499161367133,0.0966485158433126
"ORD-028761",2026-03-23,0,0.0969127712246978,0.0940877221400615,0.0957994057244797,0.0967499161367133,0.0966485158433126
"ORD-028765",2026-03-23,0,0.0969127712246978,0.0794017477521168,0.0921277047989585,0.0967499161367133,0.0966485158433126
"ORD-028769",2026-03-23,0,0.0969127712246978,0.0792707440035123,0.0920426594075798,0.0967499161367133,0.0966485158433126
"ORD-028774",2026-03-23,0,0.0969127712246978,0.0992112211098338,0.0971440859970859,0.0967499161367133,0.0966485158433126
"ORD-028779",2026-03-23,0,0.0969127712246978,0.0520782610521607,0.0852120224162965,0.0967499161367133,0.0956981529605399
"ORD-028787",2026-03-23,0,0.0969127712246978,0.112726610954841,0.100813478096723,0.0967499161367133,0.0966485158433126
"ORD-028724",2026-03-23,0,0.0969127712246978,0.093351274872274,0.0957651141775523,0.0967499161367133,0.0966485158433126
"ORD-028619",2026-03-23,0,0.0969127712246978,0.06018666784739,0.0873070873148716,0.0967499161367133,0.0966485158433126
"ORD-028654",2026-03-23,0,0.0969127712246978,0.0644564818430806,0.0886258344886505,0.0967499161367133,0.0966485158433126
"ORD-028658",2026-03-23,0,0.0969127712246978,0.0867982942639026,0.0940514519712742,0.0967499161367133,0.0966485158433126
"ORD-028661",2026-03-23,0,0.0969127712246978,0.0762295517670694,0.0912733250676894,0.0967499161367133,0.0966485158433126
"ORD-028668",2026-03-23,0,0.0969127712246978,0.109831294334196,0.099908238640856,0.0967499161367133,0.0966485158433126
"ORD-028674",2026-03-23,0,0.0969127712246978,0.0603211402908496,0.0874100131425404,0.0967499161367133,0.0966485158433126
"ORD-028731",2026-03-23,0,0.0969127712246978,0.0990586608935259,0.0969231851263058,0.0967499161367133,0.0966485158433126
"ORD-028621",2026-03-23,1,0.0969127712246978,0.0966983533075939,0.0964799398705857,0.0967499161367133,0.0966485158433126
"ORD-028626",2026-03-23,1,0.0969127712246978,0.101942115224928,0.0978102632474621,0.0967499161367133,0.0966485158433126
"ORD-028652",2026-03-23,0,0.0969127712246978,0.0829257516116572,0.0931109208022183,0.0967499161367133,0.0966485158433126
"ORD-028656",2026-03-23,0,0.0969127712246978,0.0975037399907594,0.0966720036864882,0.0967499161367133,0.0966485158433126
"ORD-028660",2026-03-23,0,0.0969127712246978,0.135966165764775,0.107414797006702,0.0995408243258331,0.102132575198061
"ORD-028662",2026-03-23,0,0.0969127712246978,0.0731965471727907,0.090423962468863,0.0967499161367133,0.0966485158433126
"ORD-028742",2026-03-23,0,0.0969127712246978,0.103207479922088,0.0983849451618022,0.0967499161367133,0.0966485158433126
"ORD-028757",2026-03-23,0,0.0969127712246978,0.108622373870728,0.0998494699346457,0.0967499161367133,0.0966485158433126
"ORD-028789",2026-03-23,0,0.0969127712246978,0.107267650088665,0.0993748515911436,0.0967499161367133,0.0966485158433126
"ORD-028617",2026-03-23,0,0.0969127712246978,0.0815191282896781,0.0932037633528993,0.0967499161367133,0.0966485158433126
"ORD-028675",2026-03-23,0,0.0969127712246978,0.101848947522918,0.0987712863455025,0.0967499161367133,0.0966485158433126
"ORD-028736",2026-03-23,0,0.0969127712246978,0.0823182692404456,0.0934768632344607,0.0967499161367133,0.0966485158433126
"ORD-028744",2026-03-23,0,0.0969127712246978,0.0940109723009067,0.0963329176538691,0.0967499161367133,0.0966485158433126
"ORD-028758",2026-03-23,0,0.0969127712246978,0.0885658255080753,0.095181156088573,0.0967499161367133,0.0966485158433126
"ORD-028760",2026-03-23,0,0.0969127712246978,0.0719792589527602,0.0907890943801467,0.0967499161367133,0.0966485158433126
"ORD-028775",2026-03-23,0,0.0969127712246978,0.0558526592998085,0.0864623736746532,0.0967499161367133,0.0966485158433126
"ORD-028784",2026-03-23,0,0.0969127712246978,0.121754754269731,0.104075273728402,0.100541500134285,0.102408918308548
"ORD-028620",2026-03-23,1,0.0969127712246978,0.0896214884393541,0.095421497424396,0.0967499161367133,0.0966485158433126
"ORD-028623",2026-03-23,0,0.0969127712246978,0.0623657732505133,0.0881476574556196,0.0967499161367133,0.0966485158433126
"ORD-028637",2026-03-23,0,0.0969127712246978,0.091736886657573,0.0958179384001045,0.0967499161367133,0.0966485158433126
"ORD-028642",2026-03-23,0,0.0969127712246978,0.0492935503893943,0.0846863883489521,0.0967499161367133,0.0956981529605399
"ORD-028647",2026-03-23,0,0.0969127712246978,0.0647758524070905,0.0885773178472714,0.0967499161367133,0.0966485158433126
"ORD-028688",2026-03-23,0,0.0969127712246978,0.046074439096105,0.0839369147566299,0.0967499161367133,0.0966485158433126
"ORD-028689",2026-03-23,0,0.0969127712246978,0.0731902224910261,0.0908939476588774,0.0967499161367133,0.0966485158433126
"ORD-028691",2026-03-23,0,0.0969127712246978,0.121754754269731,0.104075273728402,0.100541500134285,0.102408918308548
"ORD-028702",2026-03-23,0,0.0969127712246978,0.0883065556903555,0.0947173593671618,0.0967499161367133,0.0966485158433126
"ORD-028709",2026-03-23,0,0.0969127712246978,0.0752720218946917,0.0915636809711343,0.0967499161367133,0.0966485158433126
"ORD-028756",2026-03-23,0,0.0969127712246978,0.075066049633654,0.0915040201466756,0.0967499161367133,0.0966485158433126
"ORD-028628",2026-03-23,0,0.0969127712246978,0.0792952919505705,0.0926144314772843,0.0967499161367133,0.0966485158433126
"ORD-028643",2026-03-23,1,0.0969127712246978,0.0825376259587831,0.0933262850742562,0.0967499161367133,0.0966485158433126
"ORD-028669",2026-03-23,0,0.0969127712246978,0.0962836013119018,0.0971258134923162,0.0967499161367133,0.0966485158433126
"ORD-028677",2026-03-23,0,0.0969127712246978,0.100571311283169,0.0984828232115665,0.0967499161367133,0.0966485158433126
"ORD-028690",2026-03-23,0,0.0969127712246978,0.0962836013119018,0.0971258134923162,0.0967499161367133,0.0966485158433126
"ORD-028701",2026-03-23,0,0.0969127712246978,0.091736886657573,0.0958179384001045,0.0967499161367133,0.0966485158433126
"ORD-028704",2026-03-23,0,0.0969127712246978,0.0483526028136969,0.0844868837174689,0.0967499161367133,0.0966485158433126
"ORD-028707",2026-03-23,0,0.0969127712246978,0.0967632764538903,0.0972151749781545,0.0967499161367133,0.0966485158433126
"ORD-028720",2026-03-23,0,0.0969127712246978,0.0715561493936708,0.0904411335422489,0.0967499161367133,0.0966485158433126
"ORD-028776",2026-03-23,0,0.0969127712246978,0.039916414344191,0.0824421102542682,0.0967499161367133,0.0966485158433126
"ORD-028786",2026-03-23,1,0.0969127712246978,0.0557621930178246,0.0865531118563425,0.0967499161367133,0.0966485158433126
"ORD-028624",2026-03-23,0,0.0969127712246978,0.0825376259587831,0.0933262850742562,0.0967499161367133,0.0966485158433126
"ORD-028627",2026-03-23,1,0.0969127712246978,0.109738820943399,0.100616049152523,0.0967499161367133,0.0966485158433126
"ORD-028663",2026-03-23,0,0.0969127712246978,0.0751472755352838,0.0914791037810337,0.0967499161367133,0.0966485158433126
"ORD-028679",2026-03-23,0,0.0969127712246978,0.0789265812978021,0.09246088216668,0.0967499161367133,0.0966485158433126
"ORD-028682",2026-03-23,0,0.0969127712246978,0.0783619503374848,0.092163379255853,0.0967499161367133,0.0966485158433126
"ORD-028685",2026-03-23,0,0.0969127712246978,0.109738820943399,0.100616049152523,0.0967499161367133,0.0966485158433126
"ORD-028692",2026-03-23,0,0.0969127712246978,0.075066049633654,0.0915040201466756,0.0967499161367133,0.0966485158433126
"ORD-028693",2026-03-23,0,0.0969127712246978,0.0962836013119018,0.0971258134923162,0.0967499161367133,0.0966485158433126
"ORD-028696",2026-03-23,0,0.0969127712246978,0.0823182692404456,0.0934768632344607,0.0967499161367133,0.0966485158433126
"ORD-028699",2026-03-23,0,0.0969127712246978,0.056994455969731,0.0867697555723259,0.0967499161367133,0.0966485158433126
"ORD-028703",2026-03-23,0,0.0969127712246978,0.129307722454259,0.106768189109418,0.0995408243258331,0.102132575198061
"ORD-028718",2026-03-23,0,0.0969127712246978,0.0610525170262324,0.0880811697850905,0.0967499161367133,0.0966485158433126
"ORD-028722",2026-03-23,0,0.0969127712246978,0.0492935503893943,0.0846863883489521,0.0967499161367133,0.0956981529605399
"ORD-028723",2026-03-23,0,0.0969127712246978,0.103143143178441,0.0992433396872851,0.0967499161367133,0.0966485158433126
"ORD-028729",2026-03-23,0,0.0969127712246978,0.0483526028136969,0.0844868837174689,0.0967499161367133,0.0966485158433126
"ORD-028759",2026-03-23,0,0.0969127712246978,0.0488472735959451,0.0847215243361338,0.0967499161367133,0.0966485158433126
"ORD-028766",2026-03-23,0,0.0969127712246978,0.046074439096105,0.0839369147566299,0.0967499161367133,0.0966485158433126
"ORD-028781",2026-03-23,0,0.0969127712246978,0.0488472735959451,0.0847215243361338,0.0967499161367133,0.0966485158433126
"ORD-028788",2026-03-23,0,0.0969127712246978,0.103143143178441,0.0992433396872851,0.0967499161367133,0.0966485158433126
"ORD-028631",2026-03-23,1,0.0969127712246978,0.10039360566451,0.098391490765315,0.0967499161367133,0.0966485158433126
"ORD-028650",2026-03-23,0,0.0969127712246978,0.134617423038198,0.108144468788374,0.0995408243258331,0.102132575198061
"ORD-028651",2026-03-23,0,0.0969127712246978,0.134617423038198,0.108144468788374,0.0995408243258331,0.102132575198061
"ORD-028743",2026-03-23,0,0.0969127712246978,0.0515120499118454,0.085805369030368,0.0967499161367133,0.0956981529605399
"ORD-028764",2026-03-23,0,0.0969127712246978,0.0896021072226275,0.0957257940352862,0.0967499161367133,0.0966485158433126
"ORD-028635",2026-03-23,0,0.0969127712246978,0.0606711385247299,0.0881063134227155,0.0967499161367133,0.0966485158433126
"ORD-028671",2026-03-23,0,0.0969127712246978,0.0651322937428683,0.0893079103225761,0.0967499161367133,0.0966485158433126
"ORD-028680",2026-03-23,0,0.0969127712246978,0.0817761681134086,0.0933710770427564,0.0967499161367133,0.0966485158433126
"ORD-028753",2026-03-23,0,0.0969127712246978,0.124211748938108,0.104417149175302,0.0967499161367133,0.0966485158433126
"ORD-028678",2026-03-23,0,0.0969127712246978,0.114350505473794,0.101922074459537,0.0967499161367133,0.0966485158433126
"ORD-028684",2026-03-23,0,0.0969127712246978,0.10039360566451,0.098391490765315,0.0967499161367133,0.0966485158433126
"ORD-028725",2026-03-23,0,0.0969127712246978,0.0793681836176807,0.0928218055450905,0.0967499161367133,0.0966485158433126
"ORD-028773",2026-03-23,0,0.0969127712246978,0.074697872780396,0.091628541042395,0.0967499161367133,0.0966485158433126
"ORD-028792",2026-03-24,0,0.0969127712246978,0.0540856815017303,0.0879930365725265,0.0967499161367133,0.0966485158433126
"ORD-028835",2026-03-24,0,0.0969127712246978,0.0965025007966158,0.0976042844771225,0.0967499161367133,0.0966485158433126
"ORD-028858",2026-03-24,0,0.0969127712246978,0.0488737787214232,0.0868634151895981,0.0967499161367133,0.0966485158433126
"ORD-028869",2026-03-24,0,0.0969127712246978,0.0704814518779755,0.0916560663256339,0.0967499161367133,0.0966485158433126
"ORD-028878",2026-03-24,0,0.0969127712246978,0.124383586747897,0.104179969738241,0.0967499161367133,0.0966485158433126
"ORD-028903",2026-03-24,1,0.0969127712246978,0.112253970275614,0.101117758370093,0.0967499161367133,0.0966485158433126
"ORD-028928",2026-03-24,0,0.0969127712246978,0.102882260653222,0.0988796080176712,0.0967499161367133,0.0966485158433126
"ORD-028930",2026-03-24,0,0.0969127712246978,0.106037873942911,0.0995663951265998,0.0967499161367133,0.0966485158433126
"ORD-028932",2026-03-24,0,0.0969127712246978,0.0704814518779755,0.0916560663256339,0.0967499161367133,0.0966485158433126
"ORD-028935",2026-03-24,0,0.0969127712246978,0.144913054153199,0.10865326392558,0.0967499161367133,0.0966485158433126
"ORD-028943",2026-03-24,0,0.0969127712246978,0.100320320458528,0.0983575387477074,0.0967499161367133,0.0966485158433126
"ORD-028950",2026-03-24,0,0.0969127712246978,0.0797735913754175,0.0934455703388865,0.0967499161367133,0.0966485158433126
"ORD-028960",2026-03-24,0,0.0969127712246978,0.0884870206032776,0.0957661344501517,0.0967499161367133,0.0966485158433126
"ORD-028970",2026-03-24,0,0.0969127712246978,0.115119559277373,0.101810232748547,0.0967499161367133,0.0966485158433126
"ORD-028824",2026-03-24,0,0.0969127712246978,0.101202783217216,0.0984273563184383,0.0967499161367133,0.0966485158433126
"ORD-028836",2026-03-24,0,0.0969127712246978,0.133659144334832,0.106068954575339,0.0967499161367133,0.0966485158433126
"ORD-028837",2026-03-24,0,0.0969127712246978,0.115119559277373,0.101810232748547,0.0967499161367133,0.0966485158433126
"ORD-028859",2026-03-24,0,0.0969127712246978,0.104956418720098,0.0994988236940025,0.0967499161367133,0.0966485158433126
"ORD-028890",2026-03-24,1,0.0969127712246978,0.0704814518779755,0.0916560663256339,0.0967499161367133,0.0966485158433126
"ORD-028893",2026-03-24,0,0.0969127712246978,0.114945657892143,0.10157991508221,0.0967499161367133,0.0966485158433126
"ORD-028925",2026-03-24,0,0.0969127712246978,0.111803902995638,0.100893244090218,0.0967499161367133,0.0966485158433126
"ORD-028933",2026-03-24,1,0.0969127712246978,0.133978219222153,0.106916493342567,0.0967499161367133,0.0966485158433126
"ORD-028949",2026-03-24,0,0.0969127712246978,0.124289576528714,0.104135790442427,0.0967499161367133,0.0966485158433126
"ORD-028951",2026-03-24,0,0.0969127712246978,0.0609402079544073,0.0893617604387527,0.0967499161367133,0.0956981529605399
"ORD-028977",2026-03-24,1,0.0969127712246978,0.112227900676068,0.101040022531428,0.0967499161367133,0.0966485158433126
"ORD-028825",2026-03-24,0,0.0969127712246978,0.113172685105214,0.101318019437134,0.0967499161367133,0.0966485158433126
"ORD-028862",2026-03-24,0,0.0969127712246978,0.0924597097483252,0.0965786732306329,0.0967499161367133,0.0966485158433126
"ORD-028867",2026-03-24,0,0.0969127712246978,0.124289576528714,0.104135790442427,0.0967499161367133,0.0966485158433126
"ORD-028885",2026-03-24,0,0.0969127712246978,0.112227900676068,0.101040022531428,0.0967499161367133,0.0966485158433126
"ORD-028887",2026-03-24,0,0.0969127712246978,0.0566546170501026,0.0885980505087049,0.0967499161367133,0.0966485158433126
"ORD-028891",2026-03-24,0,0.0969127712246978,0.118230872565249,0.10250477572759,0.0967499161367133,0.0966485158433126
"ORD-028924",2026-03-24,0,0.0969127712246978,0.115119559277373,0.101810232748547,0.0967499161367133,0.0966485158433126
"ORD-028942",2026-03-24,0,0.0969127712246978,0.0609402079544073,0.0893617604387527,0.0967499161367133,0.0956981529605399
"ORD-028958",2026-03-24,0,0.0969127712246978,0.0704814518779755,0.0916560663256339,0.0967499161367133,0.0966485158433126
"ORD-028797",2026-03-24,0,0.0969127712246978,0.102193376271486,0.0989680346707311,0.0967499161367133,0.0966485158433126
"ORD-028822",2026-03-24,1,0.0969127712246978,0.104956418720098,0.0994988236940025,0.0967499161367133,0.0966485158433126
"ORD-028860",2026-03-24,0,0.0969127712246978,0.0933927805935218,0.0966382672339109,0.0967499161367133,0.0966485158433126
"ORD-028875",2026-03-24,1,0.0969127712246978,0.0933927805935218,0.0966382672339109,0.0967499161367133,0.0966485158433126
"ORD-028879",2026-03-24,0,0.0969127712246978,0.068826560456758,0.0913212599846638,0.0967499161367133,0.0966485158433126
"ORD-028897",2026-03-24,0,0.0969127712246978,0.147859245086044,0.109692787404952,0.100541500134285,0.102408918308548
"ORD-028965",2026-03-24,0,0.0969127712246978,0.0716490345602948,0.0917485014170892,0.0967499161367133,0.0966485158433126
"ORD-028790",2026-03-24,0,0.0969127712246978,0.0764264846513998,0.0928563408368353,0.0967499161367133,0.0966485158433126
"ORD-028808",2026-03-24,0,0.0969127712246978,0.133659144334832,0.106068954575339,0.0967499161367133,0.0966485158433126
"ORD-028830",2026-03-24,0,0.0969127712246978,0.0570061186634892,0.0885749139076978,0.0967499161367133,0.0966485158433126
"ORD-028838",2026-03-24,1,0.0969127712246978,0.125828976146645,0.104630505576411,0.0967499161367133,0.0966485158433126
"ORD-028843",2026-03-24,0,0.0969127712246978,0.118230872565249,0.10250477572759,0.0967499161367133,0.0966485158433126
"ORD-028846",2026-03-24,0,0.0969127712246978,0.0961818098379165,0.0972077026324316,0.0967499161367133,0.0966485158433126
"ORD-028853",2026-03-24,1,0.0969127712246978,0.109697060118341,0.10062437998533,0.0967499161367133,0.0966485158433126
"ORD-028855",2026-03-24,0,0.0969127712246978,0.125828976146645,0.104630505576411,0.0967499161367133,0.0966485158433126
"ORD-028856",2026-03-24,0,0.0969127712246978,0.0923093221170513,0.0964899557279718,0.0967499161367133,0.0966485158433126
"ORD-028861",2026-03-24,0,0.0969127712246978,0.1227689146401,0.10383346524728,0.0967499161367133,0.0966485158433126
"ORD-028882",2026-03-24,0,0.0969127712246978,0.109225607966425,0.100361735493268,0.0967499161367133,0.0966485158433126
"ORD-028883",2026-03-24,0,0.0969127712246978,0.0961818098379165,0.0972077026324316,0.0967499161367133,0.0966485158433126
"ORD-028916",2026-03-24,0,0.0969127712246978,0.0691081928373918,0.0912021623231123,0.0967499161367133,0.0966485158433126
"ORD-028923",2026-03-24,0,0.0969127712246978,0.112227900676068,0.101040022531428,0.0967499161367133,0.0966485158433126
"ORD-028938",2026-03-24,0,0.0969127712246978,0.119671480366863,0.10310388796203,0.0967499161367133,0.0966485158433126
"ORD-028947",2026-03-24,0,0.0969127712246978,0.0609402079544073,0.0893617604387527,0.0967499161367133,0.0956981529605399
"ORD-028804",2026-03-24,0,0.0969127712246978,0.0997972936595289,0.0977879505883506,0.0967499161367133,0.0966485158433126
"ORD-028815",2026-03-24,0,0.0969127712246978,0.14408758171439,0.108239703731845,0.0967499161367133,0.0966485158433126
"ORD-028826",2026-03-24,1,0.0969127712246978,0.0774760775281078,0.0929035188124298,0.0967499161367133,0.0966485158433126
"ORD-028845",2026-03-24,0,0.0969127712246978,0.0830636330827553,0.0941637843160353,0.0967499161367133,0.0966485158433126
"ORD-028847",2026-03-24,1,0.0969127712246978,0.116875068290586,0.101623823794061,0.0967499161367133,0.0966485158433126
"ORD-028850",2026-03-24,0,0.0969127712246978,0.110945860128054,0.100114503074122,0.0967499161367133,0.0966485158433126
"ORD-028889",2026-03-24,0,0.0969127712246978,0.0760542849988922,0.0927014004844493,0.0967499161367133,0.0966485158433126
"ORD-028896",2026-03-24,0,0.0969127712246978,0.110209615999478,0.100203911273766,0.0967499161367133,0.0966485158433126
"ORD-028953",2026-03-24,0,0.0969127712246978,0.107842469013429,0.0995273070799526,0.0967499161367133,0.0966485158433126
"ORD-028957",2026-03-24,0,0.0969127712246978,0.0971084283121457,0.0970775555793744,0.0967499161367133,0.0966485158433126
"ORD-028795",2026-03-24,0,0.0969127712246978,0.104124109669454,0.0988249989150917,0.0967499161367133,0.0966485158433126
"ORD-028802",2026-03-24,0,0.0969127712246978,0.133780812016441,0.105428649156065,0.0967499161367133,0.0966485158433126
"ORD-028809",2026-03-24,0,0.0969127712246978,0.114317284553687,0.100808907844754,0.0967499161367133,0.0966485158433126
"ORD-028827",2026-03-24,0,0.0969127712246978,0.144669480629801,0.108036856222062,0.0967499161367133,0.0966485158433126
"ORD-028829",2026-03-24,0,0.0969127712246978,0.103055916351737,0.0997793295399965,0.0967499161367133,0.0966485158433126
"ORD-028871",2026-03-24,0,0.0969127712246978,0.10378100034724,0.0984239980930643,0.0967499161367133,0.0966485158433126
"ORD-028880",2026-03-24,0,0.0969127712246978,0.158823917001943,0.111046085226539,0.100541500134285,0.102408918308548
"ORD-028908",2026-03-24,0,0.0969127712246978,0.0949950821820626,0.0965972092901218,0.0967499161367133,0.0966485158433126
"ORD-028912",2026-03-24,0,0.0969127712246978,0.0971084283121457,0.0970775555793744,0.0967499161367133,0.0966485158433126
"ORD-028915",2026-03-24,0,0.0969127712246978,0.12382424869663,0.102844685045793,0.0967499161367133,0.0966485158433126
"ORD-028920",2026-03-24,0,0.0969127712246978,0.116875068290586,0.101623823794061,0.0967499161367133,0.0966485158433126
"ORD-028937",2026-03-24,0,0.0969127712246978,0.12957822413326,0.103776545783043,0.0967499161367133,0.0966485158433126
"ORD-028940",2026-03-24,1,0.0969127712246978,0.127326712682194,0.10377973092869,0.0967499161367133,0.0966485158433126
"ORD-028963",2026-03-24,0,0.0969127712246978,0.110945860128054,0.100114503074122,0.0967499161367133,0.0966485158433126
"ORD-028791",2026-03-24,0,0.0969127712246978,0.0585744635787768,0.0891054148233539,0.0967499161367133,0.0966485158433126
"ORD-028796",2026-03-24,0,0.0969127712246978,0.117772987959203,0.101659977368266,0.0967499161367133,0.0966485158433126
"ORD-028831",2026-03-24,0,0.0969127712246978,0.0760542849988922,0.0927014004844493,0.0967499161367133,0.0966485158433126
"ORD-028841",2026-03-24,0,0.0969127712246978,0.140376888289951,0.106944508354218,0.0967499161367133,0.0966485158433126
"ORD-028900",2026-03-24,0,0.0969127712246978,0.103055916351737,0.0997793295399965,0.0967499161367133,0.0966485158433126
"ORD-028901",2026-03-24,0,0.0969127712246978,0.108242812462936,0.0994947446402424,0.0967499161367133,0.0966485158433126
"ORD-028934",2026-03-24,0,0.0969127712246978,0.110945860128054,0.100114503074122,0.0967499161367133,0.0966485158433126
"ORD-028946",2026-03-24,1,0.0969127712246978,0.100796188624286,0.0978482099595717,0.0967499161367133,0.0966485158433126
"ORD-028961",2026-03-24,0,0.0969127712246978,0.0996362815766573,0.0976982423690377,0.0967499161367133,0.0966485158433126
"ORD-028968",2026-03-24,1,0.0969127712246978,0.124009700420233,0.103077541378973,0.0967499161367133,0.0966485158433126
"ORD-028969",2026-03-24,0,0.0969127712246978,0.158823917001943,0.111046085226539,0.100541500134285,0.102408918308548
"ORD-028972",2026-03-24,0,0.0969127712246978,0.14374842723105,0.107382936939513,0.0967499161367133,0.0966485158433126
"ORD-028974",2026-03-24,0,0.0969127712246978,0.100796188624286,0.0978482099595717,0.0967499161367133,0.0966485158433126
"ORD-028834",2026-03-24,0,0.0969127712246978,0.0949950821820626,0.0965972092901218,0.0967499161367133,0.0966485158433126
"ORD-028840",2026-03-24,0,0.0969127712246978,0.108869073390442,0.0998168962264777,0.0967499161367133,0.0966485158433126
"ORD-028863",2026-03-24,0,0.0969127712246978,0.113452599257104,0.100891963616691,0.0967499161367133,0.0966485158433126
"ORD-028865",2026-03-24,0,0.0969127712246978,0.0958951482569693,0.0968866804111311,0.0967499161367133,0.0966485158433126
"ORD-028868",2026-03-24,0,0.0969127712246978,0.108242812462936,0.0994947446402424,0.0967499161367133,0.0966485158433126
"ORD-028886",2026-03-24,0,0.0969127712246978,0.0774760775281078,0.0929035188124298,0.0967499161367133,0.0966485158433126
"ORD-028910",2026-03-24,1,0.0969127712246978,0.0826074927630998,0.0940238609974149,0.0967499161367133,0.0966485158433126
"ORD-028917",2026-03-24,0,0.0969127712246978,0.135419587578819,0.105928780003176,0.0967499161367133,0.0966485158433126
"ORD-028918",2026-03-24,0,0.0969127712246978,0.0744424651408368,0.092471446459772,0.0967499161367133,0.0966485158433126
"ORD-028939",2026-03-24,0,0.0969127712246978,0.100796188624286,0.0978482099595717,0.0967499161367133,0.0966485158433126
"ORD-028799",2026-03-24,1,0.0969127712246978,0.121933195706654,0.102579900860715,0.0967499161367133,0.0966485158433126
"ORD-028812",2026-03-24,0,0.0969127712246978,0.114317284553687,0.100808907844754,0.0967499161367133,0.0966485158433126
"ORD-028851",2026-03-24,0,0.0969127712246978,0.158823917001943,0.111046085226539,0.100541500134285,0.102408918308548
"ORD-028857",2026-03-24,1,0.0969127712246978,0.10592074824208,0.0989656601058045,0.0967499161367133,0.0966485158433126
"ORD-028881",2026-03-24,0,0.0969127712246978,0.124009700420233,0.103077541378973,0.0967499161367133,0.0966485158433126
"ORD-028911",2026-03-24,0,0.0969127712246978,0.120953064112571,0.102377429746494,0.0967499161367133,0.0966485158433126
"ORD-028927",2026-03-24,0,0.0969127712246978,0.113452599257104,0.100891963616691,0.0967499161367133,0.0966485158433126
"ORD-028936",2026-03-24,0,0.0969127712246978,0.0921577525435953,0.0959905994019113,0.0967499161367133,0.0966485158433126
"ORD-028964",2026-03-24,0,0.0969127712246978,0.117772987959203,0.101659977368266,0.0967499161367133,0.0966485158433126
"ORD-028967",2026-03-24,0,0.0969127712246978,0.128861953837523,0.104385428229876,0.0967499161367133,0.0966485158433126
"ORD-028971",2026-03-24,0,0.0969127712246978,0.0830636330827553,0.0941637843160353,0.0967499161367133,0.0966485158433126
"ORD-028810",2026-03-24,0,0.0969127712246978,0.0584529116890015,0.0891433378409667,0.0967499161367133,0.0966485158433126
"ORD-028820",2026-03-24,0,0.0969127712246978,0.0956693633352147,0.0972529157055343,0.0967499161367133,0.0966485158433126
"ORD-028849",2026-03-24,0,0.0969127712246978,0.102780520303658,0.0988905311658304,0.0967499161367133,0.0966485158433126
"ORD-028874",2026-03-24,1,0.0969127712246978,0.0787597447683441,0.0935885802020114,0.0967499161367133,0.0966485158433126
"ORD-028894",2026-03-24,0,0.0969127712246978,0.0817481219314056,0.0940420262516985,0.0967499161367133,0.0966485158433126
"ORD-028898",2026-03-24,0,0.0969127712246978,0.0720850297068141,0.092134220818243,0.0967499161367133,0.0966485158433126
"ORD-028899",2026-03-24,0,0.0969127712246978,0.0988466225870616,0.0982244090418142,0.0967499161367133,0.0966485158433126
"ORD-028945",2026-03-24,0,0.0969127712246978,0.103378841691719,0.0992109419221252,0.0967499161367133,0.0966485158433126
"ORD-028959",2026-03-24,0,0.0969127712246978,0.114905424892057,0.101679516296336,0.0967499161367133,0.0966485158433126
"ORD-028975",2026-03-24,0,0.0969127712246978,0.0619223452509717,0.0899718351082516,0.0967499161367133,0.0966485158433126
"ORD-028978",2026-03-24,0,0.0969127712246978,0.117856913765637,0.102454045688577,0.0967499161367133,0.0966485158433126
"ORD-028811",2026-03-24,0,0.0969127712246978,0.103378841691719,0.0992109419221252,0.0967499161367133,0.0966485158433126
"ORD-028814",2026-03-24,0,0.0969127712246978,0.0584529116890015,0.0891433378409667,0.0967499161367133,0.0966485158433126
"ORD-028839",2026-03-24,1,0.0969127712246978,0.0773827979801242,0.093249887289092,0.0967499161367133,0.0966485158433126
"ORD-028852",2026-03-24,0,0.0969127712246978,0.117856913765637,0.102454045688577,0.0967499161367133,0.0966485158433126
"ORD-028866",2026-03-24,0,0.0969127712246978,0.103647980738591,0.0990521362305745,0.0967499161367133,0.0966485158433126
"ORD-028870",2026-03-24,0,0.0969127712246978,0.072244042612472,0.092242262191555,0.0967499161367133,0.0966485158433126
"ORD-028873",2026-03-24,0,0.0969127712246978,0.077129672582524,0.093518409470215,0.0967499161367133,0.0966485158433126
"ORD-028884",2026-03-24,0,0.0969127712246978,0.103647980738591,0.0990521362305745,0.0967499161367133,0.0966485158433126
"ORD-028919",2026-03-24,0,0.0969127712246978,0.0554627143559714,0.088558089172233,0.0967499161367133,0.0966485158433126
"ORD-028944",2026-03-24,0,0.0969127712246978,0.092149952384296,0.0964864484271665,0.0967499161367133,0.0966485158433126
"ORD-028956",2026-03-24,0,0.0969127712246978,0.10465972088961,0.0995958674737751,0.0967499161367133,0.0966485158433126
"ORD-028962",2026-03-24,0,0.0969127712246978,0.137652726152878,0.107386954213545,0.0967499161367133,0.0966485158433126
"ORD-028973",2026-03-24,0,0.0969127712246978,0.100562421014267,0.0983643086981925,0.0967499161367133,0.0966485158433126
"ORD-028793",2026-03-24,0,0.0969127712246978,0.122502087811599,0.103754936542676,0.0967499161367133,0.0966485158433126
"ORD-028805",2026-03-24,0,0.0969127712246978,0.11767942721219,0.102222437330109,0.0967499161367133,0.0966485158433126
"ORD-028806",2026-03-24,0,0.0969127712246978,0.137652726152878,0.107386954213545,0.0967499161367133,0.0966485158433126
"ORD-028807",2026-03-24,0,0.0969127712246978,0.11767942721219,0.102222437330109,0.0967499161367133,0.0966485158433126
"ORD-028832",2026-03-24,0,0.0969127712246978,0.073438517139358,0.0923352283666023,0.0967499161367133,0.0966485158433126
"ORD-028872",2026-03-24,0,0.0969127712246978,0.0901337438787767,0.0960087159747725,0.0967499161367133,0.0966485158433126
"ORD-028888",2026-03-24,1,0.0969127712246978,0.127213631629926,0.104792593645201,0.0967499161367133,0.0966485158433126
"ORD-028895",2026-03-24,0,0.0969127712246978,0.092149952384296,0.0964864484271665,0.0967499161367133,0.0966485158433126
"ORD-028902",2026-03-24,0,0.0969127712246978,0.072244042612472,0.092242262191555,0.0967499161367133,0.0966485158433126
"ORD-028904",2026-03-24,0,0.0969127712246978,0.13024405423881,0.105845946042002,0.0967499161367133,0.0966485158433126
"ORD-028905",2026-03-24,0,0.0969127712246978,0.111840527397018,0.100997418612619,0.0967499161367133,0.0966485158433126
"ORD-028907",2026-03-24,0,0.0969127712246978,0.108585780277259,0.100197601691651,0.0967499161367133,0.0966485158433126
"ORD-028914",2026-03-24,0,0.0969127712246978,0.117856913765637,0.102454045688577,0.0967499161367133,0.0966485158433126
"ORD-028926",2026-03-24,1,0.0969127712246978,0.111840527397018,0.100997418612619,0.0967499161367133,0.0966485158433126
"ORD-028941",2026-03-24,1,0.0969127712246978,0.092149952384296,0.0964864484271665,0.0967499161367133,0.0966485158433126
"ORD-028952",2026-03-24,0,0.0969127712246978,0.122502087811599,0.103754936542676,0.0967499161367133,0.0966485158433126
"ORD-028955",2026-03-24,0,0.0969127712246978,0.0956693633352147,0.0972529157055343,0.0967499161367133,0.0966485158433126
"ORD-028976",2026-03-24,0,0.0969127712246978,0.0720850297068141,0.092134220818243,0.0967499161367133,0.0966485158433126
"ORD-028800",2026-03-24,0,0.0969127712246978,0.0613037987940776,0.0897240789280363,0.0967499161367133,0.0966485158433126
"ORD-028801",2026-03-24,0,0.0969127712246978,0.127213631629926,0.104792593645201,0.0967499161367133,0.0966485158433126
"ORD-028818",2026-03-24,0,0.0969127712246978,0.125662328094737,0.104488584031296,0.0967499161367133,0.0966485158433126
"ORD-028823",2026-03-24,0,0.0969127712246978,0.114905424892057,0.101679516296336,0.0967499161367133,0.0966485158433126
"ORD-028833",2026-03-24,0,0.0969127712246978,0.133535828536605,0.106300394314207,0.0967499161367133,0.0966485158433126
"ORD-028844",2026-03-24,0,0.0969127712246978,0.073438517139358,0.0923352283666023,0.0967499161367133,0.0966485158433126
"ORD-028864",2026-03-24,0,0.0969127712246978,0.0901337438787767,0.0960087159747725,0.0967499161367133,0.0966485158433126
"ORD-028948",2026-03-24,0,0.0969127712246978,0.0867759434403565,0.0952754262619723,0.0967499161367133,0.0966485158433126
"ORD-028813",2026-03-24,0,0.0969127712246978,0.130844834401599,0.105838960611445,0.0967499161367133,0.0966485158433126
"ORD-028816",2026-03-24,0,0.0969127712246978,0.108034764184967,0.100340126279303,0.0967499161367133,0.0966485158433126
"ORD-028817",2026-03-24,1,0.0969127712246978,0.0579419408918661,0.0897232128168694,0.0967499161367133,0.0966485158433126
"ORD-028819",2026-03-24,0,0.0969127712246978,0.127573277692451,0.105096944437365,0.0967499161367133,0.0966485158433126
"ORD-028909",2026-03-24,0,0.0969127712246978,0.142335203882942,0.108112418509004,0.0967499161367133,0.0966485158433126
"ORD-028922",2026-03-24,0,0.0969127712246978,0.119705037349523,0.102997764861777,0.0967499161367133,0.0966485158433126
"ORD-028966",2026-03-24,0,0.0969127712246978,0.0997560422883008,0.0985200685541782,0.0967499161367133,0.0966485158433126
"ORD-028794",2026-03-24,0,0.0969127712246978,0.109813767160176,0.100800184104094,0.0967499161367133,0.0966485158433126
"ORD-028798",2026-03-24,0,0.0969127712246978,0.0766560635708664,0.0935449460051236,0.0967499161367133,0.0966485158433126
"ORD-028828",2026-03-24,0,0.0969127712246978,0.0997560422883008,0.0985200685541782,0.0967499161367133,0.0966485158433126
"ORD-028848",2026-03-24,0,0.0969127712246978,0.132549672845637,0.106191364639024,0.0967499161367133,0.0966485158433126
"ORD-028876",2026-03-24,0,0.0969127712246978,0.0940085407156403,0.0972614041642012,0.0967499161367133,0.0966485158433126
"ORD-028877",2026-03-24,0,0.0969127712246978,0.0987663230284576,0.0984594405791582,0.0967499161367133,0.0966485158433126
"ORD-028906",2026-03-24,0,0.0969127712246978,0.127573277692451,0.105096944437365,0.0967499161367133,0.0966485158433126
"ORD-028913",2026-03-24,0,0.0969127712246978,0.109813767160176,0.100800184104094,0.0967499161367133,0.0966485158433126
"ORD-028921",2026-03-24,1,0.0969127712246978,0.117027807911031,0.102574987794982,0.0967499161367133,0.0966485158433126
"ORD-028954",2026-03-24,0,0.0969127712246978,0.0821897487674864,0.0948130031937898,0.0967499161367133,0.0966485158433126
"ORD-028803",2026-03-24,0,0.0969127712246978,0.10775560351055,0.100500766597508,0.0967499161367133,0.0966485158433126
"ORD-028821",2026-03-24,0,0.0969127712246978,0.164511133034438,0.113963134920219,0.0989612395558877,0.101471725540576
"ORD-028842",2026-03-24,0,0.0969127712246978,0.0905207514804417,0.0965195682919921,0.0967499161367133,0.0966485158433126
"ORD-028854",2026-03-24,0,0.0969127712246978,0.103053557266609,0.0995028247258205,0.0967499161367133,0.0966485158433126
"ORD-028892",2026-03-24,0,0.0969127712246978,0.115361722142289,0.101824004432594,0.0967499161367133,0.0966485158433126
"ORD-028929",2026-03-24,0,0.0969127712246978,0.135524557453191,0.106711859949341,0.0967499161367133,0.0966485158433126
"ORD-028931",2026-03-24,0,0.0969127712246978,0.10775560351055,0.100500766597508,0.0967499161367133,0.0966485158433126
"ORD-029020",2026-03-25,0,0.0969127712246978,0.0851439810455705,0.0938850503225763,0.0967499161367133,0.0966485158433126
"ORD-029022",2026-03-25,0,0.0969127712246978,0.0757836183450791,0.0917263647497282,0.0967499161367133,0.0966485158433126
"ORD-029055",2026-03-25,0,0.0969127712246978,0.0597329149836392,0.0872367099424033,0.0967499161367133,0.0966485158433126
"ORD-029056",2026-03-25,1,0.0969127712246978,0.12487788069705,0.105842366672151,0.0995408243258331,0.102132575198061
"ORD-029065",2026-03-25,0,0.0969127712246978,0.0725391185510863,0.0907563060079429,0.0967499161367133,0.0966485158433126
"ORD-029071",2026-03-25,0,0.0969127712246978,0.0600710176329897,0.0873675068696067,0.0967499161367133,0.0966485158433126
"ORD-029077",2026-03-25,0,0.0969127712246978,0.0788799971468321,0.092352932548285,0.0967499161367133,0.0966485158433126
"ORD-029086",2026-03-25,1,0.0969127712246978,0.0983301684936628,0.0979490326797845,0.0967499161367133,0.0966485158433126
"ORD-029097",2026-03-25,0,0.0969127712246978,0.0474554446645002,0.0839340519255264,0.0967499161367133,0.0956981529605399
"ORD-029114",2026-03-25,0,0.0969127712246978,0.0725391185510863,0.0907563060079429,0.0967499161367133,0.0966485158433126
"ORD-029138",2026-03-25,0,0.0969127712246978,0.0884633801634283,0.0949769728830699,0.0967499161367133,0.0966485158433126
"ORD-029150",2026-03-25,0,0.0969127712246978,0.0757836183450791,0.0917263647497282,0.0967499161367133,0.0966485158433126
"ORD-029154",2026-03-25,0,0.0969127712246978,0.0474554446645002,0.0839340519255264,0.0967499161367133,0.0956981529605399
"ORD-029156",2026-03-25,0,0.0969127712246978,0.0539198083535965,0.085673186997941,0.0967499161367133,0.0966485158433126
"ORD-029172",2026-03-25,0,0.0969127712246978,0.0420497598104364,0.0826409179451258,0.0967499161367133,0.0966485158433126
"ORD-029174",2026-03-25,0,0.0969127712246978,0.10589783670894,0.0997376172493881,0.0967499161367133,0.0966485158433126
"ORD-029183",2026-03-25,0,0.0969127712246978,0.0983301684936628,0.0979490326797845,0.0967499161367133,0.0966485158433126
"ORD-029188",2026-03-25,0,0.0969127712246978,0.106158759857135,0.100540255651647,0.0967499161367133,0.0966485158433126
"ORD-028996",2026-03-25,0,0.0969127712246978,0.0764283885033095,0.0917987276357085,0.0967499161367133,0.0966485158433126
"ORD-028998",2026-03-25,0,0.0969127712246978,0.0834608801120222,0.0935825672346242,0.0967499161367133,0.0966485158433126
"ORD-029007",2026-03-25,0,0.0969127712246978,0.12487788069705,0.105842366672151,0.0995408243258331,0.102132575198061
"ORD-029016",2026-03-25,0,0.0969127712246978,0.12487788069705,0.105842366672151,0.0995408243258331,0.102132575198061
"ORD-029059",2026-03-25,0,0.0969127712246978,0.106606561437268,0.100350213629671,0.0967499161367133,0.0966485158433126
"ORD-029063",2026-03-25,0,0.0969127712246978,0.0884633801634283,0.0949769728830699,0.0967499161367133,0.0966485158433126
"ORD-029070",2026-03-25,0,0.0969127712246978,0.0788799971468321,0.092352932548285,0.0967499161367133,0.0966485158433126
"ORD-029072",2026-03-25,0,0.0969127712246978,0.0860744732312684,0.0943790324339078,0.0967499161367133,0.0966485158433126
"ORD-029073",2026-03-25,0,0.0969127712246978,0.0828077682955662,0.0936602894182111,0.0967499161367133,0.0966485158433126
"ORD-029082",2026-03-25,1,0.0969127712246978,0.062398319135981,0.0877937306803908,0.0967499161367133,0.0966485158433126
"ORD-029089",2026-03-25,1,0.0969127712246978,0.062398319135981,0.0877937306803908,0.0967499161367133,0.0966485158433126
"ORD-029091",2026-03-25,0,0.0969127712246978,0.0884633801634283,0.0949769728830699,0.0967499161367133,0.0966485158433126
"ORD-029131",2026-03-25,0,0.0969127712246978,0.100801491067106,0.0986464193060618,0.0967499161367133,0.0966485158433126
"ORD-029142",2026-03-25,0,0.0969127712246978,0.099507211698842,0.0983755813955915,0.0967499161367133,0.0966485158433126
"ORD-029146",2026-03-25,0,0.0969127712246978,0.0755260235414062,0.0913512481198329,0.0967499161367133,0.0966485158433126
"ORD-029152",2026-03-25,0,0.0969127712246978,0.0825884100551148,0.0935186349985981,0.0967499161367133,0.0966485158433126
"ORD-029185",2026-03-25,1,0.0969127712246978,0.0809163281074129,0.0929327952930011,0.0967499161367133,0.0966485158433126
"ORD-028983",2026-03-25,0,0.0969127712246978,0.0788532980965618,0.0924389033856296,0.0967499161367133,0.0966485158433126
"ORD-028995",2026-03-25,0,0.0969127712246978,0.0970162331931739,0.0976209940019101,0.0967499161367133,0.0966485158433126
"ORD-029002",2026-03-25,0,0.0969127712246978,0.0884633801634283,0.0949769728830699,0.0967499161367133,0.0966485158433126
"ORD-029012",2026-03-25,0,0.0969127712246978,0.0689480992184041,0.0896426800549222,0.0967499161367133,0.0966485158433126
"ORD-029024",2026-03-25,0,0.0969127712246978,0.0908053536928387,0.0957058860002267,0.0967499161367133,0.0966485158433126
"ORD-029025",2026-03-25,0,0.0969127712246978,0.123212352136904,0.105188567099654,0.0989612395558877,0.101471725540576
"ORD-029038",2026-03-25,0,0.0969127712246978,0.0906644184443831,0.0954879096416113,0.0967499161367133,0.0966485158433126
"ORD-029044",2026-03-25,0,0.0969127712246978,0.0970162331931739,0.0976209940019101,0.0967499161367133,0.0966485158433126
"ORD-029049",2026-03-25,0,0.0969127712246978,0.0725391185510863,0.0907563060079429,0.0967499161367133,0.0966485158433126
"ORD-029054",2026-03-25,0,0.0969127712246978,0.0906644184443831,0.0954879096416113,0.0967499161367133,0.0966485158433126
"ORD-029060",2026-03-25,0,0.0969127712246978,0.0689480992184041,0.0896426800549222,0.0967499161367133,0.0966485158433126
"ORD-029066",2026-03-25,0,0.0969127712246978,0.0548857695357758,0.0860006499299135,0.0967499161367133,0.0966485158433126
"ORD-029099",2026-03-25,0,0.0969127712246978,0.0384138439987079,0.0817079317421828,0.0967499161367133,0.0966485158433126
"ORD-029127",2026-03-25,0,0.0969127712246978,0.0696203587467779,0.0899133848664564,0.0967499161367133,0.0966485158433126
"ORD-029128",2026-03-25,0,0.0969127712246978,0.0755260235414062,0.0913512481198329,0.0967499161367133,0.0966485158433126
"ORD-029130",2026-03-25,0,0.0969127712246978,0.0705271384596353,0.0900918924989966,0.0967499161367133,0.0966485158433126
"ORD-029144",2026-03-25,1,0.0969127712246978,0.0788799971468321,0.092352932548285,0.0967499161367133,0.0966485158433126
"ORD-029149",2026-03-25,0,0.0969127712246978,0.0663220095767825,0.0889532280319951,0.0967499161367133,0.0966485158433126
"ORD-029160",2026-03-25,0,0.0969127712246978,0.10062613659299,0.0984335774729292,0.0967499161367133,0.0966485158433126
"ORD-029161",2026-03-25,0,0.0969127712246978,0.0884633801634283,0.0949769728830699,0.0967499161367133,0.0966485158433126
"ORD-029177",2026-03-25,0,0.0969127712246978,0.0705271384596353,0.0900918924989966,0.0967499161367133,0.0966485158433126
"ORD-028986",2026-03-25,0,0.0969127712246978,0.0537838077893699,0.0856957369222224,0.0967499161367133,0.0966485158433126
"ORD-028988",2026-03-25,0,0.0969127712246978,0.0696203587467779,0.0899133848664564,0.0967499161367133,0.0966485158433126
"ORD-028992",2026-03-25,0,0.0969127712246978,0.0548857695357758,0.0860006499299135,0.0967499161367133,0.0966485158433126
"ORD-029018",2026-03-25,0,0.0969127712246978,0.100801491067106,0.0986464193060618,0.0967499161367133,0.0966485158433126
"ORD-029021",2026-03-25,0,0.0969127712246978,0.0725391185510863,0.0907563060079429,0.0967499161367133,0.0966485158433126
"ORD-029031",2026-03-25,0,0.0969127712246978,0.0906644184443831,0.0954879096416113,0.0967499161367133,0.0966485158433126
"ORD-029093",2026-03-25,0,0.0969127712246978,0.0970162331931739,0.0976209940019101,0.0967499161367133,0.0966485158433126
"ORD-029103",2026-03-25,0,0.0969127712246978,0.0788799971468321,0.092352932548285,0.0967499161367133,0.0966485158433126
"ORD-029106",2026-03-25,0,0.0969127712246978,0.136375583394019,0.108510785940659,0.0967499161367133,0.0966485158433126
"ORD-029151",2026-03-25,0,0.0969127712246978,0.0603693943795475,0.0875928248680648,0.0967499161367133,0.0966485158433126
"ORD-029163",2026-03-25,0,0.0969127712246978,0.0755260235414062,0.0913512481198329,0.0967499161367133,0.0966485158433126
"ORD-029171",2026-03-25,0,0.0969127712246978,0.0828077682955662,0.0936602894182111,0.0967499161367133,0.0966485158433126
"ORD-028981",2026-03-25,0,0.0969127712246978,0.0788532980965618,0.0924389033856296,0.0967499161367133,0.0966485158433126
"ORD-028999",2026-03-25,0,0.0969127712246978,0.0696203587467779,0.0899133848664564,0.0967499161367133,0.0966485158433126
"ORD-029023",2026-03-25,0,0.0969127712246978,0.0908053536928387,0.0957058860002267,0.0967499161367133,0.0966485158433126
"ORD-029029",2026-03-25,0,0.0969127712246978,0.0603693943795475,0.0875928248680648,0.0967499161367133,0.0966485158433126
"ORD-029032",2026-03-25,0,0.0969127712246978,0.117548730235208,0.103170105347718,0.100541500134285,0.102408918308548
"ORD-029043",2026-03-25,0,0.0969127712246978,0.0825884100551148,0.0935186349985981,0.0967499161367133,0.0966485158433126
"ORD-029045",2026-03-25,0,0.0969127712246978,0.106606561437268,0.100350213629671,0.0967499161367133,0.0966485158433126
"ORD-029067",2026-03-25,0,0.0969127712246978,0.0860352192751095,0.0943351162749889,0.0967499161367133,0.0966485158433126
"ORD-029074",2026-03-25,0,0.0969127712246978,0.0663220095767825,0.0889532280319951,0.0967499161367133,0.0966485158433126
"ORD-029080",2026-03-25,0,0.0969127712246978,0.099507211698842,0.0983755813955915,0.0967499161367133,0.0966485158433126
"ORD-029100",2026-03-25,0,0.0969127712246978,0.0755260235414062,0.0913512481198329,0.0967499161367133,0.0966485158433126
"ORD-029148",2026-03-25,0,0.0969127712246978,0.0536965019097636,0.0857857461059908,0.0967499161367133,0.0966485158433126
"ORD-028979",2026-03-25,0,0.0969127712246978,0.108721770346605,0.0998787248885591,0.0967499161367133,0.0966485158433126
"ORD-028985",2026-03-25,0,0.0969127712246978,0.0951495644711831,0.0960278725194727,0.0967499161367133,0.0966485158433126
"ORD-029009",2026-03-25,0,0.0969127712246978,0.078218545288953,0.0918402386922451,0.0967499161367133,0.0966485158433126
"ORD-029013",2026-03-25,0,0.0969127712246978,0.0852411196777712,0.0935147756490091,0.0967499161367133,0.0966485158433126
"ORD-029050",2026-03-25,0,0.0969127712246978,0.107337934973752,0.0996048775108323,0.0967499161367133,0.0966485158433126
"ORD-029051",2026-03-25,0,0.0969127712246978,0.0980258291528756,0.0969054072706962,0.0967499161367133,0.0966485158433126
"ORD-029052",2026-03-25,0,0.0969127712246978,0.0514238724220071,0.0849999002187425,0.0967499161367133,0.0956981529605399
"ORD-029079",2026-03-25,0,0.0969127712246978,0.104673715179854,0.0988418945316824,0.0967499161367133,0.0966485158433126
"ORD-029096",2026-03-25,0,0.0969127712246978,0.0717493017538919,0.0900765458193114,0.0967499161367133,0.0966485158433126
"ORD-029104",2026-03-25,1,0.0969127712246978,0.0416592420278928,0.0827480648432259,0.0967499161367133,0.0966485158433126
"ORD-029122",2026-03-25,0,0.0969127712246978,0.0874260803589883,0.0941011770279994,0.0967499161367133,0.0966485158433126
"ORD-029124",2026-03-25,0,0.0969127712246978,0.078218545288953,0.0918402386922451,0.0967499161367133,0.0966485158433126
"ORD-029166",2026-03-25,0,0.0969127712246978,0.0919598190503967,0.0950641494030912,0.0967499161367133,0.0966485158433126
"ORD-029168",2026-03-25,0,0.0969127712246978,0.0752957960408365,0.0910476159471999,0.0967499161367133,0.0966485158433126
"ORD-029169",2026-03-25,0,0.0969127712246978,0.0605682838414981,0.087281307438565,0.0967499161367133,0.0966485158433126
"ORD-029182",2026-03-25,0,0.0969127712246978,0.0816406441422156,0.0925017738448878,0.0967499161367133,0.0966485158433126
"ORD-028989",2026-03-25,0,0.0969127712246978,0.111399705488387,0.100566788053169,0.0967499161367133,0.0966485158433126
"ORD-028991",2026-03-25,0,0.0969127712246978,0.0980258291528756,0.0969054072706962,0.0967499161367133,0.0966485158433126
"ORD-029010",2026-03-25,0,0.0969127712246978,0.0922287298534822,0.0955294650384512,0.0967499161367133,0.0966485158433126
"ORD-029028",2026-03-25,0,0.0969127712246978,0.0822267917549808,0.0928002574316698,0.0967499161367133,0.0966485158433126
"ORD-029033",2026-03-25,0,0.0969127712246978,0.104673715179854,0.0988418945316824,0.0967499161367133,0.0966485158433126
"ORD-029036",2026-03-25,0,0.0969127712246978,0.100807409151399,0.0977319568385831,0.0967499161367133,0.0966485158433126
"ORD-029048",2026-03-25,0,0.0969127712246978,0.0477734669417955,0.0842700182784287,0.0967499161367133,0.0966485158433126
"ORD-029053",2026-03-25,1,0.0969127712246978,0.0852124667167825,0.0936017165037907,0.0967499161367133,0.0966485158433126
"ORD-029061",2026-03-25,0,0.0969127712246978,0.0892196235581618,0.0946936131929924,0.0967499161367133,0.0966485158433126
"ORD-029062",2026-03-25,0,0.0969127712246978,0.1002305957643,0.0974804721057976,0.0967499161367133,0.0966485158433126
"ORD-029081",2026-03-25,0,0.0969127712246978,0.059569684833147,0.0871929409070247,0.0967499161367133,0.0966485158433126
"ORD-029107",2026-03-25,0,0.0969127712246978,0.114924666732483,0.10160140410391,0.0967499161367133,0.0966485158433126
"ORD-029109",2026-03-25,0,0.0969127712246978,0.114167709635583,0.100982027059599,0.0967499161367133,0.0966485158433126
"ORD-029145",2026-03-25,0,0.0969127712246978,0.082609536817109,0.0929543126146626,0.0967499161367133,0.0966485158433126
"ORD-029179",2026-03-25,0,0.0969127712246978,0.108721770346605,0.0998787248885591,0.0967499161367133,0.0966485158433126
"ORD-029004",2026-03-25,0,0.0969127712246978,0.124015396699232,0.103456740209607,0.0967499161367133,0.0966485158433126
"ORD-029005",2026-03-25,0,0.0969127712246978,0.0892196235581618,0.0946936131929924,0.0967499161367133,0.0966485158433126
"ORD-029008",2026-03-25,0,0.0969127712246978,0.126599625860118,0.104452372818364,0.100541500134285,0.102408918308548
"ORD-029014",2026-03-25,0,0.0969127712246978,0.100727742746524,0.0975701246357875,0.0967499161367133,0.0966485158433126
"ORD-029037",2026-03-25,0,0.0969127712246978,0.0955171954862921,0.0961683299404671,0.0967499161367133,0.0966485158433126
"ORD-029039",2026-03-25,0,0.0969127712246978,0.078218545288953,0.0918402386922451,0.0967499161367133,0.0966485158433126
"ORD-029117",2026-03-25,1,0.0969127712246978,0.0894548771915635,0.0948368611738101,0.0967499161367133,0.0966485158433126
"ORD-029118",2026-03-25,0,0.0969127712246978,0.134407146100863,0.107153878531558,0.0995408243258331,0.102132575198061
"ORD-029121",2026-03-25,0,0.0969127712246978,0.074573126659704,0.0907738368786508,0.0967499161367133,0.0966485158433126
"ORD-029132",2026-03-25,0,0.0969127712246978,0.114167709635583,0.100982027059599,0.0967499161367133,0.0966485158433126
"ORD-029153",2026-03-25,0,0.0969127712246978,0.0849177484385973,0.0935455842837111,0.0967499161367133,0.0966485158433126
"ORD-029157",2026-03-25,0,0.0969127712246978,0.0582490789842509,0.0867818369424779,0.0967499161367133,0.0966485158433126
"ORD-029158",2026-03-25,0,0.0969127712246978,0.0792363059262949,0.0919570974909475,0.0967499161367133,0.0966485158433126
"ORD-029181",2026-03-25,0,0.0969127712246978,0.1002305957643,0.0974804721057976,0.0967499161367133,0.0966485158433126
"ORD-028987",2026-03-25,0,0.0969127712246978,0.0980258291528756,0.0969054072706962,0.0967499161367133,0.0966485158433126
"ORD-029015",2026-03-25,0,0.0969127712246978,0.0980258291528756,0.0969054072706962,0.0967499161367133,0.0966485158433126
"ORD-029057",2026-03-25,0,0.0969127712246978,0.0833663665953113,0.0930142062423783,0.0967499161367133,0.0966485158433126
"ORD-029095",2026-03-25,0,0.0969127712246978,0.0717493017538919,0.0900765458193114,0.0967499161367133,0.0966485158433126
"ORD-029143",2026-03-25,0,0.0969127712246978,0.104673715179854,0.0988418945316824,0.0967499161367133,0.0966485158433126
"ORD-029165",2026-03-25,0,0.0969127712246978,0.0951495644711831,0.0960278725194727,0.0967499161367133,0.0966485158433126
"ORD-029170",2026-03-25,1,0.0969127712246978,0.1002305957643,0.0974804721057976,0.0967499161367133,0.0966485158433126
"ORD-029176",2026-03-25,1,0.0969127712246978,0.114924666732483,0.10160140410391,0.0967499161367133,0.0966485158433126
"ORD-028984",2026-03-25,0,0.0969127712246978,0.1002305957643,0.0974804721057976,0.0967499161367133,0.0966485158433126
"ORD-029026",2026-03-25,0,0.0969127712246978,0.100807409151399,0.0977319568385831,0.0967499161367133,0.0966485158433126
"ORD-029058",2026-03-25,0,0.0969127712246978,0.114167709635583,0.100982027059599,0.0967499161367133,0.0966485158433126
"ORD-029078",2026-03-25,0,0.0969127712246978,0.100727742746524,0.0975701246357875,0.0967499161367133,0.0966485158433126
"ORD-029126",2026-03-25,0,0.0969127712246978,0.096336567446505,0.0964343609577048,0.0967499161367133,0.0966485158433126
"ORD-029139",2026-03-25,0,0.0969127712246978,0.0919598190503967,0.0950641494030912,0.0967499161367133,0.0966485158433126
"ORD-028980",2026-03-25,0,0.0969127712246978,0.038934303378213,0.082101401763245,0.0967499161367133,0.0966485158433126
"ORD-029017",2026-03-25,0,0.0969127712246978,0.0573570668897527,0.0867441192787708,0.0967499161367133,0.0966485158433126
"ORD-029019",2026-03-25,0,0.0969127712246978,0.0906318139998606,0.0955821730164991,0.0967499161367133,0.0966485158433126
"ORD-029030",2026-03-25,0,0.0969127712246978,0.0967992012257106,0.0975466523350234,0.0967499161367133,0.0966485158433126
"ORD-029035",2026-03-25,0,0.0969127712246978,0.108709217650402,0.101176942336547,0.0967499161367133,0.0966485158433126
"ORD-029076",2026-03-25,0,0.0969127712246978,0.0452079628534651,0.0837496630212123,0.0967499161367133,0.0966485158433126
"ORD-029084",2026-03-25,0,0.0969127712246978,0.120335991342404,0.10382152365631,0.100541500134285,0.102408918308548
"ORD-029102",2026-03-25,1,0.0969127712246978,0.0855181957066001,0.0941798067445355,0.0967499161367133,0.0966485158433126
"ORD-029115",2026-03-25,0,0.0969127712246978,0.105797006041782,0.0999567869053484,0.0967499161367133,0.0966485158433126
"ORD-029119",2026-03-25,0,0.0969127712246978,0.0956800738763455,0.0971372936981071,0.0967499161367133,0.0966485158433126
"ORD-029123",2026-03-25,1,0.0969127712246978,0.0615905161017842,0.0879289298699295,0.0967499161367133,0.0966485158433126
"ORD-029136",2026-03-25,0,0.0969127712246978,0.0742257116761963,0.0912529368917153,0.0967499161367133,0.0966485158433126
"ORD-029155",2026-03-25,0,0.0969127712246978,0.0573570668897527,0.0867441192787708,0.0967499161367133,0.0966485158433126
"ORD-029164",2026-03-25,0,0.0969127712246978,0.0612444183909577,0.0877973733006429,0.0967499161367133,0.0966485158433126
"ORD-029173",2026-03-25,0,0.0969127712246978,0.072290782861365,0.0906690830921584,0.0967499161367133,0.0966485158433126
"ORD-029186",2026-03-25,0,0.0969127712246978,0.0855181957066001,0.0941798067445355,0.0967499161367133,0.0966485158433126
"ORD-028982",2026-03-25,0,0.0969127712246978,0.0710935594003558,0.0905644633711745,0.0967499161367133,0.0966485158433126
"ORD-028990",2026-03-25,0,0.0969127712246978,0.063972680071202,0.0883576274209651,0.0967499161367133,0.0966485158433126
"ORD-028994",2026-03-25,0,0.0969127712246978,0.0813164964564642,0.0932462641453756,0.0967499161367133,0.0966485158433126
"ORD-029006",2026-03-25,0,0.0969127712246978,0.0805262272789757,0.0929737688803044,0.0967499161367133,0.0966485158433126
"ORD-029011",2026-03-25,0,0.0969127712246978,0.0846262049514036,0.0941155088609307,0.0967499161367133,0.0966485158433126
"ORD-029041",2026-03-25,0,0.0969127712246978,0.0779625771114047,0.0922325344098931,0.0967499161367133,0.0966485158433126
"ORD-029046",2026-03-25,0,0.0969127712246978,0.0846262049514036,0.0941155088609307,0.0967499161367133,0.0966485158433126
"ORD-029069",2026-03-25,0,0.0969127712246978,0.0808343526243754,0.0929431292595807,0.0967499161367133,0.0966485158433126
"ORD-029075",2026-03-25,0,0.0969127712246978,0.0951294949417346,0.0968871748429242,0.0967499161367133,0.0966485158433126
"ORD-029087",2026-03-25,0,0.0969127712246978,0.0713630686433145,0.0904895455512481,0.0967499161367133,0.0966485158433126
"ORD-029088",2026-03-25,1,0.0969127712246978,0.0482314181685475,0.0845105103569887,0.0967499161367133,0.0966485158433126
"ORD-029092",2026-03-25,0,0.0969127712246978,0.0906533792704576,0.0956561566300437,0.0967499161367133,0.0966485158433126
"ORD-029094",2026-03-25,0,0.0969127712246978,0.0486723563266738,0.0844754538052725,0.0967499161367133,0.0956981529605399
"ORD-029120",2026-03-25,0,0.0969127712246978,0.063972680071202,0.0883576274209651,0.0967499161367133,0.0966485158433126
"ORD-029133",2026-03-25,0,0.0969127712246978,0.088149889324971,0.094936655487017,0.0967499161367133,0.0966485158433126
"ORD-029135",2026-03-25,0,0.0969127712246978,0.0552462094377676,0.0862598566357598,0.0967499161367133,0.0966485158433126
"ORD-029159",2026-03-25,0,0.0969127712246978,0.0604940260421688,0.0876087393004388,0.0967499161367133,0.0966485158433126
"ORD-029189",2026-03-25,0,0.0969127712246978,0.126114714039348,0.105851225796334,0.0989612395558877,0.101471725540576
"ORD-029003",2026-03-25,0,0.0969127712246978,0.100635560524296,0.0985290459587512,0.0967499161367133,0.0966485158433126
"ORD-029090",2026-03-25,0,0.0969127712246978,0.0967992012257106,0.0975466523350234,0.0967499161367133,0.0966485158433126
"ORD-029105",2026-03-25,0,0.0969127712246978,0.0776677256451505,0.0923129645245719,0.0967499161367133,0.0966485158433126
"ORD-029110",2026-03-25,0,0.0969127712246978,0.088149889324971,0.094936655487017,0.0967499161367133,0.0966485158433126
"ORD-029112",2026-03-25,0,0.0969127712246978,0.108709217650402,0.101176942336547,0.0967499161367133,0.0966485158433126
"ORD-029113",2026-03-25,1,0.0969127712246978,0.0454918709045745,0.0837276762199714,0.0967499161367133,0.0966485158433126
"ORD-029129",2026-03-25,1,0.0969127712246978,0.0768476627770902,0.0932109142955279,0.0967499161367133,0.0966485158433126
"ORD-029147",2026-03-25,0,0.0969127712246978,0.038934303378213,0.082101401763245,0.0967499161367133,0.0966485158433126
"ORD-029175",2026-03-25,0,0.0969127712246978,0.0808070501018171,0.0930295931957467,0.0967499161367133,0.0966485158433126
"ORD-028997",2026-03-25,0,0.0969127712246978,0.063972680071202,0.0883576274209651,0.0967499161367133,0.0966485158433126
"ORD-029034",2026-03-25,0,0.0969127712246978,0.0615905161017842,0.0879289298699295,0.0967499161367133,0.0966485158433126
"ORD-029047",2026-03-25,0,0.0969127712246978,0.0604940260421688,0.0876087393004388,0.0967499161367133,0.0966485158433126
"ORD-029108",2026-03-25,0,0.0969127712246978,0.0741454020252812,0.0912777978448041,0.0967499161367133,0.0966485158433126
"ORD-029116",2026-03-25,0,0.0969127712246978,0.120335991342404,0.10382152365631,0.100541500134285,0.102408918308548
"ORD-029125",2026-03-25,0,0.0969127712246978,0.0486723563266738,0.0844754538052725,0.0967499161367133,0.0956981529605399
"ORD-029137",2026-03-25,0,0.0969127712246978,0.09302533592789,0.096315236519323,0.0967499161367133,0.0966485158433126
"ORD-029140",2026-03-25,0,0.0969127712246978,0.0573570668897527,0.0867441192787708,0.0967499161367133,0.0966485158433126
"ORD-029162",2026-03-25,0,0.0969127712246978,0.0706752596750873,0.0902172780341266,0.0967499161367133,0.0966485158433126
"ORD-029167",2026-03-25,0,0.0969127712246978,0.103058999097648,0.0990583925357875,0.0967499161367133,0.0966485158433126
"ORD-029187",2026-03-25,0,0.0969127712246978,0.0928813071254888,0.0960960198055739,0.0967499161367133,0.0966485158433126
"ORD-029000",2026-03-25,0,0.0969127712246978,0.0910016297202851,0.0957189199567675,0.0967499161367133,0.0966485158433126
"ORD-029001",2026-03-25,0,0.0969127712246978,0.099688224420346,0.0982402817314187,0.0967499161367133,0.0966485158433126
"ORD-029027",2026-03-25,0,0.0969127712246978,0.131313075404413,0.107217104279497,0.0989612395558877,0.101471725540576
"ORD-029042",2026-03-25,0,0.0969127712246978,0.0968616458053613,0.0973497244355293,0.0967499161367133,0.0966485158433126
"ORD-029101",2026-03-25,0,0.0969127712246978,0.107474305076433,0.100819905524956,0.0967499161367133,0.0966485158433126
"ORD-029111",2026-03-25,0,0.0969127712246978,0.0587955286677405,0.0876954175633363,0.0967499161367133,0.0966485158433126
"ORD-029141",2026-03-25,0,0.0969127712246978,0.113757168837863,0.102296111216697,0.0967499161367133,0.0966485158433126
"ORD-029178",2026-03-25,0,0.0969127712246978,0.0472517258436172,0.0848574140053291,0.0967499161367133,0.0966485158433126
"ORD-029180",2026-03-25,0,0.0969127712246978,0.101507854183157,0.0982372479635855,0.0967499161367133,0.0966485158433126
"ORD-029190",2026-03-25,0,0.0969127712246978,0.0885202440666777,0.095490231433571,0.0967499161367133,0.0966485158433126
"ORD-028993",2026-03-25,0,0.0969127712246978,0.0575267006832267,0.087476684068537,0.0967499161367133,0.0966485158433126
"ORD-029068",2026-03-25,0,0.0969127712246978,0.106238258043693,0.100287457119176,0.0967499161367133,0.0966485158433126
"ORD-029098",2026-03-25,0,0.0969127712246978,0.0840261451413306,0.0941909841336576,0.0967499161367133,0.0966485158433126
"ORD-029134",2026-03-25,0,0.0969127712246978,0.0910016297202851,0.0957189199567675,0.0967499161367133,0.0966485158433126
"ORD-029184",2026-03-25,0,0.0969127712246978,0.0715275872811919,0.090824776568798,0.0967499161367133,0.0966485158433126
"ORD-029040",2026-03-25,0,0.0969127712246978,0.0587955286677405,0.0876954175633363,0.0967499161367133,0.0966485158433126
"ORD-029064",2026-03-25,0,0.0969127712246978,0.0865106303708058,0.0947500094057851,0.0967499161367133,0.0966485158433126
"ORD-029083",2026-03-25,0,0.0969127712246978,0.0715275872811919,0.090824776568798,0.0967499161367133,0.0966485158433126
"ORD-029085",2026-03-25,0,0.0969127712246978,0.0754621392581146,0.0918591811081166,0.0967499161367133,0.0966485158433126
"ORD-029204",2026-03-26,0,0.0969127712246978,0.0461101423943659,0.084010059327077,0.0967499161367133,0.0966485158433126
"ORD-029227",2026-03-26,0,0.0969127712246978,0.0923528008422565,0.0958755095661533,0.0967499161367133,0.0966485158433126
"ORD-029232",2026-03-26,0,0.0969127712246978,0.0496400776059475,0.0847378980538448,0.0967499161367133,0.0956981529605399
"ORD-029253",2026-03-26,0,0.0969127712246978,0.102525089655522,0.0988304380405596,0.0967499161367133,0.0966485158433126
"ORD-029289",2026-03-26,0,0.0969127712246978,0.0974093181493911,0.0972734953421684,0.0967499161367133,0.0966485158433126
"ORD-029305",2026-03-26,0,0.0969127712246978,0.0698425022363491,0.0899236892401453,0.0967499161367133,0.0966485158433126
"ORD-029340",2026-03-26,0,0.0969127712246978,0.107771833298408,0.100262060589121,0.0967499161367133,0.0966485158433126
"ORD-029382",2026-03-26,0,0.0969127712246978,0.0755793509012583,0.0915592618099552,0.0967499161367133,0.0966485158433126
"ORD-029397",2026-03-26,0,0.0969127712246978,0.11046089953583,0.100676182215447,0.0967499161367133,0.0966485158433126
"ORD-029405",2026-03-26,0,0.0969127712246978,0.101239927676262,0.0985418210422926,0.0967499161367133,0.0966485158433126
"ORD-029406",2026-03-26,0,0.0969127712246978,0.103826883844587,0.099302742933789,0.0967499161367133,0.0966485158433126
"ORD-029195",2026-03-26,0,0.0969127712246978,0.0923528008422565,0.0958755095661533,0.0967499161367133,0.0966485158433126
"ORD-029200",2026-03-26,0,0.0969127712246978,0.0720473195035138,0.0904957974502849,0.0967499161367133,0.0966485158433126
"ORD-029207",2026-03-26,0,0.0969127712246978,0.0584868449391457,0.0870129418368686,0.0967499161367133,0.0966485158433126
"ORD-029212",2026-03-26,1,0.0969127712246978,0.0947870353749372,0.0966105824833615,0.0967499161367133,0.0966485158433126
"ORD-029215",2026-03-26,0,0.0969127712246978,0.0397164923427014,0.0823571339021528,0.0967499161367133,0.0966485158433126
"ORD-029220",2026-03-26,0,0.0969127712246978,0.062445694259672,0.0880691451560498,0.0967499161367133,0.0966485158433126
"ORD-029221",2026-03-26,0,0.0969127712246978,0.105170786669747,0.0995758515065726,0.0967499161367133,0.0966485158433126
"ORD-029267",2026-03-26,0,0.0969127712246978,0.0828767176862817,0.0935331732977787,0.0967499161367133,0.0966485158433126
"ORD-029278",2026-03-26,0,0.0969127712246978,0.0974093181493911,0.0972734953421684,0.0967499161367133,0.0966485158433126
"ORD-029294",2026-03-26,1,0.0969127712246978,0.107771833298408,0.100262060589121,0.0967499161367133,0.0966485158433126
"ORD-029299",2026-03-26,0,0.0969127712246978,0.0627981263699399,0.0882010695765641,0.0967499161367133,0.0966485158433126
"ORD-029339",2026-03-26,0,0.0969127712246978,0.0627981263699399,0.0882010695765641,0.0967499161367133,0.0966485158433126
"ORD-029347",2026-03-26,0,0.0969127712246978,0.11119636475102,0.101293894711037,0.0967499161367133,0.0966485158433126
"ORD-029356",2026-03-26,0,0.0969127712246978,0.0562425684055726,0.0865148615037137,0.0967499161367133,0.0966485158433126
"ORD-029357",2026-03-26,0,0.0969127712246978,0.0765656234026942,0.0916757991801395,0.0967499161367133,0.0966485158433126
"ORD-029369",2026-03-26,0,0.0969127712246978,0.092374734013549,0.0959496961435095,0.0967499161367133,0.0966485158433126
"ORD-029370",2026-03-26,0,0.0969127712246978,0.0898284028915165,0.0952282195682675,0.0967499161367133,0.0966485158433126
"ORD-029380",2026-03-26,0,0.0969127712246978,0.0891625394650518,0.0952383849509226,0.0967499161367133,0.0966485158433126
"ORD-029387",2026-03-26,0,0.0969127712246978,0.0947870353749372,0.0966105824833615,0.0967499161367133,0.0966485158433126
"ORD-029410",2026-03-26,0,0.0969127712246978,0.0946405635951335,0.0963907652537662,0.0967499161367133,0.0966485158433126
"ORD-029196",2026-03-26,0,0.0969127712246978,0.00000040816326538688,0.0730441575740542,0.0967499161367133,0.0966485158433126
"ORD-029210",2026-03-26,0,0.0969127712246978,0.0693119746864562,0.0898004312434851,0.0967499161367133,0.0966485158433126
"ORD-029245",2026-03-26,0,0.0969127712246978,0.0757866161959881,0.091618955019831,0.0967499161367133,0.0966485158433126
"ORD-029247",2026-03-26,0,0.0969127712246978,0.0986245980115592,0.0978453655253921,0.0967499161367133,0.0966485158433126
"ORD-029265",2026-03-26,0,0.0969127712246978,0.0561515081359364,0.0866056495468497,0.0967499161367133,0.0966485158433126
"ORD-029308",2026-03-26,0,0.0969127712246978,0.0463994408398794,0.0839880104303702,0.0967499161367133,0.0966485158433126
"ORD-029312",2026-03-26,0,0.0969127712246978,0.0698425022363491,0.0899236892401453,0.0967499161367133,0.0966485158433126
"ORD-029344",2026-03-26,0,0.0969127712246978,0.107771833298408,0.100262060589121,0.0967499161367133,0.0966485158433126
"ORD-029374",2026-03-26,0,0.0969127712246978,0.0561515081359364,0.0866056495468497,0.0967499161367133,0.0966485158433126
"ORD-029385",2026-03-26,0,0.0969127712246978,0.065223751252622,0.0886309650107658,0.0967499161367133,0.0966485158433126
"ORD-029211",2026-03-26,0,0.0969127712246978,0.0736917188119039,0.0909488578875941,0.0967499161367133,0.0966485158433126
"ORD-029218",2026-03-26,0,0.0969127712246978,0.0830974277726784,0.0933825137738842,0.0967499161367133,0.0966485158433126
"ORD-029237",2026-03-26,0,0.0969127712246978,0.0765656234026942,0.0916757991801395,0.0967499161367133,0.0966485158433126
"ORD-029241",2026-03-26,0,0.0969127712246978,0.0727474360479802,0.0907688216524941,0.0967499161367133,0.0966485158433126
"ORD-029251",2026-03-26,0,0.0969127712246978,0.0755793509012583,0.0915592618099552,0.0967499161367133,0.0966485158433126
"ORD-029261",2026-03-26,1,0.0969127712246978,0.101239927676262,0.0985418210422926,0.0967499161367133,0.0966485158433126
"ORD-029266",2026-03-26,0,0.0969127712246978,0.101239927676262,0.0985418210422926,0.0967499161367133,0.0966485158433126
"ORD-029268",2026-03-26,1,0.0969127712246978,0.0946405635951335,0.0963907652537662,0.0967499161367133,0.0966485158433126
"ORD-029288",2026-03-26,0,0.0969127712246978,0.0923528008422565,0.0958755095661533,0.0967499161367133,0.0966485158433126
"ORD-029307",2026-03-26,0,0.0969127712246978,0.105170786669747,0.0995758515065726,0.0967499161367133,0.0966485158433126
"ORD-029315",2026-03-26,0,0.0969127712246978,0.0830974277726784,0.0933825137738842,0.0967499161367133,0.0966485158433126
"ORD-029321",2026-03-26,1,0.0969127712246978,0.0463994408398794,0.0839880104303702,0.0967499161367133,0.0966485158433126
"ORD-029335",2026-03-26,0,0.0969127712246978,0.104988718819489,0.0993612253712033,0.0967499161367133,0.0966485158433126
"ORD-029337",2026-03-26,0,0.0969127712246978,0.0845046930617385,0.0938139975583554,0.0967499161367133,0.0966485158433126
"ORD-029342",2026-03-26,0,0.0969127712246978,0.0765656234026942,0.0916757991801395,0.0967499161367133,0.0966485158433126
"ORD-029343",2026-03-26,0,0.0969127712246978,0.0755793509012583,0.0915592618099552,0.0967499161367133,0.0966485158433126
"ORD-029373",2026-03-26,0,0.0969127712246978,0.0891625394650518,0.0952383849509226,0.0967499161367133,0.0966485158433126
"ORD-029390",2026-03-26,0,0.0969127712246978,0.0698425022363491,0.0899236892401453,0.0967499161367133,0.0966485158433126
"ORD-029395",2026-03-26,0,0.0969127712246978,0.0991919335566474,0.0972704882093335,0.0967499161367133,0.0966485158433126
"ORD-029401",2026-03-26,0,0.0969127712246978,0.062445694259672,0.0880691451560498,0.0967499161367133,0.0966485158433126
"ORD-029404",2026-03-26,0,0.0969127712246978,0.0823583728642613,0.0933159042827724,0.0967499161367133,0.0966485158433126
"ORD-029409",2026-03-26,1,0.0969127712246978,0.0614763628668851,0.0881345455125122,0.0967499161367133,0.0966485158433126
"ORD-029191",2026-03-26,1,0.0969127712246978,0.105170786669747,0.0995758515065726,0.0967499161367133,0.0966485158433126
"ORD-029205",2026-03-26,0,0.0969127712246978,0.103826883844587,0.099302742933789,0.0967499161367133,0.0966485158433126
"ORD-029271",2026-03-26,0,0.0969127712246978,0.0798350165864082,0.0926702751244013,0.0967499161367133,0.0966485158433126
"ORD-029283",2026-03-26,0,0.0969127712246978,0.0765656234026942,0.0916757991801395,0.0967499161367133,0.0966485158433126
"ORD-029300",2026-03-26,0,0.0969127712246978,0.0491908258713955,0.0847730534328448,0.0967499161367133,0.0966485158433126
"ORD-029304",2026-03-26,0,0.0969127712246978,0.079464012899955,0.0925166426682741,0.0967499161367133,0.0966485158433126
"ORD-029310",2026-03-26,0,0.0969127712246978,0.103826883844587,0.099302742933789,0.0967499161367133,0.0966485158433126
"ORD-029323",2026-03-26,0,0.0969127712246978,0.122545014109014,0.104137234813983,0.100541500134285,0.102408918308548
"ORD-029324",2026-03-26,0,0.0969127712246978,0.0889016931990347,0.0947743385752089,0.0967499161367133,0.0966485158433126
"ORD-029326",2026-03-26,0,0.0969127712246978,0.0563368942533905,0.0865273206392521,0.0967499161367133,0.0966485158433126
"ORD-029398",2026-03-26,0,0.0969127712246978,0.0845046930617385,0.0938139975583554,0.0967499161367133,0.0966485158433126
"ORD-029198",2026-03-26,0,0.0969127712246978,0.138170851225215,0.10748748737216,0.0989612395558877,0.101471725540576
"ORD-029202",2026-03-26,0,0.0969127712246978,0.11616903766877,0.101512275968953,0.0967499161367133,0.0966485158433126
"ORD-029230",2026-03-26,0,0.0969127712246978,0.111955280653008,0.100542332854558,0.0967499161367133,0.0966485158433126
"ORD-029240",2026-03-26,0,0.0969127712246978,0.0886664438069826,0.0944319921842677,0.0967499161367133,0.0966485158433126
"ORD-029281",2026-03-26,0,0.0969127712246978,0.110649085561447,0.100107432388671,0.0967499161367133,0.0966485158433126
"ORD-029295",2026-03-26,0,0.0969127712246978,0.0870530913377677,0.0938961005488465,0.0967499161367133,0.0966485158433126
"ORD-029298",2026-03-26,0,0.0969127712246978,0.119824562203824,0.10255550995777,0.0967499161367133,0.0966485158433126
"ORD-029352",2026-03-26,1,0.0969127712246978,0.111955280653008,0.100542332854558,0.0967499161367133,0.0966485158433126
"ORD-029360",2026-03-26,0,0.0969127712246978,0.0912744613317888,0.0949922978388453,0.0967499161367133,0.0966485158433126
"ORD-029362",2026-03-26,0,0.0969127712246978,0.097023198508543,0.096467176758956,0.0967499161367133,0.0966485158433126
"ORD-029389",2026-03-26,0,0.0969127712246978,0.0890027018378621,0.0944009220196044,0.0967499161367133,0.0966485158433126
"ORD-029399",2026-03-26,0,0.0969127712246978,0.0962662161630113,0.0964326716747745,0.0967499161367133,0.0966485158433126
"ORD-029400",2026-03-26,0,0.0969127712246978,0.0889729074403047,0.0944886008510457,0.0967499161367133,0.0966485158433126
"ORD-029407",2026-03-26,0,0.0969127712246978,0.110564145233803,0.100064787209488,0.0967499161367133,0.0966485158433126
"ORD-029412",2026-03-26,0,0.0969127712246978,0.0890027018378621,0.0944009220196044,0.0967499161367133,0.0966485158433126
"ORD-029209",2026-03-26,1,0.0969127712246978,0.0816979073696916,0.0927121400594992,0.0967499161367133,0.0966485158433126
"ORD-029214",2026-03-26,0,0.0969127712246978,0.0532962539700746,0.0858485574542632,0.0967499161367133,0.0966485158433126
"ORD-029217",2026-03-26,0,0.0969127712246978,0.0816979073696916,0.0927121400594992,0.0967499161367133,0.0966485158433126
"ORD-029225",2026-03-26,0,0.0969127712246978,0.0852581503798114,0.093379309845045,0.0967499161367133,0.0966485158433126
"ORD-029231",2026-03-26,0,0.0969127712246978,0.0912744613317888,0.0949922978388453,0.0967499161367133,0.0966485158433126
"ORD-029233",2026-03-26,0,0.0969127712246978,0.0889729074403047,0.0944886008510457,0.0967499161367133,0.0966485158433126
"ORD-029257",2026-03-26,0,0.0969127712246978,0.100533966431511,0.097345202346459,0.0967499161367133,0.0966485158433126
"ORD-029284",2026-03-26,1,0.0969127712246978,0.0931388962261874,0.0955897522746862,0.0967499161367133,0.0966485158433126
"ORD-029319",2026-03-26,0,0.0969127712246978,0.106394070420412,0.0990687640935917,0.0967499161367133,0.0966485158433126
"ORD-029351",2026-03-26,0,0.0969127712246978,0.0779040358357644,0.0916366357296333,0.0967499161367133,0.0966485158433126
"ORD-029361",2026-03-26,0,0.0969127712246978,0.0749642981549051,0.0909333798171062,0.0967499161367133,0.0966485158433126
"ORD-029365",2026-03-26,0,0.0969127712246978,0.109190473043066,0.0997729646048405,0.0967499161367133,0.0966485158433126
"ORD-029371",2026-03-26,0,0.0969127712246978,0.060800720847368,0.0877021755269459,0.0967499161367133,0.0966485158433126
"ORD-029379",2026-03-26,0,0.0969127712246978,0.107000794146782,0.0984874835621101,0.0967499161367133,0.0966485158433126
"ORD-029391",2026-03-26,0,0.0969127712246978,0.0779040358357644,0.0916366357296333,0.0967499161367133,0.0966485158433126
"ORD-029392",2026-03-26,0,0.0969127712246978,0.131923097447319,0.105430109349332,0.100541500134285,0.102408918308548
"ORD-029408",2026-03-26,0,0.0969127712246978,0.0755345784020652,0.0910580373018337,0.0967499161367133,0.0966485158433126
"ORD-029208",2026-03-26,0,0.0969127712246978,0.0682927452532852,0.0895456697859369,0.0967499161367133,0.0966485158433126
"ORD-029234",2026-03-26,0,0.0969127712246978,0.10509421529915,0.0984905242137031,0.0967499161367133,0.0966485158433126
"ORD-029246",2026-03-26,0,0.0969127712246978,0.131923097447319,0.105430109349332,0.100541500134285,0.102408918308548
"ORD-029249",2026-03-26,0,0.0969127712246978,0.102131742633,0.097597943964315,0.0967499161367133,0.0966485158433126
"ORD-029264",2026-03-26,0,0.0969127712246978,0.0610516653786914,0.0875873427883719,0.0967499161367133,0.0966485158433126
"ORD-029272",2026-03-26,0,0.0969127712246978,0.0621370007316116,0.0879214185325935,0.0967499161367133,0.0966485158433126
"ORD-029273",2026-03-26,0,0.0969127712246978,0.0667562532463346,0.0889910720296551,0.0967499161367133,0.0966485158433126
"ORD-029276",2026-03-26,0,0.0969127712246978,0.102131742633,0.097597943964315,0.0967499161367133,0.0966485158433126
"ORD-029282",2026-03-26,1,0.0969127712246978,0.111955280653008,0.100542332854558,0.0967499161367133,0.0966485158433126
"ORD-029359",2026-03-26,0,0.0969127712246978,0.0912744613317888,0.0949922978388453,0.0967499161367133,0.0966485158433126
"ORD-029372",2026-03-26,0,0.0969127712246978,0.0931388962261874,0.0955897522746862,0.0967499161367133,0.0966485158433126
"ORD-029402",2026-03-26,1,0.0969127712246978,0.097023198508543,0.096467176758956,0.0967499161367133,0.0966485158433126
"ORD-029194",2026-03-26,0,0.0969127712246978,0.111955280653008,0.100542332854558,0.0967499161367133,0.0966485158433126
"ORD-029201",2026-03-26,0,0.0969127712246978,0.0827568760755188,0.0928299948753487,0.0967499161367133,0.0966485158433126
"ORD-029235",2026-03-26,0,0.0969127712246978,0.11616903766877,0.101512275968953,0.0967499161367133,0.0966485158433126
"ORD-029260",2026-03-26,0,0.0969127712246978,0.0537808791105422,0.0858129978825003,0.0967499161367133,0.0956981529605399
"ORD-029269",2026-03-26,0,0.0969127712246978,0.0679580395214824,0.0893158201573423,0.0967499161367133,0.0966485158433126
"ORD-029279",2026-03-26,0,0.0969127712246978,0.0889729074403047,0.0944886008510457,0.0967499161367133,0.0966485158433126
"ORD-029314",2026-03-26,0,0.0969127712246978,0.110564145233803,0.100064787209488,0.0967499161367133,0.0966485158433126
"ORD-029334",2026-03-26,0,0.0969127712246978,0.102131742633,0.097597943964315,0.0967499161367133,0.0966485158433126
"ORD-029355",2026-03-26,0,0.0969127712246978,0.0786562406792574,0.0919127539898424,0.0967499161367133,0.0966485158433126
"ORD-029388",2026-03-26,0,0.0969127712246978,0.0796706314547179,0.0920948293495806,0.0967499161367133,0.0966485158433126
"ORD-029396",2026-03-26,0,0.0969127712246978,0.0665353813670498,0.0892485376099183,0.0967499161367133,0.0966485158433126
"ORD-029206",2026-03-26,0,0.0969127712246978,0.0610004644661535,0.0876229500243975,0.0967499161367133,0.0966485158433126
"ORD-029213",2026-03-26,0,0.0969127712246978,0.0679580395214824,0.0893158201573423,0.0967499161367133,0.0966485158433126
"ORD-029243",2026-03-26,0,0.0969127712246978,0.138170851225215,0.10748748737216,0.0989612395558877,0.101471725540576
"ORD-029248",2026-03-26,0,0.0969127712246978,0.060800720847368,0.0877021755269459,0.0967499161367133,0.0966485158433126
"ORD-029254",2026-03-26,0,0.0969127712246978,0.113391082710025,0.100818469020143,0.0967499161367133,0.0966485158433126
"ORD-029275",2026-03-26,0,0.0969127712246978,0.0933834245790292,0.0957342125363046,0.0967499161367133,0.0966485158433126
"ORD-029286",2026-03-26,0,0.0969127712246978,0.10509421529915,0.0984905242137031,0.0967499161367133,0.0966485158433126
"ORD-029292",2026-03-26,0,0.0969127712246978,0.0895288210077257,0.0947083150687056,0.0967499161367133,0.0966485158433126
"ORD-029317",2026-03-26,0,0.0969127712246978,0.0476907341175853,0.084493585864438,0.0967499161367133,0.0966485158433126
"ORD-029328",2026-03-26,0,0.0969127712246978,0.11616903766877,0.101512275968953,0.0967499161367133,0.0966485158433126
"ORD-029329",2026-03-26,0,0.0969127712246978,0.097023198508543,0.096467176758956,0.0967499161367133,0.0966485158433126
"ORD-029332",2026-03-26,0,0.0969127712246978,0.0858678418179033,0.0936803327480399,0.0967499161367133,0.0966485158433126
"ORD-029333",2026-03-26,0,0.0969127712246978,0.102131742633,0.097597943964315,0.0967499161367133,0.0966485158433126
"ORD-029350",2026-03-26,0,0.0969127712246978,0.0858678418179033,0.0936803327480399,0.0967499161367133,0.0966485158433126
"ORD-029378",2026-03-26,0,0.0969127712246978,0.0796706314547179,0.0920948293495806,0.0967499161367133,0.0966485158433126
"ORD-029384",2026-03-26,0,0.0969127712246978,0.131923097447319,0.105430109349332,0.100541500134285,0.102408918308548
"ORD-029192",2026-03-26,0,0.0969127712246978,0.0715903448680315,0.0904999093887907,0.0967499161367133,0.0966485158433126
"ORD-029203",2026-03-26,0,0.0969127712246978,0.0920686307484788,0.095879391556755,0.0967499161367133,0.0966485158433126
"ORD-029219",2026-03-26,0,0.0969127712246978,0.0920686307484788,0.095879391556755,0.0967499161367133,0.0966485158433126
"ORD-029256",2026-03-26,0,0.0969127712246978,0.0825611041399924,0.0933223631345435,0.0967499161367133,0.0966485158433126
"ORD-029277",2026-03-26,0,0.0969127712246978,0.113101637553946,0.101313632719934,0.0967499161367133,0.0966485158433126
"ORD-029297",2026-03-26,0,0.0969127712246978,0.0997730347770266,0.0978917462396524,0.0967499161367133,0.0966485158433126
"ORD-029302",2026-03-26,0,0.0969127712246978,0.0475906260635287,0.0845297282437832,0.0967499161367133,0.0966485158433126
"ORD-029303",2026-03-26,0,0.0969127712246978,0.086585307992942,0.0944125602034689,0.0967499161367133,0.0966485158433126
"ORD-029311",2026-03-26,0,0.0969127712246978,0.0745621485841991,0.0913499137202069,0.0967499161367133,0.0966485158433126
"ORD-029313",2026-03-26,0,0.0969127712246978,0.0970939652076087,0.0972250738227571,0.0967499161367133,0.0966485158433126
"ORD-029330",2026-03-26,0,0.0969127712246978,0.071047554713301,0.0903759400037776,0.0967499161367133,0.0966485158433126
"ORD-029376",2026-03-26,0,0.0969127712246978,0.0997730347770266,0.0978917462396524,0.0967499161367133,0.0966485158433126
"ORD-029381",2026-03-26,0,0.0969127712246978,0.0840988755526246,0.0938553194627986,0.0967499161367133,0.0966485158433126
"ORD-029386",2026-03-26,0,0.0969127712246978,0.094629090671778,0.0965604332230146,0.0967499161367133,0.0966485158433126
"ORD-029199",2026-03-26,0,0.0969127712246978,0.0640211688900493,0.0886346389931621,0.0967499161367133,0.0966485158433126
"ORD-029216",2026-03-26,1,0.0969127712246978,0.0509100162275024,0.0852840022820068,0.0967499161367133,0.0956981529605399
"ORD-029224",2026-03-26,0,0.0969127712246978,0.094629090671778,0.0965604332230146,0.0967499161367133,0.0966485158433126
"ORD-029238",2026-03-26,0,0.0969127712246978,0.0849209678260868,0.0941301303140774,0.0967499161367133,0.0966485158433126
"ORD-029255",2026-03-26,0,0.0969127712246978,0.103685919126762,0.0991672476144575,0.0967499161367133,0.0966485158433126
"ORD-029262",2026-03-26,0,0.0969127712246978,0.0992800795971699,0.0978018302145252,0.0967499161367133,0.0966485158433126
"ORD-029263",2026-03-26,0,0.0969127712246978,0.0851466165494348,0.0939786089253914,0.0967499161367133,0.0966485158433126
"ORD-029270",2026-03-26,0,0.0969127712246978,0.08027135482286,0.094094480159774,0.0967499161367133,0.0966485158433126
"ORD-029280",2026-03-26,0,0.0969127712246978,0.104998503620513,0.0994574943095004,0.0967499161367133,0.0966485158433126
"ORD-029290",2026-03-26,0,0.0969127712246978,0.084391013920611,0.0939116182846968,0.0967499161367133,0.0966485158433126
"ORD-029327",2026-03-26,0,0.0969127712246978,0.0715903448680315,0.0904999093887907,0.0967499161367133,0.0966485158433126
"ORD-029366",2026-03-26,0,0.0969127712246978,0.0924318386678833,0.0960869141748073,0.0967499161367133,0.0966485158433126
"ORD-029377",2026-03-26,0,0.0969127712246978,0.0632390465055045,0.0884443805285354,0.0967499161367133,0.0966485158433126
"ORD-029393",2026-03-26,0,0.0969127712246978,0.094629090671778,0.0965604332230146,0.0967499161367133,0.0966485158433126
"ORD-029197",2026-03-26,0,0.0969127712246978,0.059968828337461,0.0875723050333421,0.0967499161367133,0.0966485158433126
"ORD-029228",2026-03-26,0,0.0969127712246978,0.122870123918233,0.103795534116563,0.0967499161367133,0.0966485158433126
"ORD-029252",2026-03-26,0,0.0969127712246978,0.0883632729148165,0.0950067511578866,0.0967499161367133,0.0966485158433126
"ORD-029285",2026-03-26,0,0.0969127712246978,0.0775424033417592,0.0921198281768602,0.0967499161367133,0.0966485158433126
"ORD-029296",2026-03-26,0,0.0969127712246978,0.0913463938298559,0.0958450744136597,0.0967499161367133,0.0966485158433126
"ORD-029306",2026-03-26,0,0.0969127712246978,0.0969443103711029,0.0970040085762862,0.0967499161367133,0.0966485158433126
"ORD-029309",2026-03-26,0,0.0969127712246978,0.103685919126762,0.0991672476144575,0.0967499161367133,0.0966485158433126
"ORD-029316",2026-03-26,0,0.0969127712246978,0.0913463938298559,0.0958450744136597,0.0967499161367133,0.0966485158433126
"ORD-029320",2026-03-26,0,0.0969127712246978,0.110356260402182,0.100897183181589,0.0967499161367133,0.0966485158433126
"ORD-029336",2026-03-26,0,0.0969127712246978,0.0738459582439674,0.0910753167266082,0.0967499161367133,0.0966485158433126
"ORD-029341",2026-03-26,0,0.0969127712246978,0.0643818820990941,0.0887673280474903,0.0967499161367133,0.0966485158433126
"ORD-029346",2026-03-26,0,0.0969127712246978,0.0849209678260868,0.0941301303140774,0.0967499161367133,0.0966485158433126
"ORD-029348",2026-03-26,0,0.0969127712246978,0.125433905216643,0.104794046061033,0.100541500134285,0.102408918308548
"ORD-029353",2026-03-26,0,0.0969127712246978,0.0632390465055045,0.0884443805285354,0.0967499161367133,0.0966485158433126
"ORD-029363",2026-03-26,0,0.0969127712246978,0.0946066780268261,0.096485824832007,0.0967499161367133,0.0966485158433126
"ORD-029364",2026-03-26,1,0.0969127712246978,0.0969443103711029,0.0970040085762862,0.0967499161367133,0.0966485158433126
"ORD-029403",2026-03-26,0,0.0969127712246978,0.104998503620513,0.0994574943095004,0.0967499161367133,0.0966485158433126
"ORD-029236",2026-03-26,0,0.0969127712246978,0.081431558936438,0.0931077782737564,0.0967499161367133,0.0966485158433126
"ORD-029244",2026-03-26,0,0.0969127712246978,0.107700368455211,0.100207111349251,0.0967499161367133,0.0966485158433126
"ORD-029258",2026-03-26,0,0.0969127712246978,0.0840988755526246,0.0938553194627986,0.0967499161367133,0.0966485158433126
"ORD-029259",2026-03-26,0,0.0969127712246978,0.133180496667374,0.107503327850177,0.0995408243258331,0.102132575198061
"ORD-029287",2026-03-26,0,0.0969127712246978,0.0825611041399924,0.0933223631345435,0.0967499161367133,0.0966485158433126
"ORD-029318",2026-03-26,1,0.0969127712246978,0.0844194161555769,0.093824419377493,0.0967499161367133,0.0966485158433126
"ORD-029345",2026-03-26,0,0.0969127712246978,0.0851466165494348,0.0939786089253914,0.0967499161367133,0.0966485158433126
"ORD-029349",2026-03-26,0,0.0969127712246978,0.086585307992942,0.0944125602034689,0.0967499161367133,0.0966485158433126
"ORD-029358",2026-03-26,0,0.0969127712246978,0.0924318386678833,0.0960869141748073,0.0967499161367133,0.0966485158433126
"ORD-029383",2026-03-26,0,0.0969127712246978,0.103685919126762,0.0991672476144575,0.0967499161367133,0.0966485158433126
"ORD-029411",2026-03-26,0,0.0969127712246978,0.0920269184370331,0.0958348511343861,0.0967499161367133,0.0966485158433126
"ORD-029223",2026-03-26,0,0.0969127712246978,0.118613958112619,0.103255991040992,0.0967499161367133,0.0966485158433126
"ORD-029226",2026-03-26,0,0.0969127712246978,0.077079870786923,0.0922702058041816,0.0967499161367133,0.0966485158433126
"ORD-029291",2026-03-26,0,0.0969127712246978,0.0808371246786815,0.0933523819112266,0.0967499161367133,0.0966485158433126
"ORD-029293",2026-03-26,0,0.0969127712246978,0.084967189165145,0.0943265655266881,0.0967499161367133,0.0966485158433126
"ORD-029322",2026-03-26,1,0.0969127712246978,0.12795432770339,0.105138005516723,0.0967499161367133,0.0966485158433126
"ORD-029338",2026-03-26,0,0.0969127712246978,0.0616056681446189,0.0886360347591824,0.0967499161367133,0.0966485158433126
"ORD-029354",2026-03-26,1,0.0969127712246978,0.136803701371181,0.108217593074423,0.0989612395558877,0.101471725540576
"ORD-029375",2026-03-26,0,0.0969127712246978,0.0808371246786815,0.0933523819112266,0.0967499161367133,0.0966485158433126
"ORD-029394",2026-03-26,0,0.0969127712246978,0.081885930837651,0.0934709667498161,0.0967499161367133,0.0966485158433126
"ORD-029222",2026-03-26,0,0.0969127712246978,0.104014846790709,0.0991663083593633,0.0967499161367133,0.0966485158433126
"ORD-029301",2026-03-26,0,0.0969127712246978,0.0877392545397298,0.095082866137567,0.0967499161367133,0.0966485158433126
"ORD-029193",2026-03-26,0,0.0969127712246978,0.110814171383227,0.101230614451538,0.0967499161367133,0.0966485158433126
"ORD-029229",2026-03-26,0,0.0969127712246978,0.0931330802515495,0.0963133576880528,0.0967499161367133,0.0966485158433126
"ORD-029239",2026-03-26,0,0.0969127712246978,0.0497364935098436,0.0856468326299857,0.0967499161367133,0.0966485158433126
"ORD-029242",2026-03-26,0,0.0969127712246978,0.110814171383227,0.101230614451538,0.0967499161367133,0.0966485158433126
"ORD-029250",2026-03-26,1,0.0969127712246978,0.0531971954304182,0.0864101339132708,0.0967499161367133,0.0956981529605399
"ORD-029274",2026-03-26,0,0.0969127712246978,0.0626361242445525,0.0887257216500821,0.0967499161367133,0.0966485158433126
"ORD-029325",2026-03-26,0,0.0969127712246978,0.0885934904798655,0.0953608930219462,0.0967499161367133,0.0966485158433126
"ORD-029331",2026-03-26,0,0.0969127712246978,0.0614685194530749,0.0885318053341115,0.0967499161367133,0.0966485158433126
"ORD-029367",2026-03-26,0,0.0969127712246978,0.101079363542419,0.0982682713292156,0.0967499161367133,0.0966485158433126
"ORD-029368",2026-03-26,0,0.0969127712246978,0.0880428230707349,0.095139823988181,0.0967499161367133,0.0966485158433126
"ORD-029417",2026-03-27,1,0.0969127712246978,0.0754885441442651,0.0910780253997138,0.0967499161367133,0.0966485158433126
"ORD-029418",2026-03-27,0,0.0969127712246978,0.112462674979672,0.0992530728918262,0.0967499161367133,0.0966485158433126
"ORD-029441",2026-03-27,0,0.0969127712246978,0.131682698954572,0.10428499662538,0.0967499161367133,0.0966485158433126
"ORD-029449",2026-03-27,0,0.0969127712246978,0.0672640990678223,0.0892060751927649,0.0967499161367133,0.0966485158433126
"ORD-029455",2026-03-27,0,0.0969127712246978,0.0688842012348755,0.08953389083748,0.0967499161367133,0.0966485158433126
"ORD-029470",2026-03-27,0,0.0969127712246978,0.0834251037088066,0.0926136407692694,0.0967499161367133,0.0966485158433126
"ORD-029493",2026-03-27,0,0.0969127712246978,0.109796342033852,0.0987241884275774,0.0967499161367133,0.0966485158433126
"ORD-029511",2026-03-27,0,0.0969127712246978,0.141886511683676,0.106183545638139,0.0967499161367133,0.0966485158433126
"ORD-029514",2026-03-27,0,0.0969127712246978,0.144781589193654,0.10720228228388,0.100541500134285,0.102408918308548
"ORD-029520",2026-03-27,0,0.0969127712246978,0.106898909151172,0.0981052141678584,0.0967499161367133,0.0966485158433126
"ORD-029525",2026-03-27,0,0.0969127712246978,0.074705335622291,0.0907091498190606,0.0967499161367133,0.0966485158433126
"ORD-029628",2026-03-27,0,0.0969127712246978,0.1073137070167,0.0983170305041411,0.0967499161367133,0.0966485158433126
"ORD-029638",2026-03-27,0,0.0969127712246978,0.121724770987714,0.101800317910153,0.0967499161367133,0.0966485158433126
"ORD-029423",2026-03-27,0,0.0969127712246978,0.0751214149784664,0.09084463491971,0.0967499161367133,0.0966485158433126
"ORD-029471",2026-03-27,0,0.0969127712246978,0.059545329603966,0.087287601841233,0.0967499161367133,0.0956981529605399
"ORD-029488",2026-03-27,0,0.0969127712246978,0.0987251032009184,0.0963196703637776,0.0967499161367133,0.0966485158433126
"ORD-029509",2026-03-27,0,0.0969127712246978,0.112633297916429,0.0994786989492568,0.0967499161367133,0.0966485158433126
"ORD-029534",2026-03-27,0,0.0969127712246978,0.131682698954572,0.10428499662538,0.0967499161367133,0.0966485158433126
"ORD-029535",2026-03-27,0,0.0969127712246978,0.0828005863007483,0.0924870703724209,0.0967499161367133,0.0966485158433126
"ORD-029536",2026-03-27,0,0.0969127712246978,0.144781589193654,0.10720228228388,0.100541500134285,0.102408918308548
"ORD-029555",2026-03-27,0,0.0969127712246978,0.124702749809711,0.102522008788969,0.0967499161367133,0.0966485158433126
"ORD-029576",2026-03-27,0,0.0969127712246978,0.12449157311249,0.102301753969596,0.0967499161367133,0.0966485158433126
"ORD-029592",2026-03-27,0,0.0969127712246978,0.112633297916429,0.0994786989492568,0.0967499161367133,0.0966485158433126
"ORD-029598",2026-03-27,0,0.0969127712246978,0.0933968237777607,0.0962832790986798,0.0967499161367133,0.0966485158433126
"ORD-029600",2026-03-27,0,0.0969127712246978,0.0879521132194504,0.0936663197692105,0.0967499161367133,0.0966485158433126
"ORD-029603",2026-03-27,0,0.0969127712246978,0.112633297916429,0.0994786989492568,0.0967499161367133,0.0966485158433126
"ORD-029616",2026-03-27,0,0.0969127712246978,0.0834251037088066,0.0926136407692694,0.0967499161367133,0.0966485158433126
"ORD-029627",2026-03-27,0,0.0969127712246978,0.123143609015653,0.10224173726071,0.0967499161367133,0.0966485158433126
"ORD-029649",2026-03-27,0,0.0969127712246978,0.123143609015653,0.10224173726071,0.0967499161367133,0.0966485158433126
"ORD-029414",2026-03-27,0,0.0969127712246978,0.151532007572384,0.109290017787483,0.0989612395558877,0.101471725540576
"ORD-029420",2026-03-27,0,0.0969127712246978,0.102930884643958,0.0973611451481434,0.0967499161367133,0.0966485158433126
"ORD-029437",2026-03-27,0,0.0969127712246978,0.12449157311249,0.102301753969596,0.0967499161367133,0.0966485158433126
"ORD-029482",2026-03-27,1,0.0969127712246978,0.0987251032009184,0.0963196703637776,0.0967499161367133,0.0966485158433126
"ORD-029483",2026-03-27,0,0.0969127712246978,0.12771790779497,0.103226193223515,0.0967499161367133,0.0966485158433126
"ORD-029496",2026-03-27,0,0.0969127712246978,0.073560631655854,0.0907763154978596,0.0967499161367133,0.0966485158433126
"ORD-029513",2026-03-27,0,0.0969127712246978,0.0904128344554309,0.0943543605871791,0.0967499161367133,0.0966485158433126
"ORD-029543",2026-03-27,0,0.0969127712246978,0.0672640990678223,0.0892060751927649,0.0967499161367133,0.0966485158433126
"ORD-029548",2026-03-27,0,0.0969127712246978,0.0828005863007483,0.0924870703724209,0.0967499161367133,0.0966485158433126
"ORD-029552",2026-03-27,0,0.0969127712246978,0.12771790779497,0.103226193223515,0.0967499161367133,0.0966485158433126
"ORD-029558",2026-03-27,0,0.0969127712246978,0.1073137070167,0.0983170305041411,0.0967499161367133,0.0966485158433126
"ORD-029583",2026-03-27,0,0.0969127712246978,0.0977836573947545,0.0960391449031679,0.0967499161367133,0.0966485158433126
"ORD-029611",2026-03-27,0,0.0969127712246978,0.0779834290828429,0.091286125208738,0.0967499161367133,0.0966485158433126
"ORD-029654",2026-03-27,0,0.0969127712246978,0.112462674979672,0.0992530728918262,0.0967499161367133,0.0966485158433126
"ORD-029415",2026-03-27,0,0.0969127712246978,0.0483171063509999,0.0849807890075343,0.0967499161367133,0.0966485158433126
"ORD-029431",2026-03-27,0,0.0969127712246978,0.10938039895558,0.0985804052283952,0.0967499161367133,0.0966485158433126
"ORD-029459",2026-03-27,0,0.0969127712246978,0.0828005863007483,0.0924870703724209,0.0967499161367133,0.0966485158433126
"ORD-029460",2026-03-27,0,0.0969127712246978,0.112462674979672,0.0992530728918262,0.0967499161367133,0.0966485158433126
"ORD-029465",2026-03-27,0,0.0969127712246978,0.120139878324782,0.101460831756225,0.0967499161367133,0.0966485158433126
"ORD-029484",2026-03-27,1,0.0969127712246978,0.121632491176176,0.1017570331181,0.0967499161367133,0.0966485158433126
"ORD-029492",2026-03-27,0,0.0969127712246978,0.0943754331722565,0.0953588441456639,0.0967499161367133,0.0966485158433126
"ORD-029495",2026-03-27,1,0.0969127712246978,0.124702749809711,0.102522008788969,0.0967499161367133,0.0966485158433126
"ORD-029516",2026-03-27,0,0.0969127712246978,0.0687320356490523,0.0894287092029163,0.0967499161367133,0.0966485158433126
"ORD-029551",2026-03-27,0,0.0969127712246978,0.109821916675151,0.0988003383816367,0.0967499161367133,0.0966485158433126
"ORD-029556",2026-03-27,0,0.0969127712246978,0.0834251037088066,0.0926136407692694,0.0967499161367133,0.0966485158433126
"ORD-029563",2026-03-27,0,0.0969127712246978,0.0977836573947545,0.0960391449031679,0.0967499161367133,0.0966485158433126
"ORD-029568",2026-03-27,0,0.0969127712246978,0.0779834290828429,0.091286125208738,0.0967499161367133,0.0966485158433126
"ORD-029586",2026-03-27,0,0.0969127712246978,0.112633297916429,0.0994786989492568,0.0967499161367133,0.0966485158433126
"ORD-029587",2026-03-27,0,0.0969127712246978,0.151532007572384,0.109290017787483,0.0989612395558877,0.101471725540576
"ORD-029597",2026-03-27,1,0.0969127712246978,0.131682698954572,0.10428499662538,0.0967499161367133,0.0966485158433126
"ORD-029605",2026-03-27,1,0.0969127712246978,0.109796342033852,0.0987241884275774,0.0967499161367133,0.0966485158433126
"ORD-029615",2026-03-27,0,0.0969127712246978,0.0902654449730332,0.094267473141751,0.0967499161367133,0.0966485158433126
"ORD-029618",2026-03-27,0,0.0969127712246978,0.0913273276388989,0.0944127255110097,0.0967499161367133,0.0966485158433126
"ORD-029622",2026-03-27,0,0.0969127712246978,0.123143609015653,0.10224173726071,0.0967499161367133,0.0966485158433126
"ORD-029634",2026-03-27,0,0.0969127712246978,0.151532007572384,0.109290017787483,0.0989612395558877,0.101471725540576
"ORD-029651",2026-03-27,0,0.0969127712246978,0.0868422296272869,0.0934814574054992,0.0967499161367133,0.0966485158433126
"ORD-029653",2026-03-27,0,0.0969127712246978,0.0904128344554309,0.0943543605871791,0.0967499161367133,0.0966485158433126
"ORD-029430",2026-03-27,1,0.0969127712246978,0.0779834290828429,0.091286125208738,0.0967499161367133,0.0966485158433126
"ORD-029454",2026-03-27,0,0.0969127712246978,0.0947271981403501,0.0952760387861306,0.0967499161367133,0.0966485158433126
"ORD-029458",2026-03-27,0,0.0969127712246978,0.0977836573947545,0.0960391449031679,0.0967499161367133,0.0966485158433126
"ORD-029462",2026-03-27,0,0.0969127712246978,0.120139878324782,0.101460831756225,0.0967499161367133,0.0966485158433126
"ORD-029463",2026-03-27,0,0.0969127712246978,0.0940610748598901,0.0949704256955551,0.0967499161367133,0.0966485158433126
"ORD-029472",2026-03-27,0,0.0969127712246978,0.0553520507776505,0.0865399336640255,0.0967499161367133,0.0966485158433126
"ORD-029501",2026-03-27,0,0.0969127712246978,0.0981507676385936,0.0960076020122332,0.0967499161367133,0.0966485158433126
"ORD-029522",2026-03-27,1,0.0969127712246978,0.131682698954572,0.10428499662538,0.0967499161367133,0.0966485158433126
"ORD-029554",2026-03-27,0,0.0969127712246978,0.0989834641105383,0.0961649986228675,0.0967499161367133,0.0966485158433126
"ORD-029561",2026-03-27,0,0.0969127712246978,0.0673718941508148,0.0891128270985958,0.0967499161367133,0.0966485158433126
"ORD-029578",2026-03-27,0,0.0969127712246978,0.0834251037088066,0.0926136407692694,0.0967499161367133,0.0966485158433126
"ORD-029584",2026-03-27,0,0.0969127712246978,0.109796342033852,0.0987241884275774,0.0967499161367133,0.0966485158433126
"ORD-029591",2026-03-27,0,0.0969127712246978,0.0981182406820638,0.0960966147646613,0.0967499161367133,0.0966485158433126
"ORD-029606",2026-03-27,0,0.0969127712246978,0.0987251032009184,0.0963196703637776,0.0967499161367133,0.0966485158433126
"ORD-029613",2026-03-27,0,0.0969127712246978,0.0700273175626762,0.0896243968864677,0.0967499161367133,0.0966485158433126
"ORD-029614",2026-03-27,0,0.0969127712246978,0.0834251037088066,0.0926136407692694,0.0967499161367133,0.0966485158433126
"ORD-029639",2026-03-27,1,0.0969127712246978,0.0754885441442651,0.0910780253997138,0.0967499161367133,0.0966485158433126
"ORD-029641",2026-03-27,0,0.0969127712246978,0.000000494765462513087,0.0752709415210456,0.0967499161367133,0.0966485158433126
"ORD-029657",2026-03-27,0,0.0969127712246978,0.0751214149784664,0.09084463491971,0.0967499161367133,0.0966485158433126
"ORD-029427",2026-03-27,0,0.0969127712246978,0.162717030418562,0.110638964079197,0.0989612395558877,0.101471725540576
"ORD-029439",2026-03-27,0,0.0969127712246978,0.0745044328101197,0.0906638116185846,0.0967499161367133,0.0966485158433126
"ORD-029453",2026-03-27,0,0.0969127712246978,0.105494635453648,0.0972423938888768,0.0967499161367133,0.0966485158433126
"ORD-029477",2026-03-27,0,0.0969127712246978,0.133995873568041,0.103574475400896,0.0967499161367133,0.0966485158433126
"ORD-029507",2026-03-27,0,0.0969127712246978,0.0807593172496721,0.0918524061013664,0.0967499161367133,0.0966485158433126
"ORD-029510",2026-03-27,1,0.0969127712246978,0.0973447974501104,0.0954767536002935,0.0967499161367133,0.0966485158433126
"ORD-029518",2026-03-27,1,0.0969127712246978,0.0743408433321695,0.0905574346145756,0.0967499161367133,0.0966485158433126
"ORD-029566",2026-03-27,0,0.0969127712246978,0.0727624767571591,0.0903322693877527,0.0967499161367133,0.0966485158433126
"ORD-029572",2026-03-27,0,0.0969127712246978,0.133995873568041,0.103574475400896,0.0967499161367133,0.0966485158433126
"ORD-029608",2026-03-27,0,0.0969127712246978,0.134056944205933,0.104061394703499,0.0967499161367133,0.0966485158433126
"ORD-029619",2026-03-27,0,0.0969127712246978,0.0842788649888212,0.0924359141788792,0.0967499161367133,0.0966485158433126
"ORD-029640",2026-03-27,0,0.0969127712246978,0.129361037674952,0.10272428854584,0.0967499161367133,0.0966485158433126
"ORD-029644",2026-03-27,0,0.0969127712246978,0.107816475355626,0.0979051537132598,0.0967499161367133,0.0966485158433126
"ORD-029645",2026-03-27,0,0.0969127712246978,0.0807593172496721,0.0918524061013664,0.0967499161367133,0.0966485158433126
"ORD-029419",2026-03-27,0,0.0969127712246978,0.0743408433321695,0.0905574346145756,0.0967499161367133,0.0966485158433126
"ORD-029438",2026-03-27,0,0.0969127712246978,0.0973447974501104,0.0954767536002935,0.0967499161367133,0.0966485158433126
"ORD-029446",2026-03-27,0,0.0969127712246978,0.152487526732808,0.1074987768495,0.0967499161367133,0.0966485158433126
"ORD-029490",2026-03-27,0,0.0969127712246978,0.124613938220687,0.101408186346242,0.0967499161367133,0.0966485158433126
"ORD-029502",2026-03-27,0,0.0969127712246978,0.133995873568041,0.103574475400896,0.0967499161367133,0.0966485158433126
"ORD-029521",2026-03-27,0,0.0969127712246978,0.0842788649888212,0.0924359141788792,0.0967499161367133,0.0966485158433126
"ORD-029529",2026-03-27,0,0.0969127712246978,0.0928978241525771,0.094372514336018,0.0967499161367133,0.0966485158433126
"ORD-029532",2026-03-27,0,0.0969127712246978,0.121357769140244,0.100720239700721,0.0967499161367133,0.0966485158433126
"ORD-029541",2026-03-27,0,0.0969127712246978,0.0644563529459832,0.0883919265462312,0.0967499161367133,0.0956981529605399
"ORD-029542",2026-03-27,0,0.0969127712246978,0.0842788649888212,0.0924359141788792,0.0967499161367133,0.0966485158433126
"ORD-029573",2026-03-27,0,0.0969127712246978,0.0949694089360845,0.0948429593516038,0.0967499161367133,0.0966485158433126
"ORD-029574",2026-03-27,0,0.0969127712246978,0.124613938220687,0.101408186346242,0.0967499161367133,0.0966485158433126
"ORD-029580",2026-03-27,0,0.0969127712246978,0.0937800781146826,0.0946560172721728,0.0967499161367133,0.0966485158433126
"ORD-029594",2026-03-27,0,0.0969127712246978,0.0745044328101197,0.0906638116185846,0.0967499161367133,0.0966485158433126
"ORD-029599",2026-03-27,0,0.0969127712246978,0.141647182560962,0.105579489441418,0.0967499161367133,0.0966485158433126
"ORD-029621",2026-03-27,0,0.0969127712246978,0.0949694089360845,0.0948429593516038,0.0967499161367133,0.0966485158433126
"ORD-029650",2026-03-27,0,0.0969127712246978,0.0572304352948321,0.0870366375287353,0.0967499161367133,0.0966485158433126
"ORD-029652",2026-03-27,0,0.0969127712246978,0.101511527995887,0.0961617093534974,0.0967499161367133,0.0966485158433126
"ORD-029656",2026-03-27,0,0.0969127712246978,0.164816184195049,0.111322426005537,0.0995408243258331,0.102132575198061
"ORD-029469",2026-03-27,0,0.0969127712246978,0.115236882915347,0.0993315039954218,0.0967499161367133,0.0966485158433126
"ORD-029479",2026-03-27,0,0.0969127712246978,0.0934344269805488,0.0947340252873711,0.0967499161367133,0.0966485158433126
"ORD-029480",2026-03-27,1,0.0969127712246978,0.11833036867347,0.0999573577766337,0.0967499161367133,0.0966485158433126
"ORD-029500",2026-03-27,0,0.0969127712246978,0.0603098516203458,0.0876127979845883,0.0967499161367133,0.0966485158433126
"ORD-029524",2026-03-27,0,0.0969127712246978,0.0807593172496721,0.0918524061013664,0.0967499161367133,0.0966485158433126
"ORD-029540",2026-03-27,0,0.0969127712246978,0.106777858366786,0.097369654553611,0.0967499161367133,0.0966485158433126
"ORD-029544",2026-03-27,0,0.0969127712246978,0.0928978241525771,0.094372514336018,0.0967499161367133,0.0966485158433126
"ORD-029562",2026-03-27,0,0.0969127712246978,0.115186005729176,0.0992855360125645,0.0967499161367133,0.0966485158433126
"ORD-029564",2026-03-27,0,0.0969127712246978,0.118357666837249,0.100034353349225,0.0967499161367133,0.0966485158433126
"ORD-029610",2026-03-27,0,0.0969127712246978,0.105494635453648,0.0972423938888768,0.0967499161367133,0.0966485158433126
"ORD-029630",2026-03-27,0,0.0969127712246978,0.119319621647829,0.100232708019123,0.0967499161367133,0.0966485158433126
"ORD-029655",2026-03-27,0,0.0969127712246978,0.124709876526964,0.101575667919258,0.0967499161367133,0.0966485158433126
"ORD-029434",2026-03-27,0,0.0969127712246978,0.0816003982287208,0.0922254592776511,0.0967499161367133,0.0966485158433126
"ORD-029435",2026-03-27,0,0.0969127712246978,0.0894471749096808,0.0936504268728813,0.0967499161367133,0.0966485158433126
"ORD-029444",2026-03-27,0,0.0969127712246978,0.11833036867347,0.0999573577766337,0.0967499161367133,0.0966485158433126
"ORD-029450",2026-03-27,1,0.0969127712246978,0.130951163164718,0.103023755489849,0.0967499161367133,0.0966485158433126
"ORD-029481",2026-03-27,0,0.0969127712246978,0.11833036867347,0.0999573577766337,0.0967499161367133,0.0966485158433126
"ORD-029486",2026-03-27,1,0.0969127712246978,0.11833036867347,0.0999573577766337,0.0967499161367133,0.0966485158433126
"ORD-029560",2026-03-27,0,0.0969127712246978,0.0949694089360845,0.0948429593516038,0.0967499161367133,0.0966485158433126
"ORD-029567",2026-03-27,0,0.0969127712246978,0.0985848079080869,0.0955977524724244,0.0967499161367133,0.0966485158433126
"ORD-029577",2026-03-27,0,0.0969127712246978,0.129361037674952,0.10272428854584,0.0967499161367133,0.0966485158433126
"ORD-029637",2026-03-27,0,0.0969127712246978,0.106777858366786,0.097369654553611,0.0967499161367133,0.0966485158433126
"ORD-029642",2026-03-27,0,0.0969127712246978,0.105852507603301,0.0973005062730406,0.0967499161367133,0.0966485158433126
"ORD-029425",2026-03-27,0,0.0969127712246978,0.13256058086587,0.103513798130209,0.0967499161367133,0.0966485158433126
"ORD-029443",2026-03-27,0,0.0969127712246978,0.162717030418562,0.110638964079197,0.0989612395558877,0.101471725540576
"ORD-029451",2026-03-27,0,0.0969127712246978,0.137429858225631,0.104509076558041,0.0967499161367133,0.0966485158433126
"ORD-029468",2026-03-27,0,0.0969127712246978,0.0644563529459832,0.0883919265462312,0.0967499161367133,0.0956981529605399
"ORD-029515",2026-03-27,0,0.0969127712246978,0.115186005729176,0.0992855360125645,0.0967499161367133,0.0966485158433126
"ORD-029523",2026-03-27,0,0.0969127712246978,0.102224460369401,0.0964707473417716,0.0967499161367133,0.0966485158433126
"ORD-029550",2026-03-27,0,0.0969127712246978,0.106777858366786,0.097369654553611,0.0967499161367133,0.0966485158433126
"ORD-029571",2026-03-27,0,0.0969127712246978,0.11833036867347,0.0999573577766337,0.0967499161367133,0.0966485158433126
"ORD-029588",2026-03-27,1,0.0969127712246978,0.134220700894597,0.10379715354559,0.0967499161367133,0.0966485158433126
"ORD-029589",2026-03-27,0,0.0969127712246978,0.0812061557024603,0.0919894260433025,0.0967499161367133,0.0966485158433126
"ORD-029596",2026-03-27,0,0.0969127712246978,0.152487526732808,0.1074987768495,0.0967499161367133,0.0966485158433126
"ORD-029604",2026-03-27,0,0.0969127712246978,0.115679843822021,0.0995456757496879,0.0967499161367133,0.0966485158433126
"ORD-029607",2026-03-27,0,0.0969127712246978,0.118357666837249,0.100034353349225,0.0967499161367133,0.0966485158433126
"ORD-029617",2026-03-27,0,0.0969127712246978,0.0517320653192815,0.0859181373630984,0.0967499161367133,0.0966485158433126
"ORD-029625",2026-03-27,0,0.0969127712246978,0.118357666837249,0.100034353349225,0.0967499161367133,0.0966485158433126
"ORD-029442",2026-03-27,1,0.0969127712246978,0.08864513177032,0.0941556998990329,0.0967499161367133,0.0966485158433126
"ORD-029452",2026-03-27,0,0.0969127712246978,0.122980017131718,0.102102686370758,0.0967499161367133,0.0966485158433126
"ORD-029464",2026-03-27,0,0.0969127712246978,0.0966734152591185,0.0959662195685539,0.0967499161367133,0.0966485158433126
"ORD-029475",2026-03-27,0,0.0969127712246978,0.0605064349523797,0.0878848827855341,0.0967499161367133,0.0966485158433126
"ORD-029497",2026-03-27,0,0.0969127712246978,0.130710579510627,0.103877924652883,0.0967499161367133,0.0966485158433126
"ORD-029503",2026-03-27,0,0.0969127712246978,0.108622594422414,0.0986929476894918,0.0967499161367133,0.0966485158433126
"ORD-029504",2026-03-27,0,0.0969127712246978,0.0769904302621685,0.0914261635323163,0.0967499161367133,0.0966485158433126
"ORD-029505",2026-03-27,0,0.0969127712246978,0.101117171468337,0.0969325098971412,0.0967499161367133,0.0966485158433126
"ORD-029508",2026-03-27,0,0.0969127712246978,0.115319237708499,0.100109411370182,0.0967499161367133,0.0966485158433126
"ORD-029527",2026-03-27,0,0.0969127712246978,0.0599011289745987,0.0876423199989183,0.0967499161367133,0.0966485158433126
"ORD-029537",2026-03-27,0,0.0969127712246978,0.148106206664698,0.10787609745385,0.100541500134285,0.102408918308548
"ORD-029569",2026-03-27,0,0.0969127712246978,0.170879497581276,0.113429576071759,0.0967499161367133,0.0966485158433126
"ORD-029602",2026-03-27,0,0.0969127712246978,0.0692343074347041,0.0896608668123244,0.0967499161367133,0.0966485158433126
"ORD-029624",2026-03-27,0,0.0969127712246978,0.124597071334721,0.102444075303247,0.0967499161367133,0.0966485158433126
"ORD-029632",2026-03-27,0,0.0969127712246978,0.122980017131718,0.102102686370758,0.0967499161367133,0.0966485158433126
"ORD-029413",2026-03-27,0,0.0969127712246978,0.134753921225021,0.104942630660321,0.0967499161367133,0.0966485158433126
"ORD-029426",2026-03-27,0,0.0969127712246978,0.100530472209663,0.0966186682815841,0.0967499161367133,0.0966485158433126
"ORD-029429",2026-03-27,0,0.0969127712246978,0.105412938538001,0.0979798926655706,0.0967499161367133,0.0966485158433126
"ORD-029432",2026-03-27,0,0.0969127712246978,0.08864513177032,0.0941556998990329,0.0967499161367133,0.0966485158433126
"ORD-029436",2026-03-27,1,0.0969127712246978,0.0881333603380149,0.0937961672100653,0.0967499161367133,0.0966485158433126
"ORD-029445",2026-03-27,0,0.0969127712246978,0.0935587577871487,0.0950147076885496,0.0967499161367133,0.0966485158433126
"ORD-029456",2026-03-27,0,0.0969127712246978,0.0690624992409692,0.0896843633762239,0.0967499161367133,0.0966485158433126
"ORD-029487",2026-03-27,0,0.0969127712246978,0.10138108819376,0.0967769594383588,0.0967499161367133,0.0966485158433126
"ORD-029506",2026-03-27,0,0.0969127712246978,0.0765648558608506,0.0912898982295802,0.0967499161367133,0.0966485158433126
"ORD-029512",2026-03-27,0,0.0969127712246978,0.126044584406621,0.102887966315038,0.0967499161367133,0.0966485158433126
"ORD-029517",2026-03-27,0,0.0969127712246978,0.134753921225021,0.104942630660321,0.0967499161367133,0.0966485158433126
"ORD-029531",2026-03-27,0,0.0969127712246978,0.0489649100944084,0.0853885541667818,0.0967499161367133,0.0966485158433126
"ORD-029549",2026-03-27,0,0.0969127712246978,0.112423200672189,0.0993506448875784,0.0967499161367133,0.0966485158433126
"ORD-029557",2026-03-27,0,0.0969127712246978,0.109464971294736,0.0987281731657808,0.0967499161367133,0.0966485158433126
"ORD-029565",2026-03-27,0,0.0969127712246978,0.112449309891948,0.0994272247457683,0.0967499161367133,0.0966485158433126
"ORD-029570",2026-03-27,0,0.0969127712246978,0.08864513177032,0.0941556998990329,0.0967499161367133,0.0966485158433126
"ORD-029585",2026-03-27,0,0.0969127712246978,0.127635108538792,0.103169805749514,0.0967499161367133,0.0966485158433126
"ORD-029595",2026-03-27,0,0.0969127712246978,0.100497244504673,0.0967081869711968,0.0967499161367133,0.0966485158433126
"ORD-029620",2026-03-27,0,0.0969127712246978,0.126044584406621,0.102887966315038,0.0967499161367133,0.0966485158433126
"ORD-029635",2026-03-27,0,0.0969127712246978,0.0756418763332434,0.0910945098260041,0.0967499161367133,0.0966485158433126
"ORD-029648",2026-03-27,0,0.0969127712246978,0.08864513177032,0.0941556998990329,0.0967499161367133,0.0966485158433126
"ORD-029447",2026-03-27,0,0.0969127712246978,0.124502922704673,0.102400547995976,0.0967499161367133,0.0966485158433126
"ORD-029461",2026-03-27,0,0.0969127712246978,0.057111503290765,0.0870737642455042,0.0967499161367133,0.0966485158433126
"ORD-029466",2026-03-27,0,0.0969127712246978,0.097032827760434,0.0958829426923568,0.0967499161367133,0.0966485158433126
"ORD-029473",2026-03-27,0,0.0969127712246978,0.100530472209663,0.0966186682815841,0.0967499161367133,0.0966485158433126
"ORD-029489",2026-03-27,0,0.0969127712246978,0.148106206664698,0.10787609745385,0.100541500134285,0.102408918308548
"ORD-029519",2026-03-27,1,0.0969127712246978,0.0901092536377759,0.0942640381973296,0.0967499161367133,0.0966485158433126
"ORD-029526",2026-03-27,0,0.0969127712246978,0.101117171468337,0.0969325098971412,0.0967499161367133,0.0966485158433126
"ORD-029530",2026-03-27,0,0.0969127712246978,0.154983543775324,0.109975338905025,0.0989612395558877,0.101471725540576
"ORD-029575",2026-03-27,0,0.0969127712246978,0.0923754870417133,0.0948943693501511,0.0967499161367133,0.0966485158433126
"ORD-029581",2026-03-27,0,0.0969127712246978,0.148106206664698,0.10787609745385,0.100541500134285,0.102408918308548
"ORD-029590",2026-03-27,0,0.0969127712246978,0.0599011289745987,0.0876423199989183,0.0967499161367133,0.0966485158433126
"ORD-029609",2026-03-27,0,0.0969127712246978,0.0769904302621685,0.0914261635323163,0.0967499161367133,0.0966485158433126
"ORD-029612",2026-03-27,0,0.0969127712246978,0.096352216898951,0.0955755885156125,0.0967499161367133,0.0966485158433126
"ORD-029416",2026-03-27,0,0.0969127712246978,0.0704541932471327,0.090002071251903,0.0967499161367133,0.0966485158433126
"ORD-029422",2026-03-27,0,0.0969127712246978,0.108311587360773,0.0982138962326642,0.0967499161367133,0.0966485158433126
"ORD-029424",2026-03-27,0,0.0969127712246978,0.113369419267518,0.0996245088257147,0.0967499161367133,0.0966485158433126
"ORD-029433",2026-03-27,1,0.0969127712246978,0.0690624992409692,0.0896843633762239,0.0967499161367133,0.0966485158433126
"ORD-029448",2026-03-27,1,0.0969127712246978,0.148106206664698,0.10787609745385,0.100541500134285,0.102408918308548
"ORD-029476",2026-03-27,0,0.0969127712246978,0.127419688949342,0.10294831886539,0.0967499161367133,0.0966485158433126
"ORD-029478",2026-03-27,0,0.0969127712246978,0.157001638246051,0.110655211410339,0.0995408243258331,0.102132575198061
"ORD-029498",2026-03-27,0,0.0969127712246978,0.0765648558608506,0.0912898982295802,0.0967499161367133,0.0966485158433126
"ORD-029593",2026-03-27,0,0.0969127712246978,0.0889748042787359,0.0940781186114397,0.0967499161367133,0.0966485158433126
"ORD-029629",2026-03-27,0,0.0969127712246978,0.130710579510627,0.103877924652883,0.0967499161367133,0.0966485158433126
"ORD-029631",2026-03-27,0,0.0969127712246978,0.100497244504673,0.0967081869711968,0.0967499161367133,0.0966485158433126
"ORD-029636",2026-03-27,0,0.0969127712246978,0.100530472209663,0.0966186682815841,0.0967499161367133,0.0966485158433126
"ORD-029643",2026-03-27,0,0.0969127712246978,0.0901092536377759,0.0942640381973296,0.0967499161367133,0.0966485158433126
"ORD-029646",2026-03-27,0,0.0969127712246978,0.122980017131718,0.102102686370758,0.0967499161367133,0.0966485158433126
"ORD-029428",2026-03-27,0,0.0969127712246978,0.0928048607569672,0.0953082728103888,0.0967499161367133,0.0966485158433126
"ORD-029494",2026-03-27,0,0.0969127712246978,0.0719884589206395,0.0909577241895088,0.0967499161367133,0.0966485158433126
"ORD-029499",2026-03-27,0,0.0969127712246978,0.0799075631798769,0.0924873161052733,0.0967499161367133,0.0966485158433126
"ORD-029538",2026-03-27,0,0.0969127712246978,0.0891760256383003,0.094425263774164,0.0967499161367133,0.0966485158433126
"ORD-029553",2026-03-27,1,0.0969127712246978,0.0789477327833906,0.092289625145007,0.0967499161367133,0.0966485158433126
"ORD-029579",2026-03-27,0,0.0969127712246978,0.114016194946976,0.0999661701814598,0.0967499161367133,0.0966485158433126
"ORD-029601",2026-03-27,0,0.0969127712246978,0.0924624373008882,0.0953867617283125,0.0967499161367133,0.0966485158433126
"ORD-029623",2026-03-27,1,0.0969127712246978,0.120133789081438,0.101409601880828,0.0967499161367133,0.0966485158433126
"ORD-029626",2026-03-27,0,0.0969127712246978,0.0637646161192203,0.0890052610508597,0.0967499161367133,0.0956981529605399
"ORD-029633",2026-03-27,0,0.0969127712246978,0.119953339923288,0.101180088436068,0.0967499161367133,0.0966485158433126
"ORD-029658",2026-03-27,0,0.0969127712246978,0.0833933584024718,0.0930744441834926,0.0967499161367133,0.0966485158433126
"ORD-029440",2026-03-27,0,0.0969127712246978,0.131240489202574,0.104220064462009,0.0967499161367133,0.0966485158433126
"ORD-029467",2026-03-27,0,0.0969127712246978,0.107428184366187,0.098489244833243,0.0967499161367133,0.0966485158433126
"ORD-029485",2026-03-27,0,0.0969127712246978,0.100464824599174,0.096823230699063,0.0967499161367133,0.0966485158433126
"ORD-029491",2026-03-27,0,0.0969127712246978,0.125553214306196,0.102098582951879,0.0967499161367133,0.0966485158433126
"ORD-029533",2026-03-27,0,0.0969127712246978,0.109865265915762,0.099255476187735,0.0967499161367133,0.0966485158433126
"ORD-029547",2026-03-27,0,0.0969127712246978,0.151003538975015,0.108228949936334,0.0967499161367133,0.0966485158433126
"ORD-029421",2026-03-27,0,0.0969127712246978,0.118113434456997,0.100919107839119,0.0967499161367133,0.0966485158433126
"ORD-029457",2026-03-27,0,0.0969127712246978,0.0722221303922753,0.0908758507447373,0.0967499161367133,0.0966485158433126
"ORD-029474",2026-03-27,0,0.0969127712246978,0.0631960350223573,0.0890420146034652,0.0967499161367133,0.0966485158433126
"ORD-029528",2026-03-27,0,0.0969127712246978,0.0737133578611467,0.0912913316206093,0.0967499161367133,0.0966485158433126
"ORD-029539",2026-03-27,0,0.0969127712246978,0.0975650054829744,0.0962558073775548,0.0967499161367133,0.0966485158433126
"ORD-029545",2026-03-27,0,0.0969127712246978,0.122768120785482,0.102008376738317,0.0967499161367133,0.0966485158433126
"ORD-029546",2026-03-27,0,0.0969127712246978,0.0592929414063189,0.0882443026208727,0.0967499161367133,0.0966485158433126
"ORD-029559",2026-03-27,1,0.0969127712246978,0.129742163976207,0.103771091139911,0.0967499161367133,0.0966485158433126
"ORD-029582",2026-03-27,0,0.0969127712246978,0.104766262806995,0.0979690125450156,0.0967499161367133,0.0966485158433126
"ORD-029647",2026-03-27,0,0.0969127712246978,0.0786899249587444,0.0925556644092708,0.0967499161367133,0.0966485158433126
"ORD-029664",2026-03-28,0,0.0969127712246978,0.0885539789095982,0.0953369260089298,0.0967499161367133,0.0966485158433126
"ORD-029676",2026-03-28,0,0.0969127712246978,0.108119869311334,0.100006687019437,0.0967499161367133,0.0966485158433126
"ORD-029714",2026-03-28,0,0.0969127712246978,0.100060994782055,0.0979077954932352,0.0967499161367133,0.0966485158433126
"ORD-029716",2026-03-28,0,0.0969127712246978,0.123936919560949,0.103757959081148,0.0967499161367133,0.0966485158433126
"ORD-029717",2026-03-28,0,0.0969127712246978,0.104923319742829,0.0992851858304369,0.0967499161367133,0.0966485158433126
"ORD-029729",2026-03-28,0,0.0969127712246978,0.114789510557925,0.10143988369302,0.0967499161367133,0.0966485158433126
"ORD-029738",2026-03-28,0,0.0969127712246978,0.0978951817589654,0.0973862372599862,0.0967499161367133,0.0966485158433126
"ORD-029772",2026-03-28,0,0.0969127712246978,0.109380636054215,0.100257863131052,0.0967499161367133,0.0966485158433126
"ORD-029803",2026-03-28,0,0.0969127712246978,0.05648148872969,0.0882710393373914,0.0967499161367133,0.0966485158433126
"ORD-029813",2026-03-28,0,0.0969127712246978,0.125472577146125,0.104251088139185,0.0967499161367133,0.0966485158433126
"ORD-029817",2026-03-28,0,0.0969127712246978,0.0885539789095982,0.0953369260089298,0.0967499161367133,0.0966485158433126
"ORD-029856",2026-03-28,1,0.0969127712246978,0.0952242980515561,0.0981883361762735,0.0967499161367133,0.0966485158433126
"ORD-029675",2026-03-28,0,0.0969127712246978,0.0919402006310323,0.0961629392073171,0.0967499161367133,0.0966485158433126
"ORD-029688",2026-03-28,0,0.0969127712246978,0.0919402006310323,0.0961629392073171,0.0967499161367133,0.0966485158433126
"ORD-029698",2026-03-28,0,0.0969127712246978,0.111905093931239,0.100672161194555,0.0967499161367133,0.0966485158433126
"ORD-029723",2026-03-28,0,0.0969127712246978,0.0920378684707488,0.0961368884717041,0.0967499161367133,0.0966485158433126
"ORD-029736",2026-03-28,0,0.0969127712246978,0.156314271044501,0.11210837875111,0.0995408243258331,0.102132575198061
"ORD-029746",2026-03-28,0,0.0969127712246978,0.0702692181347246,0.0913188990761846,0.0967499161367133,0.0966485158433126
"ORD-029788",2026-03-28,0,0.0969127712246978,0.0962200234237924,0.0972475786391784,0.0967499161367133,0.0966485158433126
"ORD-029806",2026-03-28,0,0.0969127712246978,0.122419969197139,0.103456604125108,0.0967499161367133,0.0966485158433126
"ORD-029807",2026-03-28,0,0.0969127712246978,0.111905093931239,0.100672161194555,0.0967499161367133,0.0966485158433126
"ORD-029812",2026-03-28,0,0.0969127712246978,0.108910377460507,0.099996068936592,0.0967499161367133,0.0966485158433126
"ORD-029862",2026-03-28,0,0.0969127712246978,0.114789510557925,0.10143988369302,0.0967499161367133,0.0966485158433126
"ORD-029863",2026-03-28,0,0.0969127712246978,0.100645260731362,0.0982253692164332,0.0967499161367133,0.0966485158433126
"ORD-029865",2026-03-28,0,0.0969127712246978,0.0766215202741142,0.0926531157420209,0.0967499161367133,0.0966485158433126
"ORD-029871",2026-03-28,0,0.0969127712246978,0.111905093931239,0.100672161194555,0.0967499161367133,0.0966485158433126
"ORD-029878",2026-03-28,1,0.0969127712246978,0.154303394730248,0.111420696474933,0.0989612395558877,0.101471725540576
"ORD-029883",2026-03-28,0,0.0969127712246978,0.0607548269264697,0.0890322058125979,0.0967499161367133,0.0956981529605399
"ORD-029891",2026-03-28,0,0.0969127712246978,0.05648148872969,0.0882710393373914,0.0967499161367133,0.0966485158433126
"ORD-029666",2026-03-28,0,0.0969127712246978,0.0795357713385955,0.0931024949223084,0.0967499161367133,0.0966485158433126
"ORD-029678",2026-03-28,0,0.0969127712246978,0.101896119536844,0.0986068894652674,0.0967499161367133,0.0966485158433126
"ORD-029690",2026-03-28,0,0.0969127712246978,0.0714335551834982,0.091411028353816,0.0967499161367133,0.0966485158433126
"ORD-029693",2026-03-28,0,0.0969127712246978,0.0921878587734213,0.0962253159206747,0.0967499161367133,0.0966485158433126
"ORD-029695",2026-03-28,1,0.0969127712246978,0.05648148872969,0.0882710393373914,0.0967499161367133,0.0966485158433126
"ORD-029706",2026-03-28,0,0.0969127712246978,0.0931184676842207,0.0962847151225345,0.0967499161367133,0.0966485158433126
"ORD-029721",2026-03-28,0,0.0969127712246978,0.134148456612068,0.106329747510357,0.0967499161367133,0.0966485158433126
"ORD-029724",2026-03-28,0,0.0969127712246978,0.0607548269264697,0.0890322058125979,0.0967499161367133,0.0956981529605399
"ORD-029731",2026-03-28,0,0.0969127712246978,0.156314271044501,0.11210837875111,0.0995408243258331,0.102132575198061
"ORD-029743",2026-03-28,0,0.0969127712246978,0.0602113577376675,0.0890689694038397,0.0967499161367133,0.0966485158433126
"ORD-029771",2026-03-28,0,0.0969127712246978,0.114789510557925,0.10143988369302,0.0967499161367133,0.0966485158433126
"ORD-029779",2026-03-28,0,0.0969127712246978,0.0596088164155858,0.0888234567835364,0.0967499161367133,0.0966485158433126
"ORD-029783",2026-03-28,0,0.0969127712246978,0.127056932631375,0.104536226449546,0.0967499161367133,0.0966485158433126
"ORD-029790",2026-03-28,0,0.0969127712246978,0.0921878587734213,0.0962253159206747,0.0967499161367133,0.0966485158433126
"ORD-029793",2026-03-28,0,0.0969127712246978,0.0714335551834982,0.091411028353816,0.0967499161367133,0.0966485158433126
"ORD-029805",2026-03-28,0,0.0969127712246978,0.0761978167265389,0.09251520794612,0.0967499161367133,0.0966485158433126
"ORD-029816",2026-03-28,0,0.0969127712246978,0.123936919560949,0.103757959081148,0.0967499161367133,0.0966485158433126
"ORD-029846",2026-03-28,0,0.0969127712246978,0.0487231994449966,0.0865421985289654,0.0967499161367133,0.0966485158433126
"ORD-029847",2026-03-28,1,0.0969127712246978,0.114616043170171,0.101210309432725,0.0967499161367133,0.0966485158433126
"ORD-029880",2026-03-28,0,0.0969127712246978,0.170143634853116,0.114914469716668,0.0967499161367133,0.0966485158433126
"ORD-029884",2026-03-28,0,0.0969127712246978,0.0877161315724196,0.0950515978058737,0.0967499161367133,0.0966485158433126
"ORD-029659",2026-03-28,0,0.0969127712246978,0.0607548269264697,0.0890322058125979,0.0967499161367133,0.0956981529605399
"ORD-029707",2026-03-28,0,0.0969127712246978,0.0877161315724196,0.0950515978058737,0.0967499161367133,0.0966485158433126
"ORD-029712",2026-03-28,0,0.0969127712246978,0.0761978167265389,0.09251520794612,0.0967499161367133,0.0966485158433126
"ORD-029728",2026-03-28,0,0.0969127712246978,0.0568319809165635,0.0882479798638575,0.0967499161367133,0.0966485158433126
"ORD-029733",2026-03-28,0,0.0969127712246978,0.122419969197139,0.103456604125108,0.0967499161367133,0.0966485158433126
"ORD-029766",2026-03-28,0,0.0969127712246978,0.0686189420518678,0.0909852009915691,0.0967499161367133,0.0966485158433126
"ORD-029775",2026-03-28,0,0.0969127712246978,0.104652061769904,0.0991359546892584,0.0967499161367133,0.0966485158433126
"ORD-029800",2026-03-28,0,0.0969127712246978,0.0714335551834982,0.091411028353816,0.0967499161367133,0.0966485158433126
"ORD-029829",2026-03-28,0,0.0969127712246978,0.130120550005409,0.105252623273706,0.0967499161367133,0.0966485158433126
"ORD-029833",2026-03-28,0,0.0969127712246978,0.0702692181347246,0.0913188990761846,0.0967499161367133,0.0966485158433126
"ORD-029834",2026-03-28,0,0.0969127712246978,0.0885539789095982,0.0953369260089298,0.0967499161367133,0.0966485158433126
"ORD-029838",2026-03-28,0,0.0969127712246978,0.0877161315724196,0.0950515978058737,0.0967499161367133,0.0966485158433126
"ORD-029840",2026-03-28,0,0.0969127712246978,0.114789510557925,0.10143988369302,0.0967499161367133,0.0966485158433126
"ORD-029860",2026-03-28,0,0.0969127712246978,0.114789510557925,0.10143988369302,0.0967499161367133,0.0966485158433126
"ORD-029867",2026-03-28,0,0.0969127712246978,0.126842346987358,0.104312147304146,0.0967499161367133,0.0966485158433126
"ORD-029869",2026-03-28,0,0.0969127712246978,0.123936919560949,0.103757959081148,0.0967499161367133,0.0966485158433126
"ORD-029890",2026-03-28,0,0.0969127712246978,0.130120550005409,0.105252623273706,0.0967499161367133,0.0966485158433126
"ORD-029892",2026-03-28,0,0.0969127712246978,0.104652061769904,0.0991359546892584,0.0967499161367133,0.0966485158433126
"ORD-029696",2026-03-28,1,0.0969127712246978,0.0844400372994918,0.0943248555459376,0.0967499161367133,0.0966485158433126
"ORD-029708",2026-03-28,0,0.0969127712246978,0.0701142234238872,0.09121183054713,0.0967499161367133,0.0966485158433126
"ORD-029730",2026-03-28,0,0.0969127712246978,0.130120550005409,0.105252623273706,0.0967499161367133,0.0966485158433126
"ORD-029732",2026-03-28,0,0.0969127712246978,0.0686189420518678,0.0909852009915691,0.0967499161367133,0.0966485158433126
"ORD-029737",2026-03-28,0,0.0969127712246978,0.0844400372994918,0.0943248555459376,0.0967499161367133,0.0966485158433126
"ORD-029744",2026-03-28,0,0.0969127712246978,0.123936919560949,0.103757959081148,0.0967499161367133,0.0966485158433126
"ORD-029750",2026-03-28,0,0.0969127712246978,0.133602265930962,0.106529772601959,0.0967499161367133,0.0966485158433126
"ORD-029794",2026-03-28,0,0.0969127712246978,0.120000727877733,0.10212904711711,0.0967499161367133,0.0966485158433126
"ORD-029795",2026-03-28,0,0.0969127712246978,0.124030700817219,0.103801996656069,0.0967499161367133,0.0966485158433126
"ORD-029809",2026-03-28,0,0.0969127712246978,0.117322277606993,0.102038817046569,0.0967499161367133,0.0966485158433126
"ORD-029810",2026-03-28,0,0.0969127712246978,0.154303394730248,0.111420696474933,0.0989612395558877,0.101471725540576
"ORD-029826",2026-03-28,0,0.0969127712246978,0.101896119536844,0.0986068894652674,0.0967499161367133,0.0966485158433126
"ORD-029832",2026-03-28,0,0.0969127712246978,0.0602113577376675,0.0890689694038397,0.0967499161367133,0.0966485158433126
"ORD-029854",2026-03-28,0,0.0969127712246978,0.0978951817589654,0.0973862372599862,0.0967499161367133,0.0966485158433126
"ORD-029857",2026-03-28,0,0.0969127712246978,0.05648148872969,0.0882710393373914,0.0967499161367133,0.0966485158433126
"ORD-029874",2026-03-28,0,0.0969127712246978,0.0795357713385955,0.0931024949223084,0.0967499161367133,0.0966485158433126
"ORD-029875",2026-03-28,0,0.0969127712246978,0.0702692181347246,0.0913188990761846,0.0967499161367133,0.0966485158433126
"ORD-029876",2026-03-28,0,0.0969127712246978,0.108910377460507,0.099996068936592,0.0967499161367133,0.0966485158433126
"ORD-029879",2026-03-28,0,0.0969127712246978,0.114789510557925,0.10143988369302,0.0967499161367133,0.0966485158433126
"ORD-029681",2026-03-28,1,0.0969127712246978,0.0651735052867224,0.0901936040958737,0.0967499161367133,0.0966485158433126
"ORD-029686",2026-03-28,0,0.0969127712246978,0.112836926130023,0.100373694621682,0.0967499161367133,0.0966485158433126
"ORD-029709",2026-03-28,0,0.0969127712246978,0.107930074683393,0.0991318888740283,0.0967499161367133,0.0966485158433126
"ORD-029720",2026-03-28,0,0.0969127712246978,0.0744595879149521,0.0920487608978861,0.0967499161367133,0.0966485158433126
"ORD-029726",2026-03-28,0,0.0969127712246978,0.133405327334163,0.105046677005276,0.0967499161367133,0.0966485158433126
"ORD-029780",2026-03-28,0,0.0969127712246978,0.112836926130023,0.100373694621682,0.0967499161367133,0.0966485158433126
"ORD-029850",2026-03-28,0,0.0969127712246978,0.0947165546803746,0.0962437913862522,0.0967499161367133,0.0966485158433126
"ORD-029861",2026-03-28,0,0.0969127712246978,0.107930074683393,0.0991318888740283,0.0967499161367133,0.0966485158433126
"ORD-029882",2026-03-28,0,0.0969127712246978,0.131789920422211,0.104742016524532,0.0967499161367133,0.0966485158433126
"ORD-029888",2026-03-28,0,0.0969127712246978,0.0823619804815674,0.0936788818426009,0.0967499161367133,0.0966485158433126
"ORD-029694",2026-03-28,0,0.0969127712246978,0.0947165546803746,0.0962437913862522,0.0967499161367133,0.0966485158433126
"ORD-029701",2026-03-28,0,0.0969127712246978,0.0947165546803746,0.0962437913862522,0.0967499161367133,0.0966485158433126
"ORD-029705",2026-03-28,0,0.0969127712246978,0.123657725432003,0.102703109439828,0.0967499161367133,0.0966485158433126
"ORD-029725",2026-03-28,0,0.0969127712246978,0.0657586290147564,0.0901564222493888,0.0967499161367133,0.0956981529605399
"ORD-029742",2026-03-28,0,0.0969127712246978,0.0772445318736416,0.0925622302858201,0.0967499161367133,0.0966485158433126
"ORD-029751",2026-03-28,0,0.0969127712246978,0.100502541039172,0.0974907089770314,0.0967499161367133,0.0966485158433126
"ORD-029782",2026-03-28,1,0.0969127712246978,0.144268524542719,0.10764657153869,0.0967499161367133,0.0966485158433126
"ORD-029785",2026-03-28,0,0.0969127712246978,0.158390995996857,0.110646278172156,0.100541500134285,0.102408918308548
"ORD-029797",2026-03-28,0,0.0969127712246978,0.117886630400449,0.101508032075767,0.0967499161367133,0.0966485158433126
"ORD-029835",2026-03-28,0,0.0969127712246978,0.120580823940912,0.101926911003565,0.0967499161367133,0.0966485158433126
"ORD-029842",2026-03-28,0,0.0969127712246978,0.126966687628108,0.10340304233097,0.0967499161367133,0.0966485158433126
"ORD-029848",2026-03-28,1,0.0969127712246978,0.107894694610359,0.0992234803449006,0.0967499161367133,0.0966485158433126
"ORD-029853",2026-03-28,1,0.0969127712246978,0.117384622034694,0.101243340761337,0.0967499161367133,0.0966485158433126
"ORD-029859",2026-03-28,0,0.0969127712246978,0.120580823940912,0.101926911003565,0.0967499161367133,0.0966485158433126
"ORD-029895",2026-03-28,0,0.0969127712246978,0.127064174358474,0.103573438781247,0.0967499161367133,0.0966485158433126
"ORD-029697",2026-03-28,0,0.0969127712246978,0.0758266392650424,0.0923607788544151,0.0967499161367133,0.0966485158433126
"ORD-029741",2026-03-28,0,0.0969127712246978,0.12347272588113,0.102471002326639,0.0967499161367133,0.0966485158433126
"ORD-029763",2026-03-28,0,0.0969127712246978,0.110626281465125,0.0997496374281552,0.0967499161367133,0.0966485158433126
"ORD-029770",2026-03-28,1,0.0969127712246978,0.0918866994965042,0.0956391659304758,0.0967499161367133,0.0966485158433126
"ORD-029774",2026-03-28,0,0.0969127712246978,0.0956142605563932,0.0965323165933651,0.0967499161367133,0.0966485158433126
"ORD-029787",2026-03-28,0,0.0969127712246978,0.110626281465125,0.0997496374281552,0.0967499161367133,0.0966485158433126
"ORD-029798",2026-03-28,0,0.0969127712246978,0.0995062341072865,0.0974306459937201,0.0967499161367133,0.0966485158433126
"ORD-029802",2026-03-28,0,0.0969127712246978,0.136498136482748,0.105606937406659,0.0967499161367133,0.0966485158433126
"ORD-029814",2026-03-28,0,0.0969127712246978,0.121586296392807,0.102207070622004,0.0967499161367133,0.0966485158433126
"ORD-029825",2026-03-28,0,0.0969127712246978,0.143687967450754,0.107848774861774,0.0967499161367133,0.0966485158433126
"ORD-029828",2026-03-28,0,0.0969127712246978,0.165653043132846,0.112792611088949,0.0989612395558877,0.101471725540576
"ORD-029893",2026-03-28,0,0.0969127712246978,0.0912051419382658,0.095508895921508,0.0967499161367133,0.0966485158433126
"ORD-029663",2026-03-28,0,0.0969127712246978,0.0611562527653533,0.0893865875542417,0.0967499161367133,0.0966485158433126
"ORD-029677",2026-03-28,0,0.0969127712246978,0.131789920422211,0.104742016524532,0.0967499161367133,0.0966485158433126
"ORD-029682",2026-03-28,0,0.0969127712246978,0.126358233751754,0.10330864376809,0.0967499161367133,0.0966485158433126
"ORD-029689",2026-03-28,0,0.0969127712246978,0.117384622034694,0.101243340761337,0.0967499161367133,0.0966485158433126
"ORD-029691",2026-03-28,0,0.0969127712246978,0.0968243673724453,0.0967225684029169,0.0967499161367133,0.0966485158433126
"ORD-029745",2026-03-28,0,0.0969127712246978,0.11398923966268,0.100441793924428,0.0967499161367133,0.0966485158433126
"ORD-029756",2026-03-28,0,0.0969127712246978,0.0534253460958141,0.087781084738534,0.0967499161367133,0.0966485158433126
"ORD-029776",2026-03-28,0,0.0969127712246978,0.117384622034694,0.101243340761337,0.0967499161367133,0.0966485158433126
"ORD-029784",2026-03-28,0,0.0969127712246978,0.112836926130023,0.100373694621682,0.0967499161367133,0.0966485158433126
"ORD-029821",2026-03-28,0,0.0969127712246978,0.0995062341072865,0.0974306459937201,0.0967499161367133,0.0966485158433126
"ORD-029822",2026-03-28,0,0.0969127712246978,0.12347272588113,0.102471002326639,0.0967499161367133,0.0966485158433126
"ORD-029827",2026-03-28,0,0.0969127712246978,0.12347272588113,0.102471002326639,0.0967499161367133,0.0966485158433126
"ORD-029849",2026-03-28,0,0.0969127712246978,0.108554746464124,0.0994529953340045,0.0967499161367133,0.0966485158433126
"ORD-029870",2026-03-28,0,0.0969127712246978,0.135040220375956,0.1055452096451,0.0967499161367133,0.0966485158433126
"ORD-029873",2026-03-28,0,0.0969127712246978,0.128498226981054,0.104006796273161,0.0967499161367133,0.0966485158433126
"ORD-029898",2026-03-28,0,0.0969127712246978,0.112836926130023,0.100373694621682,0.0967499161367133,0.0966485158433126
"ORD-029660",2026-03-28,0,0.0969127712246978,0.126358233751754,0.10330864376809,0.0967499161367133,0.0966485158433126
"ORD-029661",2026-03-28,0,0.0969127712246978,0.144268524542719,0.10764657153869,0.0967499161367133,0.0966485158433126
"ORD-029662",2026-03-28,0,0.0969127712246978,0.155273191386978,0.109598831108668,0.0967499161367133,0.0966485158433126
"ORD-029665",2026-03-28,0,0.0969127712246978,0.155273191386978,0.109598831108668,0.0967499161367133,0.0966485158433126
"ORD-029680",2026-03-28,0,0.0969127712246978,0.136560167728071,0.106102280687297,0.0967499161367133,0.0966485158433126
"ORD-029704",2026-03-28,0,0.0969127712246978,0.0742192563619041,0.0921315839722286,0.0967499161367133,0.0966485158433126
"ORD-029715",2026-03-28,0,0.0969127712246978,0.136726499412683,0.105833469318938,0.0967499161367133,0.0966485158433126
"ORD-029727",2026-03-28,0,0.0969127712246978,0.136498136482748,0.105606937406659,0.0967499161367133,0.0966485158433126
"ORD-029739",2026-03-28,0,0.0969127712246978,0.0534253460958141,0.087781084738534,0.0967499161367133,0.0966485158433126
"ORD-029761",2026-03-28,0,0.0969127712246978,0.11654064937703,0.101254076385534,0.0967499161367133,0.0966485158433126
"ORD-029762",2026-03-28,0,0.0969127712246978,0.102756437842594,0.0994155504784534,0.0967499161367133,0.0966485158433126
"ORD-029801",2026-03-28,1,0.0969127712246978,0.0968243673724453,0.0967225684029169,0.0967499161367133,0.0966485158433126
"ORD-029851",2026-03-28,0,0.0969127712246978,0.158390995996857,0.110646278172156,0.100541500134285,0.102408918308548
"ORD-029855",2026-03-28,0,0.0969127712246978,0.107530748439782,0.0991643456363952,0.0967499161367133,0.0966485158433126
"ORD-029877",2026-03-28,1,0.0969127712246978,0.0823619804815674,0.0936788818426009,0.0967499161367133,0.0966485158433126
"ORD-029667",2026-03-28,0,0.0969127712246978,0.0552930148300614,0.0882312112175358,0.0967499161367133,0.0966485158433126
"ORD-029670",2026-03-28,0,0.0969127712246978,0.0704508298345272,0.0914720701431966,0.0967499161367133,0.0966485158433126
"ORD-029679",2026-03-28,0,0.0969127712246978,0.0579157846127877,0.0888377032529409,0.0967499161367133,0.0966485158433126
"ORD-029703",2026-03-28,0,0.0969127712246978,0.128420382295287,0.104908533387503,0.0967499161367133,0.0966485158433126
"ORD-029711",2026-03-28,0,0.0969127712246978,0.0611173837029722,0.0893933192853458,0.0967499161367133,0.0966485158433126
"ORD-029749",2026-03-28,0,0.0969127712246978,0.000000519090226889167,0.0772948202484372,0.0967499161367133,0.0966485158433126
"ORD-029758",2026-03-28,0,0.0969127712246978,0.0953890672073654,0.0968973560985405,0.0967499161367133,0.0966485158433126
"ORD-029759",2026-03-28,0,0.0969127712246978,0.136711209328226,0.107199868289524,0.0967499161367133,0.0966485158433126
"ORD-029765",2026-03-28,0,0.0969127712246978,0.078907031740401,0.0934839570169803,0.0967499161367133,0.0966485158433126
"ORD-029773",2026-03-28,0,0.0969127712246978,0.0552930148300614,0.0882312112175358,0.0967499161367133,0.0966485158433126
"ORD-029808",2026-03-28,0,0.0969127712246978,0.097540723261953,0.0988117651634939,0.0967499161367133,0.0966485158433126
"ORD-029815",2026-03-28,0,0.0969127712246978,0.128420382295287,0.104908533387503,0.0967499161367133,0.0966485158433126
"ORD-029823",2026-03-28,0,0.0969127712246978,0.0918789199570854,0.0961333926390009,0.0967499161367133,0.0966485158433126
"ORD-029836",2026-03-28,0,0.0969127712246978,0.11199880029158,0.100892962115815,0.0967499161367133,0.0966485158433126
"ORD-029866",2026-03-28,0,0.0969127712246978,0.0780913515924278,0.0931063353249734,0.0967499161367133,0.0966485158433126
"ORD-029894",2026-03-28,0,0.0969127712246978,0.105057881455987,0.0991440464592349,0.0967499161367133,0.0966485158433126
"ORD-029671",2026-03-28,0,0.0969127712246978,0.102481750651101,0.0985296378523538,0.0967499161367133,0.0966485158433126
"ORD-029692",2026-03-28,0,0.0969127712246978,0.117343012568571,0.101850758853648,0.0967499161367133,0.0966485158433126
"ORD-029702",2026-03-28,0,0.0969127712246978,0.126949548472451,0.104456940037015,0.0967499161367133,0.0966485158433126
"ORD-029722",2026-03-28,1,0.0969127712246978,0.126853879841486,0.10441265697711,0.0967499161367133,0.0966485158433126
"ORD-029735",2026-03-28,0,0.0969127712246978,0.0703384799918032,0.0915675387906647,0.0967499161367133,0.0966485158433126
"ORD-029747",2026-03-28,0,0.0969127712246978,0.0780913515924278,0.0931063353249734,0.0967499161367133,0.0966485158433126
"ORD-029754",2026-03-28,0,0.0969127712246978,0.0871691100454438,0.0950558951153394,0.0967499161367133,0.0966485158433126
"ORD-029760",2026-03-28,0,0.0969127712246978,0.114575910605528,0.101309589107254,0.0967499161367133,0.0966485158433126
"ORD-029767",2026-03-28,0,0.0969127712246978,0.100269378518712,0.0980051269281844,0.0967499161367133,0.0966485158433126
"ORD-029789",2026-03-28,0,0.0969127712246978,0.097540723261953,0.0988117651634939,0.0967499161367133,0.0966485158433126
"ORD-029791",2026-03-28,0,0.0969127712246978,0.111568156507746,0.100676215774772,0.0967499161367133,0.0966485158433126
"ORD-029799",2026-03-28,0,0.0969127712246978,0.107170661375884,0.0997647347948685,0.0967499161367133,0.0966485158433126
"ORD-029818",2026-03-28,0,0.0969127712246978,0.105057881455987,0.0991440464592349,0.0967499161367133,0.0966485158433126
"ORD-029820",2026-03-28,0,0.0969127712246978,0.136386650744484,0.106350350677641,0.0967499161367133,0.0966485158433126
"ORD-029830",2026-03-28,0,0.0969127712246978,0.0953890672073654,0.0968973560985405,0.0967499161367133,0.0966485158433126
"ORD-029831",2026-03-28,0,0.0969127712246978,0.0780913515924278,0.0931063353249734,0.0967499161367133,0.0966485158433126
"ORD-029837",2026-03-28,0,0.0969127712246978,0.114575910605528,0.101309589107254,0.0967499161367133,0.0966485158433126
"ORD-029839",2026-03-28,0,0.0969127712246978,0.128420382295287,0.104908533387503,0.0967499161367133,0.0966485158433126
"ORD-029844",2026-03-28,0,0.0969127712246978,0.0918789199570854,0.0961333926390009,0.0967499161367133,0.0966485158433126
"ORD-029845",2026-03-28,0,0.0969127712246978,0.136711209328226,0.107199868289524,0.0967499161367133,0.0966485158433126
"ORD-029858",2026-03-28,1,0.0969127712246978,0.0903889004664239,0.0960231336517821,0.0967499161367133,0.0966485158433126
"ORD-029872",2026-03-28,0,0.0969127712246978,0.0552930148300614,0.0882312112175358,0.0967499161367133,0.0966485158433126
"ORD-029896",2026-03-28,0,0.0969127712246978,0.157806315790055,0.112117696584353,0.0989612395558877,0.101471725540576
"ORD-029897",2026-03-28,0,0.0969127712246978,0.0865192107660213,0.0949263361870428,0.0967499161367133,0.0966485158433126
"ORD-029899",2026-03-28,0,0.0969127712246978,0.0993757334067054,0.0979423665931709,0.0967499161367133,0.0966485158433126
"ORD-029669",2026-03-28,0,0.0969127712246978,0.0941850531753552,0.0967748883206142,0.0967499161367133,0.0966485158433126
"ORD-029672",2026-03-28,0,0.0969127712246978,0.0706258297848592,0.0914481522656426,0.0967499161367133,0.0966485158433126
"ORD-029699",2026-03-28,0,0.0969127712246978,0.110711606887757,0.100640372863721,0.0967499161367133,0.0966485158433126
"ORD-029734",2026-03-28,0,0.0969127712246978,0.150826076646894,0.109982614552485,0.100541500134285,0.102408918308548
"ORD-029740",2026-03-28,1,0.0969127712246978,0.0985580321137264,0.0978656826729238,0.0967499161367133,0.0966485158433126
"ORD-029755",2026-03-28,0,0.0969127712246978,0.102447951460246,0.0986207337974055,0.0967499161367133,0.0966485158433126
"ORD-029764",2026-03-28,0,0.0969127712246978,0.114602455219448,0.101387508948407,0.0967499161367133,0.0966485158433126
"ORD-029768",2026-03-28,0,0.0969127712246978,0.061734172957689,0.0896402520760376,0.0967499161367133,0.0966485158433126
"ORD-029796",2026-03-28,1,0.0969127712246978,0.129877007868817,0.105462640246787,0.0967499161367133,0.0966485158433126
"ORD-029811",2026-03-28,1,0.0969127712246978,0.157806315790055,0.112117696584353,0.0989612395558877,0.101471725540576
"ORD-029824",2026-03-28,0,0.0969127712246978,0.126949548472451,0.104456940037015,0.0967499161367133,0.0966485158433126
"ORD-029868",2026-03-28,0,0.0969127712246978,0.0579157846127877,0.0888377032529409,0.0967499161367133,0.0966485158433126
"ORD-029881",2026-03-28,0,0.0969127712246978,0.103078532612183,0.0988490075647367,0.0967499161367133,0.0966485158433126
"ORD-029889",2026-03-28,0,0.0969127712246978,0.107170661375884,0.0997647347948685,0.0967499161367133,0.0966485158433126
"ORD-029673",2026-03-28,0,0.0969127712246978,0.0704508298345272,0.0914720701431966,0.0967499161367133,0.0966485158433126
"ORD-029683",2026-03-28,0,0.0969127712246978,0.0918789199570854,0.0961333926390009,0.0967499161367133,0.0966485158433126
"ORD-029684",2026-03-28,0,0.0969127712246978,0.117343012568571,0.101850758853648,0.0967499161367133,0.0966485158433126
"ORD-029687",2026-03-28,0,0.0969127712246978,0.0903889004664239,0.0960231336517821,0.0967499161367133,0.0966485158433126
"ORD-029713",2026-03-28,0,0.0969127712246978,0.0780913515924278,0.0931063353249734,0.0967499161367133,0.0966485158433126
"ORD-029718",2026-03-28,1,0.0969127712246978,0.0622904760787081,0.0896032758797558,0.0967499161367133,0.0956981529605399
"ORD-029769",2026-03-28,0,0.0969127712246978,0.111518694908991,0.100629695022859,0.0967499161367133,0.0966485158433126
"ORD-029781",2026-03-28,0,0.0969127712246978,0.104356124001833,0.099232683553984,0.0967499161367133,0.0966485158433126
"ORD-029786",2026-03-28,0,0.0969127712246978,0.150826076646894,0.109982614552485,0.100541500134285,0.102408918308548
"ORD-029792",2026-03-28,0,0.0969127712246978,0.126853879841486,0.10441265697711,0.0967499161367133,0.0966485158433126
"ORD-029804",2026-03-28,0,0.0969127712246978,0.105057881455987,0.0991440464592349,0.0967499161367133,0.0966485158433126
"ORD-029819",2026-03-28,0,0.0969127712246978,0.0985580321137264,0.0978656826729238,0.0967499161367133,0.0966485158433126
"ORD-029843",2026-03-28,0,0.0969127712246978,0.147831025243421,0.108940680556069,0.0967499161367133,0.0966485158433126
"ORD-029864",2026-03-28,1,0.0969127712246978,0.0704508298345272,0.0914720701431966,0.0967499161367133,0.0966485158433126
"ORD-029887",2026-03-28,0,0.0969127712246978,0.0918789199570854,0.0961333926390009,0.0967499161367133,0.0966485158433126
"ORD-029685",2026-03-28,0,0.0969127712246978,0.133699241456919,0.106263693240824,0.0967499161367133,0.0966485158433126
"ORD-029778",2026-03-28,0,0.0969127712246978,0.106825057258948,0.0998115864627576,0.0967499161367133,0.0966485158433126
"ORD-029852",2026-03-28,0,0.0969127712246978,0.0937326061871037,0.0969058168545115,0.0967499161367133,0.0966485158433126
"ORD-029885",2026-03-28,0,0.0969127712246978,0.0528453055156559,0.0883905917010878,0.0967499161367133,0.0966485158433126
"ORD-029674",2026-03-28,0,0.0969127712246978,0.0644746024878217,0.0908181946422363,0.0967499161367133,0.0966485158433126
"ORD-029710",2026-03-28,0,0.0969127712246978,0.16617883308813,0.114253323822237,0.0995408243258331,0.102132575198061
"ORD-029719",2026-03-28,0,0.0969127712246978,0.098318825438885,0.0980099858801212,0.0967499161367133,0.0966485158433126
"ORD-029748",2026-03-28,0,0.0969127712246978,0.0650538881616517,0.0907807810033913,0.0967499161367133,0.0956981529605399
"ORD-029753",2026-03-28,1,0.0969127712246978,0.0764267655879733,0.0932015432508191,0.0967499161367133,0.0966485158433126
"ORD-029777",2026-03-28,0,0.0969127712246978,0.141939643719738,0.107721893822208,0.0967499161367133,0.0966485158433126
"ORD-029841",2026-03-28,0,0.0969127712246978,0.164065733453681,0.113554166980732,0.0989612395558877,0.101471725540576
"ORD-029886",2026-03-28,0,0.0969127712246978,0.10744410378442,0.100134649865633,0.0967499161367133,0.0966485158433126
"ORD-029668",2026-03-28,0,0.0969127712246978,0.106429331653818,0.0998442411005162,0.0967499161367133,0.0966485158433126
"ORD-029700",2026-03-28,0,0.0969127712246978,0.0644746024878217,0.0908181946422363,0.0967499161367133,0.0966485158433126
"ORD-029752",2026-03-28,0,0.0969127712246978,0.0937326061871037,0.0969058168545115,0.0967499161367133,0.0966485158433126
"ORD-029757",2026-03-28,0,0.0969127712246978,0.133699241456919,0.106263693240824,0.0967499161367133,0.0966485158433126
"ORD-029904",2026-03-29,0,0.0969127712246978,0.0756005171646925,0.0926000682815908,0.0967499161367133,0.0966485158433126
"ORD-029925",2026-03-29,0,0.0969127712246978,0.115258889027376,0.101747283992693,0.0967499161367133,0.0966485158433126
"ORD-029934",2026-03-29,0,0.0969127712246978,0.0963007135507345,0.0971472918075265,0.0967499161367133,0.0966485158433126
"ORD-029945",2026-03-29,0,0.0969127712246978,0.100476983784029,0.0982056620746813,0.0967499161367133,0.0966485158433126
"ORD-029967",2026-03-29,0,0.0969127712246978,0.0900607547698487,0.0958164585038812,0.0967499161367133,0.0966485158433126
"ORD-029995",2026-03-29,1,0.0969127712246978,0.0900607547698487,0.0958164585038812,0.0967499161367133,0.0966485158433126
"ORD-029997",2026-03-29,0,0.0969127712246978,0.0969809996484178,0.0974591556594478,0.0967499161367133,0.0966485158433126
"ORD-030021",2026-03-29,0,0.0969127712246978,0.10935868583586,0.100299582325768,0.0967499161367133,0.0966485158433126
"ORD-030028",2026-03-29,0,0.0969127712246978,0.101327198171994,0.0983662701124565,0.0967499161367133,0.0966485158433126
"ORD-030033",2026-03-29,0,0.0969127712246978,0.154906072557943,0.111754580661351,0.0989612395558877,0.101471725540576
"ORD-030043",2026-03-29,1,0.0969127712246978,0.0689142250636833,0.0912641375454745,0.0967499161367133,0.0966485158433126
"ORD-030046",2026-03-29,0,0.0969127712246978,0.0570796504322294,0.0885193419907879,0.0967499161367133,0.0966485158433126
"ORD-030084",2026-03-29,0,0.0969127712246978,0.0705710645779117,0.0915987555723924,0.0967499161367133,0.0966485158433126
"ORD-030089",2026-03-29,0,0.0969127712246978,0.156923345583975,0.112444062881647,0.0995408243258331,0.102132575198061
"ORD-030093",2026-03-29,0,0.0969127712246978,0.105357156622338,0.0995867802632453,0.0967499161367133,0.0966485158433126
"ORD-030114",2026-03-29,0,0.0969127712246978,0.112364175049151,0.100977496454765,0.0967499161367133,0.0966485158433126
"ORD-030118",2026-03-29,0,0.0969127712246978,0.0705710645779117,0.0915987555723924,0.0967499161367133,0.0966485158433126
"ORD-029919",2026-03-29,0,0.0969127712246978,0.0983031502497004,0.097682688915898,0.0967499161367133,0.0966485158433126
"ORD-029938",2026-03-29,0,0.0969127712246978,0.0974251315025136,0.0976201127161866,0.0967499161367133,0.0966485158433126
"ORD-029961",2026-03-29,0,0.0969127712246978,0.0854353776264856,0.0947421409428775,0.0967499161367133,0.0966485158433126
"ORD-029977",2026-03-29,0,0.0969127712246978,0.0966217585779758,0.0975436538211482,0.0967499161367133,0.0966485158433126
"ORD-029984",2026-03-29,0,0.0969127712246978,0.0847972036262043,0.0946129649438602,0.0967499161367133,0.0966485158433126
"ORD-029989",2026-03-29,0,0.0969127712246978,0.0765230338077349,0.0927983562488461,0.0967499161367133,0.0966485158433126
"ORD-029993",2026-03-29,1,0.0969127712246978,0.0691961895039117,0.0911451069083862,0.0967499161367133,0.0966485158433126
"ORD-030003",2026-03-29,0,0.0969127712246978,0.100476983784029,0.0982056620746813,0.0967499161367133,0.0966485158433126
"ORD-030013",2026-03-29,0,0.0969127712246978,0.148031570971137,0.109625559753705,0.100541500134285,0.102408918308548
"ORD-030022",2026-03-29,0,0.0969127712246978,0.125979422218276,0.104566016066224,0.0967499161367133,0.0966485158433126
"ORD-030026",2026-03-29,0,0.0969127712246978,0.10935868583586,0.100299582325768,0.0967499161367133,0.0966485158433126
"ORD-030035",2026-03-29,0,0.0969127712246978,0.100102138611348,0.0982378486506552,0.0967499161367133,0.0966485158433126
"ORD-030057",2026-03-29,0,0.0969127712246978,0.0956223157369509,0.0984869630703236,0.0967499161367133,0.0966485158433126
"ORD-030069",2026-03-29,0,0.0969127712246978,0.117800634436719,0.102347825604471,0.0967499161367133,0.0966485158433126
"ORD-030091",2026-03-29,0,0.0969127712246978,0.127353919456125,0.104627238137692,0.0967499161367133,0.0966485158433126
"ORD-030095",2026-03-29,0,0.0969127712246978,0.0956223157369509,0.0984869630703236,0.0967499161367133,0.0966485158433126
"ORD-030099",2026-03-29,0,0.0969127712246978,0.117800634436719,0.102347825604471,0.0967499161367133,0.0966485158433126
"ORD-030101",2026-03-29,0,0.0969127712246978,0.111939727440494,0.100830798655844,0.0967499161367133,0.0966485158433126
"ORD-030102",2026-03-29,0,0.0969127712246978,0.0717400171937041,0.0916911387002861,0.0967499161367133,0.0966485158433126
"ORD-029923",2026-03-29,0,0.0969127712246978,0.0567277226946863,0.0885424654860684,0.0967499161367133,0.0966485158433126
"ORD-029939",2026-03-29,1,0.0969127712246978,0.10935868583586,0.100299582325768,0.0967499161367133,0.0966485158433126
"ORD-029956",2026-03-29,0,0.0969127712246978,0.115258889027376,0.101747283992693,0.0967499161367133,0.0966485158433126
"ORD-029983",2026-03-29,1,0.0969127712246978,0.127569244109676,0.104851914912603,0.0967499161367133,0.0966485158433126
"ORD-029994",2026-03-29,0,0.0969127712246978,0.0567277226946863,0.0885424654860684,0.0967499161367133,0.0966485158433126
"ORD-029998",2026-03-29,0,0.0969127712246978,0.0567277226946863,0.0885424654860684,0.0967499161367133,0.0966485158433126
"ORD-030029",2026-03-29,0,0.0969127712246978,0.118373464210423,0.102441446517456,0.0967499161367133,0.0966485158433126
"ORD-030031",2026-03-29,1,0.0969127712246978,0.109830641570731,0.100562082345835,0.0967499161367133,0.0966485158433126
"ORD-030049",2026-03-29,1,0.0969127712246978,0.0570796504322294,0.0885193419907879,0.0967499161367133,0.0966485158433126
"ORD-030054",2026-03-29,0,0.0969127712246978,0.100443771783996,0.0982964911478507,0.0967499161367133,0.0966485158433126
"ORD-030055",2026-03-29,0,0.0969127712246978,0.0765230338077349,0.0927983562488461,0.0967499161367133,0.0966485158433126
"ORD-030082",2026-03-29,0,0.0969127712246978,0.134684950390445,0.106650207141568,0.0967499161367133,0.0966485158433126
"ORD-030083",2026-03-29,1,0.0969127712246978,0.120488514794694,0.102438297750883,0.0967499161367133,0.0966485158433126
"ORD-030094",2026-03-29,0,0.0969127712246978,0.154906072557943,0.111754580661351,0.0989612395558877,0.101471725540576
"ORD-030108",2026-03-29,1,0.0969127712246978,0.0900607547698487,0.0958164585038812,0.0967499161367133,0.0966485158433126
"ORD-030120",2026-03-29,0,0.0969127712246978,0.0983031502497004,0.097682688915898,0.0967499161367133,0.0966485158433126
"ORD-029901",2026-03-29,0,0.0969127712246978,0.105357156622338,0.0995867802632453,0.0967499161367133,0.0966485158433126
"ORD-029907",2026-03-29,0,0.0969127712246978,0.101327198171994,0.0983662701124565,0.0967499161367133,0.0966485158433126
"ORD-029912",2026-03-29,0,0.0969127712246978,0.154906072557943,0.111754580661351,0.0989612395558877,0.101471725540576
"ORD-029937",2026-03-29,0,0.0969127712246978,0.101327198171994,0.0983662701124565,0.0967499161367133,0.0966485158433126
"ORD-029942",2026-03-29,0,0.0969127712246978,0.101327198171994,0.0983662701124565,0.0967499161367133,0.0966485158433126
"ORD-029953",2026-03-29,0,0.0969127712246978,0.120488514794694,0.102438297750883,0.0967499161367133,0.0966485158433126
"ORD-029976",2026-03-29,0,0.0969127712246978,0.109407307382049,0.100345967494986,0.0967499161367133,0.0966485158433126
"ORD-029990",2026-03-29,1,0.0969127712246978,0.0963007135507345,0.0971472918075265,0.0967499161367133,0.0966485158433126
"ORD-030016",2026-03-29,0,0.0969127712246978,0.127353919456125,0.104627238137692,0.0967499161367133,0.0966485158433126
"ORD-030018",2026-03-29,0,0.0969127712246978,0.148031570971137,0.109625559753705,0.100541500134285,0.102408918308548
"ORD-030023",2026-03-29,0,0.0969127712246978,0.100443771783996,0.0982964911478507,0.0967499161367133,0.0966485158433126
"ORD-030032",2026-03-29,0,0.0969127712246978,0.112364175049151,0.100977496454765,0.0967499161367133,0.0966485158433126
"ORD-030041",2026-03-29,0,0.0969127712246978,0.106167530853699,0.0995046800282888,0.0967499161367133,0.0966485158433126
"ORD-030059",2026-03-29,0,0.0969127712246978,0.0974251315025136,0.0976201127161866,0.0967499161367133,0.0966485158433126
"ORD-030065",2026-03-29,1,0.0969127712246978,0.069024468886829,0.0911689534791041,0.0967499161367133,0.0966485158433126
"ORD-030066",2026-03-29,0,0.0969127712246978,0.0495271045910037,0.0869506765187342,0.0967499161367133,0.0966485158433126
"ORD-030068",2026-03-29,0,0.0969127712246978,0.112390272296576,0.101055189596196,0.0967499161367133,0.0966485158433126
"ORD-030071",2026-03-29,0,0.0969127712246978,0.105084908731276,0.0994371458537886,0.0967499161367133,0.0966485158433126
"ORD-030119",2026-03-29,0,0.0969127712246978,0.0567277226946863,0.0885424654860684,0.0967499161367133,0.0966485158433126
"ORD-029917",2026-03-29,0,0.0969127712246978,0.130643365698879,0.105570220122194,0.0967499161367133,0.0966485158433126
"ORD-029933",2026-03-29,0,0.0969127712246978,0.122916216431808,0.103769410061854,0.0967499161367133,0.0966485158433126
"ORD-029935",2026-03-29,0,0.0969127712246978,0.101063405956414,0.0985240964365023,0.0967499161367133,0.0966485158433126
"ORD-029943",2026-03-29,0,0.0969127712246978,0.154906072557943,0.111754580661351,0.0989612395558877,0.101471725540576
"ORD-029947",2026-03-29,0,0.0969127712246978,0.127353919456125,0.104627238137692,0.0967499161367133,0.0966485158433126
"ORD-029969",2026-03-29,0,0.0969127712246978,0.148031570971137,0.109625559753705,0.100541500134285,0.102408918308548
"ORD-029978",2026-03-29,0,0.0969127712246978,0.0798740032273706,0.093387255682577,0.0967499161367133,0.0966485158433126
"ORD-030012",2026-03-29,0,0.0969127712246978,0.0925744833591042,0.0965186115297025,0.0967499161367133,0.0966485158433126
"ORD-030024",2026-03-29,1,0.0969127712246978,0.120488514794694,0.102438297750883,0.0967499161367133,0.0966485158433126
"ORD-030030",2026-03-29,0,0.0969127712246978,0.0765230338077349,0.0927983562488461,0.0967499161367133,0.0966485158433126
"ORD-030100",2026-03-29,0,0.0969127712246978,0.0570796504322294,0.0885193419907879,0.0967499161367133,0.0966485158433126
"ORD-030106",2026-03-29,0,0.0969127712246978,0.0956223157369509,0.0984869630703236,0.0967499161367133,0.0966485158433126
"ORD-029908",2026-03-29,0,0.0969127712246978,0.137042539924475,0.105925476817863,0.0967499161367133,0.0966485158433126
"ORD-029913",2026-03-29,0,0.0969127712246978,0.133939308885111,0.105363725595891,0.0967499161367133,0.0966485158433126
"ORD-029918",2026-03-29,0,0.0969127712246978,0.0951126732028078,0.09653713729352,0.0967499161367133,0.0966485158433126
"ORD-029932",2026-03-29,0,0.0969127712246978,0.108339330437033,0.0995249080488397,0.0967499161367133,0.0966485158433126
"ORD-029955",2026-03-29,0,0.0969127712246978,0.108339330437033,0.0995249080488397,0.0967499161367133,0.0966485158433126
"ORD-029968",2026-03-29,0,0.0969127712246978,0.123972637763744,0.102781169883258,0.0967499161367133,0.0966485158433126
"ORD-029987",2026-03-29,0,0.0969127712246978,0.0972283543172714,0.0970172169440322,0.0967499161367133,0.0966485158433126
"ORD-029999",2026-03-29,0,0.0969127712246978,0.121070644454476,0.102235619255212,0.0967499161367133,0.0966485158433126
"ORD-030002",2026-03-29,0,0.0969127712246978,0.117016241771883,0.101560977261622,0.0967499161367133,0.0966485158433126
"ORD-030042",2026-03-29,0,0.0969127712246978,0.140541931946051,0.106878762846085,0.0967499161367133,0.0966485158433126
"ORD-030078",2026-03-29,0,0.0969127712246978,0.110343744249302,0.100141844965772,0.0967499161367133,0.0966485158433126
"ORD-030121",2026-03-29,0,0.0969127712246978,0.108374838599616,0.099433069049372,0.0967499161367133,0.0966485158433126
"ORD-029927",2026-03-29,0,0.0969127712246978,0.11445576890137,0.100746508759395,0.0967499161367133,0.0966485158433126
"ORD-029940",2026-03-29,0,0.0969127712246978,0.11108077254827,0.100052485987676,0.0967499161367133,0.0966485158433126
"ORD-029941",2026-03-29,0,0.0969127712246978,0.12415828023701,0.103013898920711,0.0967499161367133,0.0966485158433126
"ORD-029948",2026-03-29,0,0.0969127712246978,0.0827111510641808,0.0939652228648973,0.0967499161367133,0.0966485158433126
"ORD-029951",2026-03-29,0,0.0969127712246978,0.0618006793395399,0.0896377196818334,0.0967499161367133,0.0966485158433126
"ORD-029966",2026-03-29,0,0.0969127712246978,0.12415828023701,0.103013898920711,0.0967499161367133,0.0966485158433126
"ORD-029970",2026-03-29,0,0.0969127712246978,0.144838720811217,0.107970520367715,0.0967499161367133,0.0966485158433126
"ORD-029986",2026-03-29,0,0.0969127712246978,0.123972637763744,0.102781169883258,0.0967499161367133,0.0966485158433126
"ORD-030014",2026-03-29,0,0.0969127712246978,0.0972283543172714,0.0970172169440322,0.0967499161367133,0.0966485158433126
"ORD-030020",2026-03-29,0,0.0969127712246978,0.113590170463343,0.100829518885959,0.0967499161367133,0.0966485158433126
"ORD-030038",2026-03-29,0,0.0969127712246978,0.11329934231855,0.100678225982843,0.0967499161367133,0.0966485158433126
"ORD-030045",2026-03-29,0,0.0969127712246978,0.105111130927978,0.09884100343139,0.0967499161367133,0.0966485158433126
"ORD-030050",2026-03-29,0,0.0969127712246978,0.121070644454476,0.102235619255212,0.0967499161367133,0.0966485158433126
"ORD-030077",2026-03-29,0,0.0969127712246978,0.140541931946051,0.106878762846085,0.0967499161367133,0.0966485158433126
"ORD-030079",2026-03-29,0,0.0969127712246978,0.0586498925228691,0.0890495425893969,0.0967499161367133,0.0966485158433126
"ORD-030112",2026-03-29,0,0.0969127712246978,0.126868137419615,0.103621054045445,0.0967499161367133,0.0966485158433126
"ORD-029914",2026-03-29,0,0.0969127712246978,0.0586498925228691,0.0890495425893969,0.0967499161367133,0.0966485158433126
"ORD-029957",2026-03-29,1,0.0969127712246978,0.0654550037631262,0.0904703553548102,0.0967499161367133,0.0966485158433126
"ORD-029963",2026-03-29,0,0.0969127712246978,0.0999201728450281,0.0977272181969077,0.0967499161367133,0.0966485158433126
"ORD-029975",2026-03-29,0,0.0969127712246978,0.0746552272479598,0.0923174165511136,0.0967499161367133,0.0966485158433126
"ORD-029991",2026-03-29,0,0.0969127712246978,0.11108077254827,0.100052485987676,0.0967499161367133,0.0966485158433126
"ORD-030009",2026-03-29,1,0.0969127712246978,0.133939308885111,0.105363725595891,0.0967499161367133,0.0966485158433126
"ORD-030011",2026-03-29,0,0.0969127712246978,0.121070644454476,0.102235619255212,0.0967499161367133,0.0966485158433126
"ORD-030086",2026-03-29,0,0.0969127712246978,0.137042539924475,0.105925476817863,0.0967499161367133,0.0966485158433126
"ORD-030087",2026-03-29,0,0.0969127712246978,0.117915101222509,0.101597111006101,0.0967499161367133,0.0966485158433126
"ORD-030092",2026-03-29,0,0.0969127712246978,0.108374838599616,0.099433069049372,0.0967499161367133,0.0966485158433126
"ORD-030097",2026-03-29,0,0.0969127712246978,0.126868137419615,0.103621054045445,0.0967499161367133,0.0966485158433126
"ORD-030104",2026-03-29,0,0.0969127712246978,0.144838720811217,0.107970520367715,0.0967499161367133,0.0966485158433126
"ORD-029909",2026-03-29,0,0.0969127712246978,0.0614215399082776,0.0896611065874495,0.0967499161367133,0.0966485158433126
"ORD-029954",2026-03-29,0,0.0969127712246978,0.0746552272479598,0.0923174165511136,0.0967499161367133,0.0966485158433126
"ORD-029979",2026-03-29,0,0.0969127712246978,0.103182347944406,0.0997174970732359,0.0967499161367133,0.0966485158433126
"ORD-029996",2026-03-29,0,0.0969127712246978,0.1042516994309,0.0987636929576781,0.0967499161367133,0.0966485158433126
"ORD-030010",2026-03-29,0,0.0969127712246978,0.129015491058078,0.104321072174643,0.0967499161367133,0.0966485158433126
"ORD-030019",2026-03-29,0,0.0969127712246978,0.168427322745296,0.113826963988398,0.0995408243258331,0.102132575198061
"ORD-030062",2026-03-29,0,0.0969127712246978,0.0746552272479598,0.0923174165511136,0.0967499161367133,0.0966485158433126
"ORD-030072",2026-03-29,0,0.0969127712246978,0.0863077745682634,0.0945607554042045,0.0967499161367133,0.0966485158433126
"ORD-030096",2026-03-29,0,0.0969127712246978,0.0761504027261654,0.0926435027686266,0.0967499161367133,0.0966485158433126
"ORD-030113",2026-03-29,0,0.0969127712246978,0.0863077745682634,0.0945607554042045,0.0967499161367133,0.0966485158433126
"ORD-029920",2026-03-29,0,0.0969127712246978,0.16629133378887,0.113130082959781,0.0989612395558877,0.101471725540576
"ORD-029921",2026-03-29,0,0.0969127712246978,0.121070644454476,0.102235619255212,0.0967499161367133,0.0966485158433126
"ORD-029928",2026-03-29,0,0.0969127712246978,0.0614215399082776,0.0896611065874495,0.0967499161367133,0.0966485158433126
"ORD-029959",2026-03-29,0,0.0969127712246978,0.16629133378887,0.113130082959781,0.0989612395558877,0.101471725540576
"ORD-029972",2026-03-29,0,0.0969127712246978,0.123972637763744,0.102781169883258,0.0967499161367133,0.0966485158433126
"ORD-029980",2026-03-29,0,0.0969127712246978,0.183095776280587,0.11667041898749,0.0967499161367133,0.0966485158433126
"ORD-030015",2026-03-29,0,0.0969127712246978,0.129732487685114,0.103712521647724,0.0967499161367133,0.0966485158433126
"ORD-030025",2026-03-29,0,0.0969127712246978,0.108339330437033,0.0995249080488397,0.0967499161367133,0.0966485158433126
"ORD-030027",2026-03-29,0,0.0969127712246978,0.0614215399082776,0.0896611065874495,0.0967499161367133,0.0966485158433126
"ORD-030044",2026-03-29,0,0.0969127712246978,0.117863199118061,0.101550212774461,0.0967499161367133,0.0966485158433126
"ORD-030051",2026-03-29,0,0.0969127712246978,0.108374838599616,0.099433069049372,0.0967499161367133,0.0966485158433126
"ORD-030070",2026-03-29,1,0.0969127712246978,0.0863077745682634,0.0945607554042045,0.0967499161367133,0.0966485158433126
"ORD-030116",2026-03-29,0,0.0969127712246978,0.0827111510641808,0.0939652228648973,0.0967499161367133,0.0966485158433126
"ORD-029930",2026-03-29,0,0.0969127712246978,0.0979473749679626,0.0991120797495676,0.0967499161367133,0.0966485158433126
"ORD-029958",2026-03-29,0,0.0969127712246978,0.0902459172973572,0.0959489710817426,0.0967499161367133,0.0966485158433126
"ORD-030005",2026-03-29,0,0.0969127712246978,0.137815080443638,0.107320969393056,0.0967499161367133,0.0966485158433126
"ORD-030007",2026-03-29,1,0.0969127712246978,0.0875367161904556,0.0953460023554042,0.0967499161367133,0.0966485158433126
"ORD-030008",2026-03-29,0,0.0969127712246978,0.115044529168968,0.101616639218093,0.0967499161367133,0.0966485158433126
"ORD-030037",2026-03-29,0,0.0969127712246978,0.128937379373086,0.105225214059687,0.0967499161367133,0.0966485158433126
"ORD-030058",2026-03-29,0,0.0969127712246978,0.0922643805731869,0.0964264379586213,0.0967499161367133,0.0966485158433126
"ORD-030064",2026-03-29,0,0.0969127712246978,0.158420112393888,0.112453405081489,0.0989612395558877,0.101471725540576
"ORD-030067",2026-03-29,0,0.0969127712246978,0.0993354666441688,0.0980784583712762,0.0967499161367133,0.0966485158433126
"ORD-030076",2026-03-29,1,0.0969127712246978,0.0788589898400108,0.0935301855080011,0.0967499161367133,0.0966485158433126
"ORD-030088",2026-03-29,0,0.0969127712246978,0.158420112393888,0.112453405081489,0.0989612395558877,0.101471725540576
"ORD-030090",2026-03-29,0,0.0969127712246978,0.125812603592038,0.104424171793305,0.0967499161367133,0.0966485158433126
"ORD-030103",2026-03-29,0,0.0969127712246978,0.130339336659908,0.105286776702239,0.0967499161367133,0.0966485158433126
"ORD-030122",2026-03-29,0,0.0969127712246978,0.0625603554678768,0.089878394710306,0.0967499161367133,0.0956981529605399
"ORD-029926",2026-03-29,0,0.0969127712246978,0.0555343725417838,0.0885025267861565,0.0967499161367133,0.0966485158433126
"ORD-029931",2026-03-29,0,0.0969127712246978,0.0946793600343403,0.0970434091177112,0.0967499161367133,0.0966485158433126
"ORD-029936",2026-03-29,0,0.0969127712246978,0.0723357219370543,0.0921846220999879,0.0967499161367133,0.0966485158433126
"ORD-029952",2026-03-29,1,0.0969127712246978,0.0788589898400108,0.0935301855080011,0.0967499161367133,0.0966485158433126
"ORD-030061",2026-03-29,0,0.0969127712246978,0.122649114217522,0.10369092419657,0.0967499161367133,0.0966485158433126
"ORD-030073",2026-03-29,0,0.0969127712246978,0.0911055155058008,0.0962367065742784,0.0967499161367133,0.0966485158433126
"ORD-030075",2026-03-29,0,0.0969127712246978,0.115071168241375,0.101694768495856,0.0967499161367133,0.0966485158433126
"ORD-029905",2026-03-29,0,0.0969127712246978,0.0735315921394585,0.0922775360879379,0.0967499161367133,0.0966485158433126
"ORD-029915",2026-03-29,0,0.0969127712246978,0.0735315921394585,0.0922775360879379,0.0967499161367133,0.0966485158433126
"ORD-029946",2026-03-29,0,0.0969127712246978,0.151417604507257,0.110312724357393,0.100541500134285,0.102408918308548
"ORD-029960",2026-03-29,0,0.0969127712246978,0.123335740145638,0.103085626528276,0.0967499161367133,0.0966485158433126
"ORD-029971",2026-03-29,0,0.0969127712246978,0.0993354666441688,0.0980784583712762,0.0967499161367133,0.0966485158433126
"ORD-029982",2026-03-29,1,0.0969127712246978,0.11799911475467,0.102390744244693,0.0967499161367133,0.0966485158433126
"ORD-029988",2026-03-29,0,0.0969127712246978,0.078423964321002,0.0933911066217901,0.0967499161367133,0.0966485158433126
"ORD-030001",2026-03-29,0,0.0969127712246978,0.0709290912140666,0.0917283648860041,0.0967499161367133,0.0966485158433126
"ORD-030017",2026-03-29,0,0.0969127712246978,0.102872729532318,0.0989205315195249,0.0967499161367133,0.0966485158433126
"ORD-030040",2026-03-29,1,0.0969127712246978,0.078423964321002,0.0933911066217901,0.0967499161367133,0.0966485158433126
"ORD-030047",2026-03-29,0,0.0969127712246978,0.0818507980816292,0.0939833779656071,0.0967499161367133,0.0966485158433126
"ORD-030056",2026-03-29,0,0.0969127712246978,0.0911055155058008,0.0962367065742784,0.0967499161367133,0.0966485158433126
"ORD-030060",2026-03-29,0,0.0969127712246978,0.0907687347987213,0.0963158786820106,0.0967499161367133,0.0966485158433126
"ORD-030074",2026-03-29,0,0.0969127712246978,0.0911055155058008,0.0962367065742784,0.0967499161367133,0.0966485158433126
"ORD-029900",2026-03-29,0,0.0969127712246978,0.117821442655849,0.102159262698226,0.0967499161367133,0.0966485158433126
"ORD-029929",2026-03-29,1,0.0969127712246978,0.127365492038998,0.104728015916629,0.0967499161367133,0.0966485158433126
"ORD-029965",2026-03-29,0,0.0969127712246978,0.0875367161904556,0.0953460023554042,0.0967499161367133,0.0966485158433126
"ORD-029974",2026-03-29,0,0.0969127712246978,0.103775054652076,0.0989907048466418,0.0967499161367133,0.0966485158433126
"ORD-029985",2026-03-29,0,0.0969127712246978,0.120593052323247,0.10299464827329,0.0967499161367133,0.0966485158433126
"ORD-030000",2026-03-29,0,0.0969127712246978,0.0818507980816292,0.0939833779656071,0.0967499161367133,0.0966485158433126
"ORD-030006",2026-03-29,0,0.0969127712246978,0.137815080443638,0.107320969393056,0.0967499161367133,0.0966485158433126
"ORD-030034",2026-03-29,0,0.0969127712246978,0.112458217152988,0.101198891700305,0.0967499161367133,0.0966485158433126
"ORD-030039",2026-03-29,0,0.0969127712246978,0.148412859698647,0.109268046969864,0.0967499161367133,0.0966485158433126
"ORD-030052",2026-03-29,0,0.0969127712246978,0.102906652796619,0.0988291890138486,0.0967499161367133,0.0966485158433126
"ORD-030085",2026-03-29,0,0.0969127712246978,0.0911055155058008,0.0962367065742784,0.0967499161367133,0.0966485158433126
"ORD-030098",2026-03-29,0,0.0969127712246978,0.0922643805731869,0.0964264379586213,0.0967499161367133,0.0966485158433126
"ORD-030110",2026-03-29,1,0.0969127712246978,0.123335740145638,0.103085626528276,0.0967499161367133,0.0966485158433126
"ORD-030117",2026-03-29,0,0.0969127712246978,0.11799911475467,0.102390744244693,0.0967499161367133,0.0966485158433126
"ORD-030123",2026-03-29,0,0.0969127712246978,0.148412859698647,0.109268046969864,0.0967499161367133,0.0966485158433126
"ORD-029903",2026-03-29,0,0.0969127712246978,0.107265815104881,0.100114602188722,0.0967499161367133,0.0966485158433126
"ORD-029910",2026-03-29,0,0.0969127712246978,0.181377662049955,0.117454690964662,0.0967499161367133,0.0966485158433126
"ORD-029916",2026-03-29,0,0.0969127712246978,0.109947473179536,0.100737789813636,0.0967499161367133,0.0966485158433126
"ORD-029981",2026-03-29,0,0.0969127712246978,0.135912012997864,0.106874735257197,0.0967499161367133,0.0966485158433126
"ORD-029911",2026-03-29,0,0.0969127712246978,0.127725504598183,0.105032201159877,0.0967499161367133,0.0966485158433126
"ORD-029922",2026-03-29,0,0.0969127712246978,0.104962242867238,0.0995825859433016,0.0967499161367133,0.0966485158433126
"ORD-029924",2026-03-29,0,0.0969127712246978,0.104962242867238,0.0995825859433016,0.0967499161367133,0.0966485158433126
"ORD-029944",2026-03-29,0,0.0969127712246978,0.0580166055046908,0.0896669913349778,0.0967499161367133,0.0966485158433126
"ORD-029949",2026-03-29,0,0.0969127712246978,0.107887107282824,0.100438536941799,0.0967499161367133,0.0966485158433126
"ORD-029950",2026-03-29,0,0.0969127712246978,0.113292424715069,0.101436030453291,0.0967499161367133,0.0966485158433126
"ORD-029962",2026-03-29,1,0.0969127712246978,0.0767528786506104,0.093486575728689,0.0967499161367133,0.0966485158433126
"ORD-029964",2026-03-29,0,0.0969127712246978,0.112434507279042,0.101519544573367,0.0967499161367133,0.0966485158433126
"ORD-029992",2026-03-29,0,0.0969127712246978,0.0826919736765313,0.0949963088632599,0.0967499161367133,0.0966485158433126
"ORD-030036",2026-03-29,0,0.0969127712246978,0.157470994500661,0.111728979222506,0.100541500134285,0.102408918308548
"ORD-030053",2026-03-29,0,0.0969127712246978,0.108166567340788,0.100277985002538,0.0967499161367133,0.0966485158433126
"ORD-030063",2026-03-29,0,0.0969127712246978,0.11672123040145,0.102291792106807,0.0967499161367133,0.0966485158433126
"ORD-030107",2026-03-29,0,0.0969127712246978,0.107887107282824,0.100438536941799,0.0967499161367133,0.0966485158433126
"ORD-030109",2026-03-29,0,0.0969127712246978,0.0987283662032555,0.0983081294763976,0.0967499161367133,0.0966485158433126
"ORD-030111",2026-03-29,0,0.0969127712246978,0.115830276688849,0.102255439415095,0.0967499161367133,0.0966485158433126
"ORD-030124",2026-03-29,0,0.0969127712246978,0.126298825883926,0.104595069942699,0.0967499161367133,0.0966485158433126
"ORD-029902",2026-03-29,1,0.0969127712246978,0.119400246905116,0.102784950596954,0.0967499161367133,0.0966485158433126
"ORD-029906",2026-03-29,0,0.0969127712246978,0.119849165251009,0.102934166006595,0.0967499161367133,0.0966485158433126
"ORD-029973",2026-03-29,0,0.0969127712246978,0.0641083989424161,0.0908461260733647,0.0967499161367133,0.0966485158433126
"ORD-030004",2026-03-29,0,0.0969127712246978,0.0755088893239358,0.0933925696142368,0.0967499161367133,0.0966485158433126
"ORD-030048",2026-03-29,0,0.0969127712246978,0.0998788763169766,0.0984589310926695,0.0967499161367133,0.0966485158433126
"ORD-030080",2026-03-29,0,0.0969127712246978,0.135746516352392,0.10714587447014,0.0967499161367133,0.0966485158433126
"ORD-030081",2026-03-29,0,0.0969127712246978,0.164699115251133,0.113893624897554,0.0989612395558877,0.101471725540576
"ORD-030105",2026-03-29,0,0.0969127712246978,0.120849375106289,0.103216776002854,0.0967499161367133,0.0966485158433126
"ORD-030115",2026-03-29,0,0.0969127712246978,0.0998788763169766,0.0984589310926695,0.0967499161367133,0.0966485158433126
"ORD-030125",2026-03-29,0,0.0969127712246978,0.0767528786506104,0.093486575728689,0.0967499161367133,0.0966485158433126
"ORD-030127",2026-03-30,0,0.0969127712246978,0.0764623982742131,0.0915776341152096,0.0967499161367133,0.0966485158433126
"ORD-030139",2026-03-30,0,0.0969127712246978,0.101839422831514,0.098675608836036,0.0967499161367133,0.0966485158433126
"ORD-030146",2026-03-30,0,0.0969127712246978,0.0480618922119629,0.0841437588408115,0.0967499161367133,0.0956981529605399
"ORD-030161",2026-03-30,0,0.0969127712246978,0.0956458027126023,0.0971690802923953,0.0967499161367133,0.0966485158433126
"ORD-030164",2026-03-30,0,0.0969127712246978,0.0813523971876776,0.0932465419576332,0.0967499161367133,0.0966485158433126
"ORD-030176",2026-03-30,0,0.0969127712246978,0.0956458027126023,0.0971690802923953,0.0967499161367133,0.0966485158433126
"ORD-030181",2026-03-30,0,0.0969127712246978,0.0864421232746102,0.0945782295585687,0.0967499161367133,0.0966485158433126
"ORD-030186",2026-03-30,0,0.0969127712246978,0.0449194139044781,0.0833986499559856,0.0967499161367133,0.0966485158433126
"ORD-030207",2026-03-30,1,0.0969127712246978,0.0981907455232642,0.0978612442359172,0.0967499161367133,0.0966485158433126
"ORD-030220",2026-03-30,0,0.0969127712246978,0.0557064242789981,0.0863167944068734,0.0967499161367133,0.0966485158433126
"ORD-030226",2026-03-30,0,0.0969127712246978,0.0698090788521767,0.0898652506474042,0.0967499161367133,0.0966485158433126
"ORD-030231",2026-03-30,0,0.0969127712246978,0.0425902152163928,0.0828476861950971,0.0967499161367133,0.0966485158433126
"ORD-030141",2026-03-30,1,0.0969127712246978,0.0813523971876776,0.0932465419576332,0.0967499161367133,0.0966485158433126
"ORD-030142",2026-03-30,0,0.0969127712246978,0.0903178702605511,0.0954750661097533,0.0967499161367133,0.0966485158433126
"ORD-030147",2026-03-30,1,0.0969127712246978,0.104548805539809,0.0995709152859391,0.0967499161367133,0.0966485158433126
"ORD-030160",2026-03-30,0,0.0969127712246978,0.0798543627443787,0.0925815479841537,0.0967499161367133,0.0966485158433126
"ORD-030180",2026-03-30,0,0.0969127712246978,0.0543781527522474,0.0859996451042329,0.0967499161367133,0.0966485158433126
"ORD-030197",2026-03-30,1,0.0969127712246978,0.0698090788521767,0.0898652506474042,0.0967499161367133,0.0966485158433126
"ORD-030205",2026-03-30,0,0.0969127712246978,0.0803311721869084,0.0928836243309295,0.0967499161367133,0.0966485158433126
"ORD-030230",2026-03-30,0,0.0969127712246978,0.0798543627443787,0.0925815479841537,0.0967499161367133,0.0966485158433126
"ORD-030234",2026-03-30,0,0.0969127712246978,0.107430786546515,0.100786887904338,0.0967499161367133,0.0966485158433126
"ORD-030255",2026-03-30,0,0.0969127712246978,0.0795496496421236,0.0926120805764464,0.0967499161367133,0.0966485158433126
"ORD-030286",2026-03-30,0,0.0969127712246978,0.0994414831679311,0.0981480849350381,0.0967499161367133,0.0966485158433126
"ORD-030130",2026-03-30,0,0.0969127712246978,0.100708517353391,0.0986174857547576,0.0967499161367133,0.0966485158433126
"ORD-030143",2026-03-30,0,0.0969127712246978,0.093993921158111,0.0965118824398185,0.0967499161367133,0.0966485158433126
"ORD-030151",2026-03-30,0,0.0969127712246978,0.0798543627443787,0.0925815479841537,0.0967499161367133,0.0966485158433126
"ORD-030153",2026-03-30,0,0.0969127712246978,0.0798273624755367,0.0926677099104669,0.0967499161367133,0.0966485158433126
"ORD-030173",2026-03-30,0,0.0969127712246978,0.0994414831679311,0.0981480849350381,0.0967499161367133,0.0966485158433126
"ORD-030183",2026-03-30,0,0.0969127712246978,0.0631830597148482,0.0880121544047458,0.0967499161367133,0.0966485158433126
"ORD-030209",2026-03-30,0,0.0969127712246978,0.0919123284514003,0.0959419241662581,0.0967499161367133,0.0966485158433126
"ORD-030214",2026-03-30,0,0.0969127712246978,0.0981907455232642,0.0978612442359172,0.0967499161367133,0.0966485158433126
"ORD-030216",2026-03-30,0,0.0969127712246978,0.0608283882114032,0.087584971998197,0.0967499161367133,0.0966485158433126
"ORD-030225",2026-03-30,0,0.0969127712246978,0.0994414831679311,0.0981480849350381,0.0967499161367133,0.0966485158433126
"ORD-030229",2026-03-30,0,0.0969127712246978,0.0838262363593031,0.0938918063757176,0.0967499161367133,0.0966485158433126
"ORD-030235",2026-03-30,0,0.0969127712246978,0.0871293023850821,0.0946121405748047,0.0967499161367133,0.0966485158433126
"ORD-030250",2026-03-30,0,0.0969127712246978,0.126342501547838,0.106100471129155,0.0995408243258331,0.102132575198061
"ORD-030256",2026-03-30,0,0.0969127712246978,0.0836044261142901,0.0937498380224783,0.0967499161367133,0.0966485158433126
"ORD-030274",2026-03-30,0,0.0969127712246978,0.0871293023850821,0.0946121405748047,0.0967499161367133,0.0966485158433126
"ORD-030154",2026-03-30,0,0.0969127712246978,0.047143289494221,0.0839454153003407,0.0967499161367133,0.0966485158433126
"ORD-030157",2026-03-30,0,0.0969127712246978,0.0994414831679311,0.0981480849350381,0.0967499161367133,0.0966485158433126
"ORD-030177",2026-03-30,0,0.0969127712246978,0.0764623982742131,0.0915776341152096,0.0967499161367133,0.0966485158433126
"ORD-030179",2026-03-30,0,0.0969127712246978,0.0608283882114032,0.087584971998197,0.0967499161367133,0.0966485158433126
"ORD-030192",2026-03-30,0,0.0969127712246978,0.0557064242789981,0.0863167944068734,0.0967499161367133,0.0966485158433126
"ORD-030213",2026-03-30,0,0.0969127712246978,0.104548805539809,0.0995709152859391,0.0967499161367133,0.0966485158433126
"ORD-030222",2026-03-30,0,0.0969127712246978,0.0544665031464466,0.0859094325805474,0.0967499161367133,0.0966485158433126
"ORD-030224",2026-03-30,0,0.0969127712246978,0.100708517353391,0.0986174857547576,0.0967499161367133,0.0966485158433126
"ORD-030228",2026-03-30,0,0.0969127712246978,0.0813523971876776,0.0932465419576332,0.0967499161367133,0.0966485158433126
"ORD-030261",2026-03-30,0,0.0969127712246978,0.101887561972733,0.0991420449101013,0.0967499161367133,0.0966485158433126
"ORD-030276",2026-03-30,0,0.0969127712246978,0.0631830597148482,0.0880121544047458,0.0967499161367133,0.0966485158433126
"ORD-030174",2026-03-30,0,0.0969127712246978,0.0895659486814031,0.0952851294788659,0.0967499161367133,0.0966485158433126
"ORD-030178",2026-03-30,0,0.0969127712246978,0.118939074556306,0.103422447027059,0.100541500134285,0.102408918308548
"ORD-030185",2026-03-30,0,0.0969127712246978,0.0838262363593031,0.0938918063757176,0.0967499161367133,0.0966485158433126
"ORD-030195",2026-03-30,0,0.0969127712246978,0.0864421232746102,0.0945782295585687,0.0967499161367133,0.0966485158433126
"ORD-030200",2026-03-30,0,0.0969127712246978,0.0543781527522474,0.0859996451042329,0.0967499161367133,0.0966485158433126
"ORD-030215",2026-03-30,0,0.0969127712246978,0.070222639366794,0.0902112155982936,0.0967499161367133,0.0966485158433126
"ORD-030289",2026-03-30,0,0.0969127712246978,0.0919123284514003,0.0959419241662581,0.0967499161367133,0.0966485158433126
"ORD-030145",2026-03-30,0,0.0969127712246978,0.0658378241656828,0.0886926933098443,0.0967499161367133,0.0966485158433126
"ORD-030175",2026-03-30,0,0.0969127712246978,0.134175424253532,0.106752443996679,0.0989612395558877,0.101471725540576
"ORD-030238",2026-03-30,0,0.0969127712246978,0.0646709306905795,0.0883699909894402,0.0967499161367133,0.0966485158433126
"ORD-030241",2026-03-30,0,0.0969127712246978,0.072642531828041,0.0903000867890446,0.0967499161367133,0.0966485158433126
"ORD-030258",2026-03-30,0,0.0969127712246978,0.0658378241656828,0.0886926933098443,0.0967499161367133,0.0966485158433126
"ORD-030264",2026-03-30,0,0.0969127712246978,0.101942115224928,0.0978102632474621,0.0967499161367133,0.0966485158433126
"ORD-030287",2026-03-30,0,0.0969127712246978,0.086257729139884,0.0938331036656772,0.0967499161367133,0.0966485158433126
"ORD-030128",2026-03-30,0,0.0969127712246978,0.105930056426434,0.0990848195361432,0.0967499161367133,0.0966485158433126
"ORD-030131",2026-03-30,0,0.0969127712246978,0.0966983533075939,0.0964799398705857,0.0967499161367133,0.0966485158433126
"ORD-030133",2026-03-30,0,0.0969127712246978,0.0416886379040802,0.0828191428030554,0.0967499161367133,0.0966485158433126
"ORD-030135",2026-03-30,0,0.0969127712246978,0.0588896969788587,0.0870892299470534,0.0967499161367133,0.0966485158433126
"ORD-030149",2026-03-30,0,0.0969127712246978,0.0862867004212353,0.0937459701182881,0.0967499161367133,0.0966485158433126
"ORD-030168",2026-03-30,0,0.0969127712246978,0.115523299053194,0.101229621043856,0.0967499161367133,0.0966485158433126
"ORD-030198",2026-03-30,0,0.0969127712246978,0.0646709306905795,0.0883699909894402,0.0967499161367133,0.0966485158433126
"ORD-030249",2026-03-30,0,0.0969127712246978,0.0613315148203863,0.0874985785801703,0.0967499161367133,0.0966485158433126
"ORD-030254",2026-03-30,0,0.0969127712246978,0.0867982942639026,0.0940514519712742,0.0967499161367133,0.0966485158433126
"ORD-030278",2026-03-30,1,0.0969127712246978,0.0792707440035123,0.0920426594075798,0.0967499161367133,0.0966485158433126
"ORD-030279",2026-03-30,0,0.0969127712246978,0.086257729139884,0.0938331036656772,0.0967499161367133,0.0966485158433126
"ORD-030284",2026-03-30,0,0.0969127712246978,0.0731965471727907,0.090423962468863,0.0967499161367133,0.0966485158433126
"ORD-030144",2026-03-30,0,0.0969127712246978,0.0990586608935259,0.0969231851263058,0.0967499161367133,0.0966485158433126
"ORD-030196",2026-03-30,1,0.0969127712246978,0.109831294334196,0.099908238640856,0.0967499161367133,0.0966485158433126
"ORD-030212",2026-03-30,0,0.0969127712246978,0.128081484601857,0.104707484600998,0.100541500134285,0.102408918308548
"ORD-030242",2026-03-30,0,0.0969127712246978,0.083625789089765,0.0931842639018837,0.0967499161367133,0.0966485158433126
"ORD-030244",2026-03-30,0,0.0969127712246978,0.108622373870728,0.0998494699346457,0.0967499161367133,0.0966485158433126
"ORD-030251",2026-03-30,0,0.0969127712246978,0.0940877221400615,0.0957994057244797,0.0967499161367133,0.0966485158433126
"ORD-030259",2026-03-30,0,0.0969127712246978,0.134175424253532,0.106752443996679,0.0989612395558877,0.101471725540576
"ORD-030268",2026-03-30,1,0.0969127712246978,0.0940451898185155,0.0957548985239479,0.0967499161367133,0.0966485158433126
"ORD-030275",2026-03-30,0,0.0969127712246978,0.102022633122959,0.0979724505085675,0.0967499161367133,0.0966485158433126
"ORD-030277",2026-03-30,0,0.0969127712246978,0.135966165764775,0.107414797006702,0.0995408243258331,0.102132575198061
"ORD-030283",2026-03-30,0,0.0969127712246978,0.0792707440035123,0.0920426594075798,0.0967499161367133,0.0966485158433126
"ORD-030136",2026-03-30,0,0.0969127712246978,0.107267650088665,0.0993748515911436,0.0967499161367133,0.0966485158433126
"ORD-030148",2026-03-30,0,0.0969127712246978,0.108622373870728,0.0998494699346457,0.0967499161367133,0.0966485158433126
"ORD-030240",2026-03-30,0,0.0969127712246978,0.0461715124282393,0.0839010026166229,0.0967499161367133,0.0966485158433126
"ORD-030260",2026-03-30,0,0.0969127712246978,0.0826460509963818,0.0927307200874782,0.0967499161367133,0.0966485158433126
"ORD-030265",2026-03-30,1,0.0969127712246978,0.0930794266716703,0.0952987716556708,0.0967499161367133,0.0966485158433126
"ORD-030273",2026-03-30,0,0.0969127712246978,0.0859597353938357,0.0937768470408755,0.0967499161367133,0.0966485158433126
"ORD-030288",2026-03-30,0,0.0969127712246978,0.0903091873922021,0.0949274168774353,0.0967499161367133,0.0966485158433126
"ORD-030291",2026-03-30,0,0.0969127712246978,0.125471352300607,0.103709701890898,0.0967499161367133,0.0966485158433126
"ORD-030126",2026-03-30,0,0.0969127712246978,0.0862867004212353,0.0937459701182881,0.0967499161367133,0.0966485158433126
"ORD-030138",2026-03-30,0,0.0969127712246978,0.093351274872274,0.0957651141775523,0.0967499161367133,0.0966485158433126
"ORD-030169",2026-03-30,0,0.0969127712246978,0.0966983533075939,0.0964799398705857,0.0967499161367133,0.0966485158433126
"ORD-030190",2026-03-30,0,0.0969127712246978,0.0520782610521607,0.0852120224162965,0.0967499161367133,0.0956981529605399
"ORD-030191",2026-03-30,0,0.0969127712246978,0.0802146895472459,0.0921848325756192,0.0967499161367133,0.0966485158433126
"ORD-030194",2026-03-30,0,0.0969127712246978,0.0820551104187277,0.0940158285224332,0.0967499161367133,0.0966485158433126
"ORD-030202",2026-03-30,0,0.0969127712246978,0.115804866755017,0.102042905387996,0.0967499161367133,0.0966485158433126
"ORD-030204",2026-03-30,0,0.0969127712246978,0.0754986521516898,0.0909989352424591,0.0967499161367133,0.0966485158433126
"ORD-030221",2026-03-30,0,0.0969127712246978,0.0944580666353035,0.096006773603666,0.0967499161367133,0.0966485158433126
"ORD-030236",2026-03-30,0,0.0969127712246978,0.103207479922088,0.0983849451618022,0.0967499161367133,0.0966485158433126
"ORD-030245",2026-03-30,0,0.0969127712246978,0.105930056426434,0.0990848195361432,0.0967499161367133,0.0966485158433126
"ORD-030247",2026-03-30,0,0.0969127712246978,0.0990586608935259,0.0969231851263058,0.0967499161367133,0.0966485158433126
"ORD-030252",2026-03-30,0,0.0969127712246978,0.0792707440035123,0.0920426594075798,0.0967499161367133,0.0966485158433126
"ORD-030280",2026-03-30,0,0.0969127712246978,0.0930794266716703,0.0952987716556708,0.0967499161367133,0.0966485158433126
"ORD-030282",2026-03-30,0,0.0969127712246978,0.107267650088665,0.0993748515911436,0.0967499161367133,0.0966485158433126
"ORD-030132",2026-03-30,0,0.0969127712246978,0.0557621930178246,0.0865531118563425,0.0967499161367133,0.0966485158433126
"ORD-030137",2026-03-30,0,0.0969127712246978,0.0394363650106537,0.0823069412522029,0.0967499161367133,0.0966485158433126
"ORD-030159",2026-03-30,0,0.0969127712246978,0.091736886657573,0.0958179384001045,0.0967499161367133,0.0966485158433126
"ORD-030171",2026-03-30,0,0.0969127712246978,0.091736886657573,0.0958179384001045,0.0967499161367133,0.0966485158433126
"ORD-030187",2026-03-30,0,0.0969127712246978,0.0941565710212986,0.0965526170591316,0.0967499161367133,0.0966485158433126
"ORD-030208",2026-03-30,0,0.0969127712246978,0.0715561493936708,0.0904411335422489,0.0967499161367133,0.0966485158433126
"ORD-030211",2026-03-30,0,0.0969127712246978,0.0436880886828929,0.0833827184961804,0.0967499161367133,0.0966485158433126
"ORD-030232",2026-03-30,0,0.0969127712246978,0.0719792589527602,0.0907890943801467,0.0967499161367133,0.0966485158433126
"ORD-030285",2026-03-30,0,0.0969127712246978,0.103143143178441,0.0992433396872851,0.0967499161367133,0.0966485158433126
"ORD-030129",2026-03-30,0,0.0969127712246978,0.0940109723009067,0.0963329176538691,0.0967499161367133,0.0966485158433126
"ORD-030150",2026-03-30,0,0.0969127712246978,0.100571311283169,0.0984828232115665,0.0967499161367133,0.0966485158433126
"ORD-030152",2026-03-30,0,0.0969127712246978,0.0559935816954015,0.0864396410901062,0.0967499161367133,0.0966485158433126
"ORD-030155",2026-03-30,0,0.0969127712246978,0.0941565710212986,0.0965526170591316,0.0967499161367133,0.0966485158433126
"ORD-030199",2026-03-30,0,0.0969127712246978,0.0722518646423277,0.0907140092735604,0.0967499161367133,0.0966485158433126
"ORD-030217",2026-03-30,0,0.0969127712246978,0.100571311283169,0.0984828232115665,0.0967499161367133,0.0966485158433126
"ORD-030233",2026-03-30,0,0.0969127712246978,0.0557621930178246,0.0865531118563425,0.0967499161367133,0.0966485158433126
"ORD-030266",2026-03-30,0,0.0969127712246978,0.0823182692404456,0.0934768632344607,0.0967499161367133,0.0966485158433126
"ORD-030270",2026-03-30,0,0.0969127712246978,0.0818031056447055,0.093259711565213,0.0967499161367133,0.0966485158433126
"ORD-030272",2026-03-30,0,0.0969127712246978,0.0941565710212986,0.0965526170591316,0.0967499161367133,0.0966485158433126
"ORD-030158",2026-03-30,0,0.0969127712246978,0.0436880886828929,0.0833827184961804,0.0967499161367133,0.0966485158433126
"ORD-030165",2026-03-30,0,0.0969127712246978,0.0715561493936708,0.0904411335422489,0.0967499161367133,0.0966485158433126
"ORD-030166",2026-03-30,0,0.0969127712246978,0.0483526028136969,0.0844868837174689,0.0967499161367133,0.0966485158433126
"ORD-030167",2026-03-30,0,0.0969127712246978,0.046074439096105,0.0839369147566299,0.0967499161367133,0.0966485158433126
"ORD-030172",2026-03-30,0,0.0969127712246978,0.0941565710212986,0.0965526170591316,0.0967499161367133,0.0966485158433126
"ORD-030201",2026-03-30,0,0.0969127712246978,0.091736886657573,0.0958179384001045,0.0967499161367133,0.0966485158433126
"ORD-030203",2026-03-30,0,0.0969127712246978,0.0457870697258856,0.0839589514689533,0.0967499161367133,0.0966485158433126
"ORD-030281",2026-03-30,0,0.0969127712246978,0.0818307147472243,0.0931730557231484,0.0967499161367133,0.0966485158433126
"ORD-030290",2026-03-30,0,0.0969127712246978,0.0580823346300139,0.0869601805931631,0.0967499161367133,0.0966485158433126
"ORD-030292",2026-03-30,0,0.0969127712246978,0.0557621930178246,0.0865531118563425,0.0967499161367133,0.0966485158433126
"ORD-030163",2026-03-30,0,0.0969127712246978,0.0688380689753667,0.0897461459234371,0.0967499161367133,0.0966485158433126
"ORD-030182",2026-03-30,0,0.0969127712246978,0.0941565710212986,0.0965526170591316,0.0967499161367133,0.0966485158433126
"ORD-030188",2026-03-30,0,0.0969127712246978,0.0647758524070905,0.0885773178472714,0.0967499161367133,0.0966485158433126
"ORD-030189",2026-03-30,0,0.0969127712246978,0.103143143178441,0.0992433396872851,0.0967499161367133,0.0966485158433126
"ORD-030218",2026-03-30,0,0.0969127712246978,0.12759172602464,0.106109349293274,0.0989612395558877,0.101471725540576
"ORD-030219",2026-03-30,0,0.0969127712246978,0.0580823346300139,0.0869601805931631,0.0967499161367133,0.0966485158433126
"ORD-030223",2026-03-30,1,0.0969127712246978,0.0492935503893943,0.0846863883489521,0.0967499161367133,0.0956981529605399
"ORD-030237",2026-03-30,0,0.0969127712246978,0.104479227658455,0.099516302936503,0.0967499161367133,0.0966485158433126
"ORD-030239",2026-03-30,0,0.0969127712246978,0.101848947522918,0.0987712863455025,0.0967499161367133,0.0966485158433126
"ORD-030243",2026-03-30,0,0.0969127712246978,0.0856649494056746,0.0943480339302011,0.0967499161367133,0.0966485158433126
"ORD-030253",2026-03-30,0,0.0969127712246978,0.100571311283169,0.0984828232115665,0.0967499161367133,0.0966485158433126
"ORD-030262",2026-03-30,0,0.0969127712246978,0.104479227658455,0.099516302936503,0.0967499161367133,0.0966485158433126
"ORD-030263",2026-03-30,0,0.0969127712246978,0.046074439096105,0.0839369147566299,0.0967499161367133,0.0966485158433126
"ORD-030140",2026-03-30,0,0.0969127712246978,0.10039360566451,0.098391490765315,0.0967499161367133,0.0966485158433126
"ORD-030193",2026-03-30,0,0.0969127712246978,0.100971251878676,0.0986450689013604,0.0967499161367133,0.0966485158433126
"ORD-030162",2026-03-30,0,0.0969127712246978,0.115108517058419,0.102546559641504,0.0967499161367133,0.0966485158433126
"ORD-030170",2026-03-30,0,0.0969127712246978,0.059537836617422,0.087913620265366,0.0967499161367133,0.0966485158433126
"ORD-030184",2026-03-30,0,0.0969127712246978,0.059537836617422,0.087913620265366,0.0967499161367133,0.0966485158433126
"ORD-030246",2026-03-30,0,0.0969127712246978,0.0835044947943102,0.0938878269020269,0.0967499161367133,0.0966485158433126
"ORD-030257",2026-03-30,0,0.0969127712246978,0.108896918513794,0.100809653271671,0.0967499161367133,0.0966485158433126
"ORD-030267",2026-03-30,1,0.0969127712246978,0.098034489829104,0.0975893792610036,0.0967499161367133,0.0966485158433126
"ORD-030271",2026-03-30,0,0.0969127712246978,0.0783488731984607,0.0927039600637547,0.0967499161367133,0.0966485158433126
"ORD-030134",2026-03-30,0,0.0969127712246978,0.0647676672360156,0.089174492285878,0.0967499161367133,0.0966485158433126
"ORD-030156",2026-03-30,0,0.0969127712246978,0.0515120499118454,0.085805369030368,0.0967499161367133,0.0956981529605399
"ORD-030206",2026-03-30,0,0.0969127712246978,0.114350505473794,0.101922074459537,0.0967499161367133,0.0966485158433126
"ORD-030210",2026-03-30,0,0.0969127712246978,0.124211748938108,0.104417149175302,0.0967499161367133,0.0966485158433126
"ORD-030227",2026-03-30,0,0.0969127712246978,0.0654540595260483,0.0895377415969628,0.0967499161367133,0.0966485158433126
"ORD-030248",2026-03-30,0,0.0969127712246978,0.0515120499118454,0.085805369030368,0.0967499161367133,0.0956981529605399
"ORD-030269",2026-03-30,0,0.0969127712246978,0.0956733548481832,0.0970684046745831,0.0967499161367133,0.0966485158433126
"ORD-030298",2026-03-31,0,0.0969127712246978,0.127417176235345,0.104916560087008,0.0967499161367133,0.0966485158433126
"ORD-030312",2026-03-31,0,0.0969127712246978,0.0570061186634892,0.0885749139076978,0.0967499161367133,0.0966485158433126
"ORD-030326",2026-03-31,0,0.0969127712246978,0.0797735913754175,0.0934455703388865,0.0967499161367133,0.0966485158433126
"ORD-030330",2026-03-31,0,0.0969127712246978,0.0597909232271276,0.0891523143402611,0.0967499161367133,0.0966485158433126
"ORD-030331",2026-03-31,0,0.0969127712246978,0.0755050367824602,0.0926579416249094,0.0967499161367133,0.0966485158433126
"ORD-030351",2026-03-31,0,0.0969127712246978,0.112253970275614,0.101117758370093,0.0967499161367133,0.0966485158433126
"ORD-030365",2026-03-31,0,0.0969127712246978,0.115119559277373,0.101810232748547,0.0967499161367133,0.0966485158433126
"ORD-030386",2026-03-31,0,0.0969127712246978,0.0853286227640083,0.094801213174862,0.0967499161367133,0.0966485158433126
"ORD-030389",2026-03-31,0,0.0969127712246978,0.0888161623993207,0.0956873663857687,0.0967499161367133,0.0966485158433126
"ORD-030414",2026-03-31,0,0.0969127712246978,0.1227689146401,0.10383346524728,0.0967499161367133,0.0966485158433126
"ORD-030437",2026-03-31,0,0.0969127712246978,0.108122559901693,0.0998860881102198,0.0967499161367133,0.0966485158433126
"ORD-030462",2026-03-31,0,0.0969127712246978,0.118230872565249,0.10250477572759,0.0967499161367133,0.0966485158433126
"ORD-030300",2026-03-31,0,0.0969127712246978,0.109225607966425,0.100361735493268,0.0967499161367133,0.0966485158433126
"ORD-030329",2026-03-31,0,0.0969127712246978,0.120343723153716,0.102501625236751,0.0967499161367133,0.0966485158433126
"ORD-030357",2026-03-31,0,0.0969127712246978,0.0922113954736546,0.0965160919200562,0.0967499161367133,0.0966485158433126
"ORD-030376",2026-03-31,0,0.0969127712246978,0.0973049889440747,0.0976807857530283,0.0967499161367133,0.0966485158433126
"ORD-030383",2026-03-31,0,0.0969127712246978,0.115119559277373,0.101810232748547,0.0967499161367133,0.0966485158433126
"ORD-030384",2026-03-31,0,0.0969127712246978,0.1227689146401,0.10383346524728,0.0967499161367133,0.0966485158433126
"ORD-030387",2026-03-31,0,0.0969127712246978,0.127260500110897,0.105183316509916,0.0967499161367133,0.0966485158433126
"ORD-030406",2026-03-31,0,0.0969127712246978,0.0955041611290326,0.0985481160354211,0.0967499161367133,0.0966485158433126
"ORD-030417",2026-03-31,0,0.0969127712246978,0.124383586747897,0.104179969738241,0.0967499161367133,0.0966485158433126
"ORD-030421",2026-03-31,0,0.0969127712246978,0.0704814518779755,0.0916560663256339,0.0967499161367133,0.0966485158433126
"ORD-030424",2026-03-31,0,0.0969127712246978,0.115119559277373,0.101810232748547,0.0967499161367133,0.0966485158433126
"ORD-030436",2026-03-31,0,0.0969127712246978,0.087976073870705,0.0954010999729116,0.0967499161367133,0.0966485158433126
"ORD-030446",2026-03-31,0,0.0969127712246978,0.084691172343639,0.0946719650570014,0.0967499161367133,0.0966485158433126
"ORD-030450",2026-03-31,0,0.0969127712246978,0.120343723153716,0.102501625236751,0.0967499161367133,0.0966485158433126
"ORD-030463",2026-03-31,0,0.0969127712246978,0.0924597097483252,0.0965786732306329,0.0967499161367133,0.0966485158433126
"ORD-030465",2026-03-31,0,0.0969127712246978,0.108122559901693,0.0998860881102198,0.0967499161367133,0.0966485158433126
"ORD-030305",2026-03-31,0,0.0969127712246978,0.109697060118341,0.10062437998533,0.0967499161367133,0.0966485158433126
"ORD-030328",2026-03-31,0,0.0969127712246978,0.0853286227640083,0.094801213174862,0.0967499161367133,0.0966485158433126
"ORD-030335",2026-03-31,1,0.0969127712246978,0.118322560886317,0.102673861446613,0.0967499161367133,0.0966485158433126
"ORD-030336",2026-03-31,0,0.0969127712246978,0.134525708224592,0.106715828854786,0.0967499161367133,0.0966485158433126
"ORD-030344",2026-03-31,1,0.0969127712246978,0.104956418720098,0.0994988236940025,0.0967499161367133,0.0966485158433126
"ORD-030368",2026-03-31,0,0.0969127712246978,0.0566546170501026,0.0885980505087049,0.0967499161367133,0.0966485158433126
"ORD-030433",2026-03-31,0,0.0969127712246978,0.108122559901693,0.0998860881102198,0.0967499161367133,0.0966485158433126
"ORD-030439",2026-03-31,0,0.0969127712246978,0.127202070833937,0.104691760991126,0.0967499161367133,0.0966485158433126
"ORD-030460",2026-03-31,0,0.0969127712246978,0.0752575526678486,0.0929249339266265,0.0967499161367133,0.0966485158433126
"ORD-030472",2026-03-31,0,0.0969127712246978,0.100320320458528,0.0983575387477074,0.0967499161367133,0.0966485158433126
"ORD-030475",2026-03-31,0,0.0969127712246978,0.125828976146645,0.104630505576411,0.0967499161367133,0.0966485158433126
"ORD-030304",2026-03-31,0,0.0969127712246978,0.127260500110897,0.105183316509916,0.0967499161367133,0.0966485158433126
"ORD-030316",2026-03-31,0,0.0969127712246978,0.0884870206032776,0.0957661344501517,0.0967499161367133,0.0966485158433126
"ORD-030317",2026-03-31,0,0.0969127712246978,0.10093927851946,0.0985852699372076,0.0967499161367133,0.0966485158433126
"ORD-030327",2026-03-31,0,0.0969127712246978,0.102193376271486,0.0989680346707311,0.0967499161367133,0.0966485158433126
"ORD-030343",2026-03-31,0,0.0969127712246978,0.170602167070222,0.115327699430714,0.0967499161367133,0.0966485158433126
"ORD-030347",2026-03-31,0,0.0969127712246978,0.109697060118341,0.10062437998533,0.0967499161367133,0.0966485158433126
"ORD-030363",2026-03-31,0,0.0969127712246978,0.118230872565249,0.10250477572759,0.0967499161367133,0.0966485158433126
"ORD-030405",2026-03-31,1,0.0969127712246978,0.0764264846513998,0.0928563408368353,0.0967499161367133,0.0966485158433126
"ORD-030293",2026-03-31,0,0.0969127712246978,0.0999790605058279,0.0982988638005932,0.0967499161367133,0.0966485158433126
"ORD-030323",2026-03-31,1,0.0969127712246978,0.115119559277373,0.101810232748547,0.0967499161367133,0.0966485158433126
"ORD-030337",2026-03-31,0,0.0969127712246978,0.133659144334832,0.106068954575339,0.0967499161367133,0.0966485158433126
"ORD-030338",2026-03-31,0,0.0969127712246978,0.0703260244473713,0.0915486423064726,0.0967499161367133,0.0966485158433126
"ORD-030342",2026-03-31,0,0.0969127712246978,0.156742572999667,0.112512800558479,0.0995408243258331,0.102132575198061
"ORD-030348",2026-03-31,0,0.0969127712246978,0.0924597097483252,0.0965786732306329,0.0967499161367133,0.0966485158433126
"ORD-030350",2026-03-31,0,0.0969127712246978,0.106037873942911,0.0995663951265998,0.0967499161367133,0.0966485158433126
"ORD-030375",2026-03-31,0,0.0969127712246978,0.0999790605058279,0.0982988638005932,0.0967499161367133,0.0966485158433126
"ORD-030381",2026-03-31,0,0.0969127712246978,0.0961818098379165,0.0972077026324316,0.0967499161367133,0.0966485158433126
"ORD-030408",2026-03-31,0,0.0969127712246978,0.087976073870705,0.0954010999729116,0.0967499161367133,0.0966485158433126
"ORD-030412",2026-03-31,0,0.0969127712246978,0.0973049889440747,0.0976807857530283,0.0967499161367133,0.0966485158433126
"ORD-030425",2026-03-31,0,0.0969127712246978,0.109225607966425,0.100361735493268,0.0967499161367133,0.0966485158433126
"ORD-030447",2026-03-31,0,0.0969127712246978,0.118230872565249,0.10250477572759,0.0967499161367133,0.0966485158433126
"ORD-030319",2026-03-31,0,0.0969127712246978,0.12382424869663,0.102844685045793,0.0967499161367133,0.0966485158433126
"ORD-030322",2026-03-31,0,0.0969127712246978,0.0958951482569693,0.0968866804111311,0.0967499161367133,0.0966485158433126
"ORD-030332",2026-03-31,1,0.0969127712246978,0.132161551765401,0.105123010990402,0.0967499161367133,0.0966485158433126
"ORD-030373",2026-03-31,0,0.0969127712246978,0.0955425233687241,0.0969663298688195,0.0967499161367133,0.0966485158433126
"ORD-030385",2026-03-31,0,0.0969127712246978,0.0996362815766573,0.0976982423690377,0.0967499161367133,0.0966485158433126
"ORD-030392",2026-03-31,1,0.0969127712246978,0.120925249447254,0.102298835725494,0.0967499161367133,0.0966485158433126
"ORD-030411",2026-03-31,0,0.0969127712246978,0.166101895642121,0.113199186518157,0.0989612395558877,0.101471725540576
"ORD-030420",2026-03-31,0,0.0969127712246978,0.126716783904937,0.103685028247736,0.0967499161367133,0.0966485158433126
"ORD-030423",2026-03-31,0,0.0969127712246978,0.10378100034724,0.0984239980930643,0.0967499161367133,0.0966485158433126
"ORD-030427",2026-03-31,0,0.0969127712246978,0.135419587578819,0.105928780003176,0.0967499161367133,0.0966485158433126
"ORD-030435",2026-03-31,0,0.0969127712246978,0.144669480629801,0.108036856222062,0.0967499161367133,0.0966485158433126
"ORD-030456",2026-03-31,0,0.0969127712246978,0.113162078373232,0.100740587513943,0.0967499161367133,0.0966485158433126
"ORD-030464",2026-03-31,0,0.0969127712246978,0.117772987959203,0.101659977368266,0.0967499161367133,0.0966485158433126
"ORD-030296",2026-03-31,0,0.0969127712246978,0.132161551765401,0.105123010990402,0.0967499161367133,0.0966485158433126
"ORD-030302",2026-03-31,0,0.0969127712246978,0.137109852934225,0.106217962861993,0.0967499161367133,0.0966485158433126
"ORD-030307",2026-03-31,0,0.0969127712246978,0.114317284553687,0.100808907844754,0.0967499161367133,0.0966485158433126
"ORD-030318",2026-03-31,0,0.0969127712246978,0.100796188624286,0.0978482099595717,0.0967499161367133,0.0966485158433126
"ORD-030339",2026-03-31,0,0.0969127712246978,0.0830636330827553,0.0941637843160353,0.0967499161367133,0.0966485158433126
"ORD-030345",2026-03-31,0,0.0969127712246978,0.0613427786656845,0.0897173247432277,0.0967499161367133,0.0966485158433126
"ORD-030390",2026-03-31,0,0.0969127712246978,0.0830636330827553,0.0941637843160353,0.0967499161367133,0.0966485158433126
"ORD-030409",2026-03-31,0,0.0969127712246978,0.108242812462936,0.0994947446402424,0.0967499161367133,0.0966485158433126
"ORD-030416",2026-03-31,0,0.0969127712246978,0.132161551765401,0.105123010990402,0.0967499161367133,0.0966485158433126
"ORD-030428",2026-03-31,0,0.0969127712246978,0.124009700420233,0.103077541378973,0.0967499161367133,0.0966485158433126
"ORD-030429",2026-03-31,0,0.0969127712246978,0.0745608444330961,0.09237513122583,0.0967499161367133,0.0966485158433126
"ORD-030454",2026-03-31,0,0.0969127712246978,0.117721140059819,0.101613053399143,0.0967499161367133,0.0966485158433126
"ORD-030459",2026-03-31,0,0.0969127712246978,0.0585744635787768,0.0891054148233539,0.0967499161367133,0.0966485158433126
"ORD-030461",2026-03-31,0,0.0969127712246978,0.052954219998865,0.0879628904797339,0.0967499161367133,0.0966485158433126
"ORD-030471",2026-03-31,0,0.0969127712246978,0.0921577525435953,0.0959905994019113,0.0967499161367133,0.0966485158433126
"ORD-030303",2026-03-31,1,0.0969127712246978,0.0585744635787768,0.0891054148233539,0.0967499161367133,0.0966485158433126
"ORD-030308",2026-03-31,0,0.0969127712246978,0.109150765825892,0.0996572278995786,0.0967499161367133,0.0966485158433126
"ORD-030309",2026-03-31,0,0.0969127712246978,0.10378100034724,0.0984239980930643,0.0967499161367133,0.0966485158433126
"ORD-030324",2026-03-31,0,0.0969127712246978,0.127424435497723,0.103950676150869,0.0967499161367133,0.0966485158433126
"ORD-030333",2026-03-31,0,0.0969127712246978,0.0826074927630998,0.0940238609974149,0.0967499161367133,0.0966485158433126
"ORD-030356",2026-03-31,0,0.0969127712246978,0.0613427786656845,0.0897173247432277,0.0967499161367133,0.0966485158433126
"ORD-030366",2026-03-31,1,0.0969127712246978,0.135419587578819,0.105928780003176,0.0967499161367133,0.0966485158433126
"ORD-030378",2026-03-31,0,0.0969127712246978,0.118224394810378,0.10187860172629,0.0967499161367133,0.0966485158433126
"ORD-030396",2026-03-31,0,0.0969127712246978,0.0997972936595289,0.0977879505883506,0.0967499161367133,0.0966485158433126
"ORD-030407",2026-03-31,0,0.0969127712246978,0.137109852934225,0.106217962861993,0.0967499161367133,0.0966485158433126
"ORD-030431",2026-03-31,0,0.0969127712246978,0.137109852934225,0.106217962861993,0.0967499161367133,0.0966485158433126
"ORD-030441",2026-03-31,0,0.0969127712246978,0.182891394139898,0.11674140043553,0.0967499161367133,0.0966485158433126
"ORD-030452",2026-03-31,0,0.0969127712246978,0.0955425233687241,0.0969663298688195,0.0967499161367133,0.0966485158433126
"ORD-030310",2026-03-31,0,0.0969127712246978,0.103055916351737,0.0997793295399965,0.0967499161367133,0.0966485158433126
"ORD-030354",2026-03-31,0,0.0969127712246978,0.120925249447254,0.102298835725494,0.0967499161367133,0.0966485158433126
"ORD-030371",2026-03-31,0,0.0969127712246978,0.0949950821820626,0.0965972092901218,0.0967499161367133,0.0966485158433126
"ORD-030388",2026-03-31,0,0.0969127712246978,0.144669480629801,0.108036856222062,0.0967499161367133,0.0966485158433126
"ORD-030397",2026-03-31,0,0.0969127712246978,0.0834660741560798,0.0944048166231762,0.0967499161367133,0.0966485158433126
"ORD-030398",2026-03-31,0,0.0969127712246978,0.086200032355663,0.0946197263622807,0.0967499161367133,0.0966485158433126
"ORD-030401",2026-03-31,0,0.0969127712246978,0.0647208080443246,0.090277897097929,0.0967499161367133,0.0966485158433126
"ORD-030413",2026-03-31,0,0.0969127712246978,0.120953064112571,0.102377429746494,0.0967499161367133,0.0966485158433126
"ORD-030426",2026-03-31,0,0.0969127712246978,0.158823917001943,0.111046085226539,0.100541500134285,0.102408918308548
"ORD-030432",2026-03-31,1,0.0969127712246978,0.166101895642121,0.113199186518157,0.0989612395558877,0.101471725540576
"ORD-030438",2026-03-31,0,0.0969127712246978,0.120925249447254,0.102298835725494,0.0967499161367133,0.0966485158433126
"ORD-030458",2026-03-31,0,0.0969127712246978,0.0744424651408368,0.092471446459772,0.0967499161367133,0.0966485158433126
"ORD-030297",2026-03-31,1,0.0969127712246978,0.0914743870028925,0.0958599014453731,0.0967499161367133,0.0966485158433126
"ORD-030321",2026-03-31,0,0.0969127712246978,0.117721140059819,0.101613053399143,0.0967499161367133,0.0966485158433126
"ORD-030359",2026-03-31,0,0.0969127712246978,0.135419587578819,0.105928780003176,0.0967499161367133,0.0966485158433126
"ORD-030403",2026-03-31,1,0.0969127712246978,0.0617214638949896,0.0896939246186459,0.0967499161367133,0.0966485158433126
"ORD-030442",2026-03-31,0,0.0969127712246978,0.132161551765401,0.105123010990402,0.0967499161367133,0.0966485158433126
"ORD-030451",2026-03-31,1,0.0969127712246978,0.116875068290586,0.101623823794061,0.0967499161367133,0.0966485158433126
"ORD-030453",2026-03-31,1,0.0969127712246978,0.168235942314396,0.113896438556775,0.0995408243258331,0.102132575198061
"ORD-030473",2026-03-31,0,0.0969127712246978,0.0613427786656845,0.0897173247432277,0.0967499161367133,0.0966485158433126
"ORD-030306",2026-03-31,0,0.0969127712246978,0.125662328094737,0.104488584031296,0.0967499161367133,0.0966485158433126
"ORD-030325",2026-03-31,0,0.0969127712246978,0.10465972088961,0.0995958674737751,0.0967499161367133,0.0966485158433126
"ORD-030340",2026-03-31,0,0.0969127712246978,0.112321843158778,0.101261539425561,0.0967499161367133,0.0966485158433126
"ORD-030360",2026-03-31,0,0.0969127712246978,0.111890113761275,0.101044090262679,0.0967499161367133,0.0966485158433126
"ORD-030372",2026-03-31,0,0.0969127712246978,0.0584529116890015,0.0891433378409667,0.0967499161367133,0.0966485158433126
"ORD-030379",2026-03-31,0,0.0969127712246978,0.0787597447683441,0.0935885802020114,0.0967499161367133,0.0966485158433126
"ORD-030382",2026-03-31,0,0.0969127712246978,0.0992132272553766,0.0981393852984015,0.0967499161367133,0.0966485158433126
"ORD-030393",2026-03-31,1,0.0969127712246978,0.102780520303658,0.0988905311658304,0.0967499161367133,0.0966485158433126
"ORD-030400",2026-03-31,0,0.0969127712246978,0.077129672582524,0.093518409470215,0.0967499161367133,0.0966485158433126
"ORD-030430",2026-03-31,0,0.0969127712246978,0.0901337438787767,0.0960087159747725,0.0967499161367133,0.0966485158433126
"ORD-030440",2026-03-31,0,0.0969127712246978,0.0901337438787767,0.0960087159747725,0.0967499161367133,0.0966485158433126
"ORD-030443",2026-03-31,0,0.0969127712246978,0.0580930386776028,0.0891666083937744,0.0967499161367133,0.0966485158433126
"ORD-030470",2026-03-31,0,0.0969127712246978,0.072244042612472,0.092242262191555,0.0967499161367133,0.0966485158433126
"ORD-030474",2026-03-31,0,0.0969127712246978,0.0867759434403565,0.0952754262619723,0.0967499161367133,0.0966485158433126
"ORD-030294",2026-03-31,0,0.0969127712246978,0.114905424892057,0.101679516296336,0.0967499161367133,0.0966485158433126
"ORD-030313",2026-03-31,0,0.0969127712246978,0.127213631629926,0.104792593645201,0.0967499161367133,0.0966485158433126
"ORD-030346",2026-03-31,0,0.0969127712246978,0.087427586626502,0.0954054114176172,0.0967499161367133,0.0966485158433126
"ORD-030358",2026-03-31,0,0.0969127712246978,0.121125652155234,0.103322507442811,0.0967499161367133,0.0966485158433126
"ORD-030370",2026-03-31,0,0.0969127712246978,0.121032089891994,0.103152476314344,0.0967499161367133,0.0966485158433126
"ORD-030377",2026-03-31,0,0.0969127712246978,0.0901337438787767,0.0960087159747725,0.0967499161367133,0.0966485158433126
"ORD-030380",2026-03-31,1,0.0969127712246978,0.0619223452509717,0.0899718351082516,0.0967499161367133,0.0966485158433126
"ORD-030395",2026-03-31,0,0.0969127712246978,0.128783921365937,0.105290062315838,0.0967499161367133,0.0966485158433126
"ORD-030402",2026-03-31,0,0.0969127712246978,0.0956693633352147,0.0972529157055343,0.0967499161367133,0.0966485158433126
"ORD-030455",2026-03-31,0,0.0969127712246978,0.122502087811599,0.103754936542676,0.0967499161367133,0.0966485158433126
"ORD-030457",2026-03-31,0,0.0969127712246978,0.0956693633352147,0.0972529157055343,0.0967499161367133,0.0966485158433126
"ORD-030301",2026-03-31,0,0.0969127712246978,0.0787597447683441,0.0935885802020114,0.0967499161367133,0.0966485158433126
"ORD-030311",2026-03-31,0,0.0969127712246978,0.110714353967888,0.100519095136229,0.0967499161367133,0.0966485158433126
"ORD-030334",2026-03-31,0,0.0969127712246978,0.111840527397018,0.100997418612619,0.0967499161367133,0.0966485158433126
"ORD-030361",2026-03-31,0,0.0969127712246978,0.0624802311260606,0.0899347356476714,0.0967499161367133,0.0956981529605399
"ORD-030364",2026-03-31,0,0.0969127712246978,0.0978266581930171,0.0991735781653038,0.0967499161367133,0.0966485158433126
"ORD-030367",2026-03-31,0,0.0969127712246978,0.0944621808085421,0.0971300468711715,0.0967499161367133,0.0966485158433126
"ORD-030391",2026-03-31,0,0.0969127712246978,0.107481463807316,0.100129649522023,0.0967499161367133,0.0966485158433126
"ORD-030404",2026-03-31,0,0.0969127712246978,0.0985189912099931,0.0978255806798365,0.0967499161367133,0.0966485158433126
"ORD-030410",2026-03-31,0,0.0969127712246978,0.151242036626733,0.110380321169406,0.100541500134285,0.102408918308548
"ORD-030445",2026-03-31,1,0.0969127712246978,0.094715923782819,0.0971929834470408,0.0967499161367133,0.0966485158433126
"ORD-030448",2026-03-31,0,0.0969127712246978,0.0773827979801242,0.093249887289092,0.0967499161367133,0.0966485158433126
"ORD-030466",2026-03-31,0,0.0969127712246978,0.123188006212813,0.103149308204316,0.0967499161367133,0.0966485158433126
"ORD-030467",2026-03-31,0,0.0969127712246978,0.120448152262978,0.103058280204864,0.0967499161367133,0.0966485158433126
"ORD-030314",2026-03-31,0,0.0969127712246978,0.10465972088961,0.0995958674737751,0.0967499161367133,0.0966485158433126
"ORD-030341",2026-03-31,0,0.0969127712246978,0.117856913765637,0.102454045688577,0.0967499161367133,0.0966485158433126
"ORD-030352",2026-03-31,0,0.0969127712246978,0.0708390585349069,0.0917857485384266,0.0967499161367133,0.0966485158433126
"ORD-030374",2026-03-31,1,0.0969127712246978,0.0783252201816163,0.0934494234349138,0.0967499161367133,0.0966485158433126
"ORD-030415",2026-03-31,1,0.0969127712246978,0.127213631629926,0.104792593645201,0.0967499161367133,0.0966485158433126
"ORD-030418",2026-03-31,0,0.0969127712246978,0.0906559762877935,0.0963758276834873,0.0967499161367133,0.0966485158433126
"ORD-030419",2026-03-31,1,0.0969127712246978,0.0944621808085421,0.0971300468711715,0.0967499161367133,0.0966485158433126
"ORD-030468",2026-03-31,0,0.0969127712246978,0.125662328094737,0.104488584031296,0.0967499161367133,0.0966485158433126
"ORD-030320",2026-03-31,0,0.0969127712246978,0.107134977682252,0.100176653491762,0.0967499161367133,0.0966485158433126
"ORD-030349",2026-03-31,0,0.0969127712246978,0.112298158399012,0.101582368365874,0.0967499161367133,0.0966485158433126
"ORD-030353",2026-03-31,0,0.0969127712246978,0.119705037349523,0.102997764861777,0.0967499161367133,0.0966485158433126
"ORD-030355",2026-03-31,0,0.0969127712246978,0.0940085407156403,0.0972614041642012,0.0967499161367133,0.0966485158433126
"ORD-030469",2026-03-31,0,0.0969127712246978,0.112298158399012,0.101582368365874,0.0967499161367133,0.0966485158433126
"ORD-030476",2026-03-31,1,0.0969127712246978,0.119705037349523,0.102997764861777,0.0967499161367133,0.0966485158433126
"ORD-030295",2026-03-31,0,0.0969127712246978,0.108034764184967,0.100340126279303,0.0967499161367133,0.0966485158433126
"ORD-030299",2026-03-31,0,0.0969127712246978,0.0911977079493164,0.0966510695108167,0.0967499161367133,0.0966485158433126
"ORD-030362",2026-03-31,0,0.0969127712246978,0.081737979559825,0.0946722159893988,0.0967499161367133,0.0966485158433126
"ORD-030394",2026-03-31,0,0.0969127712246978,0.157289708736744,0.111797334826609,0.100541500134285,0.102408918308548
"ORD-030399",2026-03-31,0,0.0969127712246978,0.119705037349523,0.102997764861777,0.0967499161367133,0.0966485158433126
"ORD-030434",2026-03-31,0,0.0969127712246978,0.119732609575066,0.103076834198338,0.0967499161367133,0.0966485158433126
"ORD-030444",2026-03-31,0,0.0969127712246978,0.109084113898483,0.100890136003939,0.0967499161367133,0.0966485158433126
"ORD-030449",2026-03-31,0,0.0969127712246978,0.113155168081034,0.101498808402687,0.0967499161367133,0.0966485158433126
"ORD-030315",2026-03-31,0,0.0969127712246978,0.119705037349523,0.102997764861777,0.0967499161367133,0.0966485158433126
"ORD-030369",2026-03-31,0,0.0969127712246978,0.132450424235885,0.106146433445511,0.0967499161367133,0.0966485158433126
"ORD-030422",2026-03-31,1,0.0969127712246978,0.0911977079493164,0.0966510695108167,0.0967499161367133,0.0966485158433126
